#
# A fatal error has been detected by the Java Runtime Environment:
#
#  EXCEPTION_ACCESS_VIOLATION (0xc0000005) at pc=0x00007ffe04f8b829, pid=11684, tid=26676
#
# JRE version: Java(TM) SE Runtime Environment (21.0.10+8) (build 21.0.10+8-LTS-217)
# Java VM: Java HotSpot(TM) 64-Bit Server VM (21.0.10+8-LTS-217, mixed mode, sharing, tiered, compressed oops, compressed class ptrs, g1 gc, windows-amd64)
# Problematic frame:
# C  [nvoglv64.dll+0x94b829]
#
# No core dump will be written. Minidumps are not enabled by default on client versions of Windows
#
# If you would like to submit a bug report, please visit:
#   https://bugreport.java.com/bugreport/crash.jsp
# The crash happened outside the Java Virtual Machine in native code.
# See problematic frame for where to report the bug.
#

---------------  S U M M A R Y ------------

Command Line: -Dfile.encoding=UTF-8 -Duser.country=BR -Duser.language=pt -Duser.variant io.github.relichunter.lwjgl3.Lwjgl3Launcher

Host: AMD Ryzen 5 4600G with Radeon Graphics, 12 cores, 31G,  Windows 11 , 64 bit Build 26100 (10.0.26100.8328)
Time: Sat May 30 02:37:33 2026 Hora Padrão de Buenos Aires elapsed time: 12.086207 seconds (0d 0h 0m 12s)

---------------  T H R E A D  ---------------

Current thread (0x0000022e062057e0):  JavaThread "main"             [_thread_in_native, id=26676, stack(0x00000033b3e00000,0x00000033b3f00000) (1024K)]

Stack: [0x00000033b3e00000,0x00000033b3f00000],  sp=0x00000033b3eff160,  free space=1020k
Native frames: (J=compiled Java code, j=interpreted, Vv=VM code, C=native code)
C  [nvoglv64.dll+0x94b829]

Java frames: (J=compiled Java code, j=interpreted, Vv=VM code)
J 1573  org.lwjgl.opengl.GL11C.nglDrawElements(IIIJ)V (0 bytes) @ 0x0000022e17b64b26 [0x0000022e17b64ac0+0x0000000000000066]
J 1849 c2 com.badlogic.gdx.graphics.Mesh.render(Lcom/badlogic/gdx/graphics/glutils/ShaderProgram;IIIZ)V (324 bytes) @ 0x0000022e17b94b3c [0x0000022e17b94740+0x00000000000003fc]
J 1688 c1 com.badlogic.gdx.graphics.Mesh.render(Lcom/badlogic/gdx/graphics/glutils/ShaderProgram;III)V (14 bytes) @ 0x0000022e10309f44 [0x0000022e10309ec0+0x0000000000000084]
J 1684 c1 com.badlogic.gdx.graphics.g2d.SpriteBatch.flush()V (196 bytes) @ 0x0000022e10302624 [0x0000022e10301a80+0x0000000000000ba4]
J 1869 c1 com.badlogic.gdx.graphics.g2d.SpriteBatch.end()V (66 bytes) @ 0x0000022e1034d2bc [0x0000022e1034d1c0+0x00000000000000fc]
J 1888 c1 io.github.relichunter.screens.EndGameScreen.render(F)V (90 bytes) @ 0x0000022e10356404 [0x0000022e10355e20+0x00000000000005e4]
J 1810 c1 com.badlogic.gdx.backends.lwjgl3.Lwjgl3Window.update()Z (217 bytes) @ 0x0000022e10336254 [0x0000022e10335180+0x00000000000010d4]
j  com.badlogic.gdx.backends.lwjgl3.Lwjgl3Application.loop()V+111
j  com.badlogic.gdx.backends.lwjgl3.Lwjgl3Application.<init>(Lcom/badlogic/gdx/ApplicationListener;Lcom/badlogic/gdx/backends/lwjgl3/Lwjgl3ApplicationConfiguration;)V+269
j  io.github.relichunter.lwjgl3.Lwjgl3Launcher.createApplication()Lcom/badlogic/gdx/backends/lwjgl3/Lwjgl3Application;+14
j  io.github.relichunter.lwjgl3.Lwjgl3Launcher.main([Ljava/lang/String;)V+46
v  ~StubRoutines::call_stub 0x0000022e1754100d

siginfo: EXCEPTION_ACCESS_VIOLATION (0xc0000005), reading address 0x0000022e774a4e70


Registers:
RAX=0x000000083dbe0e92, RBX=0x0000000000000001, RCX=0x000020312e68eab4, RDX=0x000000083dbe0e92
RSP=0x00000033b3eff160, RBP=0x0000022e7bd400c0, RSI=0x0000000000000006, RDI=0x0000022e7bd400c0
R8 =0x0000000000000084, R9 =0x0000000000000000, R10=0x00000000546c6148, R11=0xfffffffffacf3f52
R12=0x0000000000001403, R13=0x0000000000001403, R14=0x0000022e774a4e70, R15=0x0000000000000004
RIP=0x00007ffe04f8b829, EFLAGS=0x0000000000010246


Register to memory mapping:

RAX=0x000000083dbe0e92 is an unknown value
RBX=0x0000000000000001 is an unknown value
RCX=0x000020312e68eab4 is an unknown value
RDX=0x000000083dbe0e92 is an unknown value
RSP=0x00000033b3eff160 is pointing into the stack for thread: 0x0000022e062057e0
RBP=0x0000022e7bd400c0 points into unknown readable memory: 0x0000000000000000 | 00 00 00 00 00 00 00 00
RSI=0x0000000000000006 is an unknown value
RDI=0x0000022e7bd400c0 points into unknown readable memory: 0x0000000000000000 | 00 00 00 00 00 00 00 00
R8 =0x0000000000000084 is an unknown value
R9 =0x0 is null
R10=0x00000000546c6148 is an unknown value
R11=0xfffffffffacf3f52 is an unknown value
R12=0x0000000000001403 is an unknown value
R13=0x0000000000001403 is an unknown value
R14=0x0000022e774a4e70 is an unknown value
R15=0x0000000000000004 is an unknown value

Top of Stack: (sp=0x00000033b3eff160)
0x00000033b3eff160:   0000000000000001 0000000000000000
0x00000033b3eff170:   0000022e062057e0 00000033b3eff278
0x00000033b3eff180:   0000000000000000 00007ffe04bd4d68
0x00000033b3eff190:   0000000000000001 0000022e7bd400c0
0x00000033b3eff1a0:   0000022e7daee264 0000000000000000
0x00000033b3eff1b0:   0000000000000000 00007ffdd91b0171
0x00000033b3eff1c0:   0000022e6eadd238 0000000000001403
0x00000033b3eff1d0:   0000022e7bd400c0 0000000000000000
0x00000033b3eff1e0:   0000022e774a4e70 00000033b3eff2f0
0x00000033b3eff1f0:   0000000000000004 0000000000000006
0x00000033b3eff200:   00000033b3eff300 00007ffe04be65d7
0x00000033b3eff210:   0000022e7bd42200 0000022e00000004
0x00000033b3eff220:   0000022e00000000 00007ffd00000000
0x00000033b3eff230:   0000003300000006 0000022e0000000c
0x00000033b3eff240:   0000022e774a4e70 0000022e00000000
0x00000033b3eff250:   0000000000000000 0000022e774915ec
0x00000033b3eff260:   0000022e062057e0 00000000c45674de
0x00000033b3eff270:   0000000000000000 0000022e774a4e70
0x00000033b3eff280:   0000000000000014 0000022e17b64bc1
0x00000033b3eff290:   0000000622e18e38 0000022e17b74bb7
0x00000033b3eff2a0:   0000000000000003 00000000c4590df6
0x00000033b3eff2b0:   0000000000001403 0000022e774a4e70
0x00000033b3eff2c0:   00000002c45674c0 0000000622b3d6a8
0x00000033b3eff2d0:   0000000000000000 0000022e782fde20
0x00000033b3eff2e0:   0000000622d3e150 0000022e062057e0
0x00000033b3eff2f0:   00000006233eb2c8 0000022e17b92db8
0x00000033b3eff300:   0000000622b3a780 0000022e17b94b3c
0x00000033b3eff310:   0000000622b3a560 00000006c45674f0
0x00000033b3eff320:   0000000400000000 0000000100000000
0x00000033b3eff330:   0000000600000006 0000000622b3a560
0x00000033b3eff340:   0000022e7daee30c 0000000622b3d6a8
0x00000033b3eff350:   00000033b3eff718 0000022e103099a4 

Instructions: (pc=0x00007ffe04f8b829)
0x00007ffe04f8b729:   23 d8 41 8b 82 08 06 00 00 41 8b cb 41 0b 8a 14
0x00007ffe04f8b739:   06 00 00 f7 d1 23 c8 c1 e8 14 a8 01 0f 85 0b 09
0x00007ffe04f8b749:   00 00 80 bd ac 0d 92 00 00 0f 85 fe 08 00 00 45
0x00007ffe04f8b759:   3b c8 0f 82 f5 08 00 00 85 f6 0f 8e ed 08 00 00
0x00007ffe04f8b769:   41 83 ff 0e 0f 87 e3 08 00 00 3b 95 28 10 92 00
0x00007ffe04f8b779:   0f 8f d7 08 00 00 41 83 ba 00 06 00 00 00 0f 85
0x00007ffe04f8b789:   c9 08 00 00 41 80 ba 29 06 00 00 00 0f 85 bb 08
0x00007ffe04f8b799:   00 00 41 80 ba 28 06 00 00 00 0f 85 ad 08 00 00
0x00007ffe04f8b7a9:   80 bd 35 e2 90 00 00 0f 85 a0 08 00 00 80 bd 3c
0x00007ffe04f8b7b9:   e2 90 00 00 0f 85 93 08 00 00 f7 c1 00 00 03 00
0x00007ffe04f8b7c9:   0f 85 87 08 00 00 44 0b d9 45 85 9a 48 08 00 00
0x00007ffe04f8b7d9:   0f 85 77 08 00 00 48 89 5c 24 78 48 8d 8d 80 11
0x00007ffe04f8b7e9:   92 00 bb 01 00 00 00 48 89 7c 24 70 8b d3 4c 89
0x00007ffe04f8b7f9:   6c 24 68 e8 7f a0 e7 ff 41 81 fc 05 14 00 00 75
0x00007ffe04f8b809:   16 41 8b 16 41 8b 4c b6 fc 3b d1 8b f9 0f 47 fa
0x00007ffe04f8b819:   0f 42 ca 2b f9 eb 57 41 81 fc 03 14 00 00 75 20
0x00007ffe04f8b829:   41 0f b7 16 41 0f b7 4c 76 fe 0f b7 c1 66 3b d1
0x00007ffe04f8b839:   66 0f 47 c2 66 0f 42 ca 0f b7 f8 0f b7 c1 eb 2c
0x00007ffe04f8b849:   41 81 fc 01 14 00 00 0f 85 bb 07 00 00 45 0f b6
0x00007ffe04f8b859:   06 42 0f b6 54 36 ff 44 3a c2 8b ca 41 0f 47 c8
0x00007ffe04f8b869:   0f b6 f9 8b ca 41 0f 42 c8 0f b6 c1 2b f8 48 8b
0x00007ffe04f8b879:   8c 24 b0 00 00 00 44 8d 6e ff e8 58 0c 00 00 48
0x00007ffe04f8b889:   8b 84 24 b0 00 00 00 44 8b 50 20 41 8b c2 0f af
0x00007ffe04f8b899:   c7 44 89 94 24 d0 00 00 00 3b 85 2c 10 92 00 0f
0x00007ffe04f8b8a9:   8f 63 07 00 00 0f 29 74 24 50 41 81 fc 05 14 00
0x00007ffe04f8b8b9:   00 0f 85 04 01 00 00 45 8b 3e 41 8b ff 49 8d 56
0x00007ffe04f8b8c9:   04 3b f3 0f 8e 7f 03 00 00 41 83 fd 08 0f 82 b3
0x00007ffe04f8b8d9:   00 00 00 83 3d 2d ed 32 02 02 0f 8c a6 00 00 00
0x00007ffe04f8b8e9:   41 8b c5 25 07 00 00 80 7d 07 ff c8 83 c8 f8 ff
0x00007ffe04f8b8f9:   c0 66 41 0f 6e cf 8b ce 66 0f 70 c9 00 2b c8 66
0x00007ffe04f8b909:   0f 6f d9 66 0f 6f e1 66 0f 6f d1 f3 0f 6f 02 83
0x00007ffe04f8b919:   c3 08 66 0f 38 3b c8 66 0f 38 3f d0 f3 0f 6f 42 


Stack slot to memory mapping:

stack at sp + 0 slots: 0x0000000000000001 is an unknown value
stack at sp + 1 slots: 0x0 is null
stack at sp + 2 slots: 0x0000022e062057e0 is a thread
stack at sp + 3 slots: 0x00000033b3eff278 is pointing into the stack for thread: 0x0000022e062057e0
stack at sp + 4 slots: 0x0 is null
stack at sp + 5 slots: 0x00007ffe04bd4d68 nvoglv64.dll
stack at sp + 6 slots: 0x0000000000000001 is an unknown value
stack at sp + 7 slots: 0x0000022e7bd400c0 points into unknown readable memory: 0x0000000000000000 | 00 00 00 00 00 00 00 00


Compiled method (n/a)   12177 1573     n 0       org.lwjgl.opengl.GL11C::nglDrawElements (native)
 total in heap  [0x0000022e17b64910,0x0000022e17b64cf0] = 992
 relocation     [0x0000022e17b64a70,0x0000022e17b64aa8] = 56
 main code      [0x0000022e17b64ac0,0x0000022e17b64ce5] = 549
 stub code      [0x0000022e17b64ce5,0x0000022e17b64ce8] = 3
 oops           [0x0000022e17b64ce8,0x0000022e17b64cf0] = 8

[Constant Pool (empty)]

[MachCode]
[Entry Point]
  # {method} {0x0000022e6eadc820} 'nglDrawElements' '(IIIJ)V' in 'org/lwjgl/opengl/GL11C'
  # parm0:    rdx       = int
  # parm1:    r8        = int
  # parm2:    r9        = int
  # parm3:    rdi:rdi   = long
  #           [sp+0x80]  (sp of caller)
  0x0000022e17b64ac0: 448b 5208 | 49bb 0000 | 002d 2e02 | 0000 4d03 | d349 3bc2 | 0f84 0600 

  0x0000022e17b64ad8: ;   {runtime_call ic_miss_stub}
  0x0000022e17b64ad8: 0000 e9a1 | 9ca2 ff90 
[Verified Entry Point]
  0x0000022e17b64ae0: 8984 2400 | 80ff ff55 | 488b ec48 | 83ec 7090 | 4181 7f20 | 0100 0000 

  0x0000022e17b64af8: ;   {runtime_call StubRoutines (final stubs)}
  0x0000022e17b64af8: 7405 e861 | 02a1 ff48 | 897c 2428 | 4c89 4c24 | 204d 8bc8 

  0x0000022e17b64b0c: ;   {oop(a 'java/lang/Class'{0x00000006233eb2c8} = 'org/lwjgl/opengl/GL11C')}
  0x0000022e17b64b0c: 4c8b c249 | bec8 b23e | 2306 0000 | 004c 8974 | 2460 4c8d | 7424 6049 | 8bd6 c5f8 

  0x0000022e17b64b28: ;   {internal_word}
  0x0000022e17b64b28: 7749 ba26 | 4bb6 172e | 0200 004d | 8997 a803 | 0000 4989 | a7a0 0300 

  0x0000022e17b64b40: ;   {external_word}
  0x0000022e17b64b40: 0049 baa3 | 189a d9fd | 7f00 0041 | 803a 000f | 844e 0000 | 0052 4150 

  0x0000022e17b64b58: ;   {metadata({method} {0x0000022e6eadc820} 'nglDrawElements' '(IIIJ)V' in 'org/lwjgl/opengl/GL11C')}
  0x0000022e17b64b58: 4151 48ba | 18c8 ad6e | 2e02 0000 | 498b cf48 | 83ec 2040 | f6c4 0f0f | 8419 0000 | 0048 83ec 
  0x0000022e17b64b78: ;   {runtime_call}
  0x0000022e17b64b78: 0848 b810 | 794a d9fd | 7f00 00ff | d048 83c4 | 08e9 0c00 

  0x0000022e17b64b8c: ;   {runtime_call}
  0x0000022e17b64b8c: 0000 48b8 | 1079 4ad9 | fd7f 0000 | ffd0 4883 | c420 4159 | 4158 5a49 | 8d8f c003 | 0000 41c7 
  0x0000022e17b64bac: 874c 0400 | 0004 0000 

  0x0000022e17b64bb4: ;   {runtime_call}
  0x0000022e17b64bb4: 0048 b8e0 | c61b 32fe | 7f00 00ff | d0c5 f877 | 41c7 874c | 0400 0005 | 0000 00f0 | 8344 24c0 
  0x0000022e17b64bd4: 0049 3baf | 5004 0000 | 0f87 0e00 | 0000 4183 | bf48 0400 | 0000 0f84 | 2300 0000 | c5f8 7749 
  0x0000022e17b64bf4: 8bcf 4c8b | e448 83ec | 2048 83e4 

  0x0000022e17b64c00: ;   {runtime_call}
  0x0000022e17b64c00: f048 b850 | 1b16 d9fd | 7f00 00ff | d049 8be4 | 4d33 e441 | c787 4c04 | 0000 0800 | 0000 4183 
  0x0000022e17b64c20: bfc8 0400 | 0002 0f84 | 9400 0000 

  0x0000022e17b64c2c: ;   {external_word}
  0x0000022e17b64c2c: 49ba a318 | 9ad9 fd7f | 0000 4180 | 3a00 0f84 | 4400 0000 

  0x0000022e17b64c40: ;   {metadata({method} {0x0000022e6eadc820} 'nglDrawElements' '(IIIJ)V' in 'org/lwjgl/opengl/GL11C')}
  0x0000022e17b64c40: 48ba 18c8 | ad6e 2e02 | 0000 498b | cf48 83ec | 2040 f6c4 | 0f0f 8419 | 0000 0048 

  0x0000022e17b64c5c: ;   {runtime_call}
  0x0000022e17b64c5c: 83ec 0848 | b810 794a | d9fd 7f00 | 00ff d048 | 83c4 08e9 | 0c00 0000 

  0x0000022e17b64c74: ;   {runtime_call}
  0x0000022e17b64c74: 48b8 1079 | 4ad9 fd7f | 0000 ffd0 | 4883 c420 | 49c7 87a0 | 0300 0000 | 0000 0049 | c787 a803 
  0x0000022e17b64c94: 0000 0000 | 0000 c5f8 | 7749 8b8f | 3004 0000 | c781 0001 | 0000 0000 | 0000 c949 | 837f 0800 
  0x0000022e17b64cb4: 0f85 0100 

  0x0000022e17b64cb8: ;   {runtime_call StubRoutines (initial stubs)}
  0x0000022e17b64cb8: 0000 c3e9 | 40c2 9dff | c5f8 774c | 8be4 4883 | ec20 4883 

  0x0000022e17b64ccc: ;   {runtime_call}
  0x0000022e17b64ccc: e4f0 48b8 | 70b0 4ad9 | fd7f 0000 | ffd0 498b | e44d 33e4 | e947 ffff | fff4 f4f4 
[/MachCode]


Compiled method (c2)   12182 1849       4       com.badlogic.gdx.graphics.Mesh::render (324 bytes)
 total in heap  [0x0000022e17b94210,0x0000022e17b99f98] = 23944
 relocation     [0x0000022e17b94370,0x0000022e17b94730] = 960
 main code      [0x0000022e17b94740,0x0000022e17b97940] = 12800
 stub code      [0x0000022e17b97940,0x0000022e17b979d0] = 144
 oops           [0x0000022e17b979d0,0x0000022e17b979d8] = 8
 metadata       [0x0000022e17b979d8,0x0000022e17b97bf8] = 544
 scopes data    [0x0000022e17b97bf8,0x0000022e17b993c0] = 6088
 scopes pcs     [0x0000022e17b993c0,0x0000022e17b99cf0] = 2352
 dependencies   [0x0000022e17b99cf0,0x0000022e17b99d30] = 64
 handler table  [0x0000022e17b99d30,0x0000022e17b99e20] = 240
 nul chk table  [0x0000022e17b99e20,0x0000022e17b99f98] = 376

[Constant Pool (empty)]

[MachCode]
[Entry Point]
  # {method} {0x0000022e6eb44e28} 'render' '(Lcom/badlogic/gdx/graphics/glutils/ShaderProgram;IIIZ)V' in 'com/badlogic/gdx/graphics/Mesh'
  # this:     rdx:rdx   = 'com/badlogic/gdx/graphics/Mesh'
  # parm0:    r8:r8     = 'com/badlogic/gdx/graphics/glutils/ShaderProgram'
  # parm1:    r9        = int
  # parm2:    rdi       = int
  # parm3:    rsi       = int
  # parm4:    rcx       = boolean
  #           [sp+0x90]  (sp of caller)
  0x0000022e17b94740: 448b 5208 | 49bb 0000 | 002d 2e02 | 0000 4d03 | d349 3bc2 

  0x0000022e17b94754: ;   {runtime_call ic_miss_stub}
  0x0000022e17b94754: 0f85 26a0 | 9fff 6690 | 0f1f 4000 
[Verified Entry Point]
  0x0000022e17b94760: 8984 2400 | 80ff ff55 | 4881 ec80 | 0000 0090 | 4181 7f20 | 0100 0000 | 0f85 b831 | 0000 897c 
  0x0000022e17b94780: 2418 4489 | 4c24 144c | 8944 2438 | 4c8b c285 | f60f 8495 | 1c00 0085 | c90f 84a5 | 1c00 0044 
  0x0000022e17b947a0: 8b52 1047 | 8b4c d408 | 4b8d 14d4 

  0x0000022e17b947ac: ;   {metadata('com/badlogic/gdx/graphics/glutils/VertexArray')}
  0x0000022e17b947ac: 4181 f9e0 | 4712 010f | 8450 0100 

  0x0000022e17b947b8: ;   {metadata('com/badlogic/gdx/graphics/glutils/VertexBufferObject')}
  0x0000022e17b947b8: 0041 81f9 | 485e 1301 | 0f85 761d | 0000 488b 

  0x0000022e17b947c8: ;   {oop(a 'java/lang/Class'{0x00000006219363a0} = 'com/badlogic/gdx/Gdx')}
  0x0000022e17b947c8: da49 baa0 | 6393 2106 | 0000 0041 | 8baa 8c00 | 0000 448b | 5b0c 458b 

  0x0000022e17b947e0: ;   {metadata('com/badlogic/gdx/backends/lwjgl3/Lwjgl3GL20')}
  0x0000022e17b947e0: 54ec 0841 | 81fa d802 | 1201 0f85 | 8c1d 0000 | 4889 1c24 | 4c89 4424 | 2889 4c24 | 1c89 7424 
  0x0000022e17b94800: 204d 8d14 | ec4c 8954 | 2440 ba92 | 8800 0045 | 8bc3 4c8b | 5424 3849 | 8bea 6690 

  0x0000022e17b9481c: ;   {static_call}
  0x0000022e17b9481c: c5f8 77e8 

  0x0000022e17b94820: ; ImmutableOopMap {rbp=Oop [0]=Oop [40]=Oop [56]=Oop [64]=Oop }
                      ;*invokestatic glBindBuffer {reexecute=0 rethrow=0 return_oop=0}
                      ; - org.lwjgl.opengl.GL15::glBindBuffer@2 (line 129)
                      ; - com.badlogic.gdx.backends.lwjgl3.Lwjgl3GL20::glBindBuffer@2 (line 80)
                      ; - com.badlogic.gdx.graphics.glutils.VertexBufferObject::bind@11 (line 183)
                      ; - com.badlogic.gdx.graphics.Mesh::bind@6 (line 515)
                      ; - com.badlogic.gdx.graphics.Mesh::bind@4 (line 505)
                      ; - com.badlogic.gdx.graphics.Mesh::render@13 (line 620)
  0x0000022e17b94820: 3ca5 feff 

  0x0000022e17b94824: ;   {other}
  0x0000022e17b94824: 0f1f 8400 | 1406 0000 | 4c8b 0c24 | 410f b669 | 1585 ed0f | 8493 2700 | 0045 8b51 | 1c47 8b44 
  0x0000022e17b94844: d41c 458b | 5120 41c1 | e002 478b 

  0x0000022e17b94850: ;   {metadata('java/nio/DirectByteBuffer')}
  0x0000022e17b94850: 5cd4 0841 | 81fb b00e | 1c00 0f85 | 601d 0000 | 4b8d 0cd4 | 8b69 2044 | 3bc5 0f8f | ac27 0000 
  0x0000022e17b94870: 4585 c00f | 8cff 2700 | 0044 8941 | 1c8b 6918 | 413b e80f | 8f5b 2800 | 008b 690c | 413b e80f 
  0x0000022e17b94890: 8fab 2800 | 0043 8b4c | d418 418b | 7910 442b | c145 85c0 | 0f8e 6626 | 0000 4c63 | c94f 034c 
  0x0000022e17b948b0: d410 4d63 | c0ba 9288 | 0000 4c8b | 5424 284c | 8954 2408 | 4c8b 5424 | 3849 8bea 

  0x0000022e17b948cc: ;   {static_call}
  0x0000022e17b948cc: c5f8 77e8 

  0x0000022e17b948d0: ; ImmutableOopMap {rbp=Oop [0]=Oop [8]=Oop [40]=Oop [56]=Oop }
                      ;*invokestatic nglBufferData {reexecute=0 rethrow=0 return_oop=0}
                      ; - org.lwjgl.opengl.GL15C::glBufferData@11 (line 267)
                      ; - org.lwjgl.opengl.GL15::glBufferData@3 (line 281)
                      ; - com.badlogic.gdx.backends.lwjgl3.Lwjgl3GL20::glBufferData@29 (line 119)
                      ; - com.badlogic.gdx.graphics.glutils.VertexBufferObject::bind@58 (line 186)
                      ; - com.badlogic.gdx.graphics.Mesh::bind@6 (line 515)
                      ; - com.badlogic.gdx.graphics.Mesh::bind@4 (line 505)
                      ; - com.badlogic.gdx.graphics.Mesh::render@13 (line 620)
  0x0000022e17b948d0: 8cc8 feff 

  0x0000022e17b948d4: ;   {other}
  0x0000022e17b948d4: 0f1f 8400 | c406 0001 | 488b 0c24 | 4488 6115 | 448b 5918 

  0x0000022e17b948e8: ; implicit exception: dispatches to 0x0000022e17b977c0
  0x0000022e17b948e8: 478b 54dc | 2043 8b5c | d40c 85db | 7644 4c8b | f548 85ed | 0f84 da24 | 0000 33ff | e926 0a00 
  0x0000022e17b94908: 004c 8944 | 2428 894c | 241c 8974 | 2420 4533 | c94c 8b44 | 2438 498b | e866 6690 

  0x0000022e17b94924: ;   {optimized virtual_call}
  0x0000022e17b94924: c5f8 77e8 

  0x0000022e17b94928: ; ImmutableOopMap {rbp=Oop [40]=Oop [56]=Oop }
                      ;*invokeinterface bind {reexecute=0 rethrow=0 return_oop=0}
                      ; - com.badlogic.gdx.graphics.Mesh::bind@6 (line 515)
                      ; - com.badlogic.gdx.graphics.Mesh::bind@4 (line 505)
                      ; - com.badlogic.gdx.graphics.Mesh::render@13 (line 620)
  0x0000022e17b94928: d488 ffff 

  0x0000022e17b9492c: ;   {other}
  0x0000022e17b9492c: 0f1f 8400 | 1c07 0002 | eb08 488b | 0c24 c641 | 1601 4c8b | 5424 2845 | 8b42 1845 | 85c0 0f85 
  0x0000022e17b9494c: 201b 0000 | 458b 4214 

  0x0000022e17b94954: ; implicit exception: dispatches to 0x0000022e17b974b0
  0x0000022e17b94954: 438b 4cc4 | 084f 8d0c 

  0x0000022e17b9495c: ;   {metadata('com/badlogic/gdx/graphics/glutils/IndexArray')}
  0x0000022e17b9495c: c481 f9d0 | 4c12 0174 

  0x0000022e17b94964: ;   {metadata('com/badlogic/gdx/graphics/glutils/IndexBufferObject')}
  0x0000022e17b94964: 5b81 f958 | 6113 010f | 85af 1c00 | 004d 8bd9 | 410f b66b | 1885 ed75 | 5dba 45ff | ffff 448b 
  0x0000022e17b94984: 4c24 1444 | 894c 2410 | 448b 4424 | 1844 8944 | 2414 448b | 4c24 2044 | 894c 2418 | 48ff 7424 
  0x0000022e17b949a4: 2848 8f44 | 2420 4c89 | 5c24 2890 

  0x0000022e17b949b0: ;   {runtime_call UncommonTrapBlob}
  0x0000022e17b949b0: c5f8 77e8 

  0x0000022e17b949b4: ; ImmutableOopMap {[32]=Oop [40]=Oop [56]=Oop }
                      ;*ifeq {reexecute=1 rethrow=0 return_oop=0}
                      ; - (reexecute) com.badlogic.gdx.graphics.glutils.IndexBufferObject::getNumIndices@4 (line 105)
                      ; - com.badlogic.gdx.graphics.Mesh::bind@45 (line 517)
                      ; - com.badlogic.gdx.graphics.Mesh::bind@4 (line 505)
                      ; - com.badlogic.gdx.graphics.Mesh::render@13 (line 620)
  0x0000022e17b949b4: 48fc 9fff 

  0x0000022e17b949b8: ;   {other}
  0x0000022e17b949b8: 0f1f 8400 | a807 0003 | 4d8b d941 | 0fb6 6b0c | 85ed 0f85 | 3020 0000 | 453b 6310 | 0f84 2619 
  0x0000022e17b949d8: ;   {oop(a 'java/lang/Class'{0x00000006219363a0} = 'com/badlogic/gdx/Gdx')}
  0x0000022e17b949d8: 0000 49bb | a063 9321 | 0600 0000 | 418b 9b8c | 0000 0045 | 0fb6 5a0d | 4585 db75 | 6441 0fb6 
  0x0000022e17b949f8: 6a0e 85ed | 0f85 6a25 

  0x0000022e17b94a00: ;   {metadata('com/badlogic/gdx/graphics/glutils/IndexBufferObject')}
  0x0000022e17b94a00: 0000 81f9 | 5861 1301 | 0f85 ce1a | 0000 410f | b669 1885 | ed0f 847d | 2500 0045 | 8b44 dc08 
  0x0000022e17b94a20: ;   {metadata('com/badlogic/gdx/backends/lwjgl3/Lwjgl3GL20')}
  0x0000022e17b94a20: 4181 f8d8 | 0212 010f | 85df 1a00 | 0048 ff74 | 2428 488f | 0424 8b54 | 2414 448b | 4424 1844 
  0x0000022e17b94a40: 8b4c 2420 

  0x0000022e17b94a44: ;   {static_call}
  0x0000022e17b94a44: c5f8 77e8 

  0x0000022e17b94a48: ; ImmutableOopMap {[0]=Oop [40]=Oop [56]=Oop }
                      ;*invokestatic glDrawArrays {reexecute=0 rethrow=0 return_oop=0}
                      ; - org.lwjgl.opengl.GL11::glDrawArrays@3 (line 1826)
                      ; - com.badlogic.gdx.backends.lwjgl3.Lwjgl3GL20::glDrawArrays@3 (line 275)
                      ; - com.badlogic.gdx.graphics.Mesh::render@308 (line 652)
  0x0000022e17b94a48: 14cb feff 

  0x0000022e17b94a4c: ;   {other}
  0x0000022e17b94a4c: 0f1f 8400 | 3c08 0004 | e94d 0100 

  0x0000022e17b94a58: ;   {metadata('com/badlogic/gdx/graphics/glutils/IndexArray')}
  0x0000022e17b94a58: 0081 f9d0 | 4c12 010f | 85cb 1800 | 0041 0fb6 | 690c 85ed | 0f85 c21f | 0000 458b | 5910 478b 
  0x0000022e17b94a78: 44dc 1c45 | 85c0 0f8e | fc1e 0000 | 478b 4cdc | 188b 7c24 | 1841 3bf8 | 0f8f ca1f | 0000 85ff 
  0x0000022e17b94a98: 0f8c 0e20 | 0000 438b | 44dc 0c3b | c70f 8f49 | 2000 0043 | 897c dc18 

  0x0000022e17b94ab0: ; implicit exception: dispatches to 0x0000022e17b97724
  0x0000022e17b94ab0: 418b 54dc 

  0x0000022e17b94ab4: ;   {metadata('com/badlogic/gdx/backends/lwjgl3/Lwjgl3GL20')}
  0x0000022e17b94ab4: 0881 fad8 | 0212 010f | 859f 1800 | 0043 8b4c | dc20 8bef | 036c 2420 | 3be9 0f8f | 6c20 0000 
  0x0000022e17b94ad4: 85ed 0f8c | a420 0000 | 4389 6cdc | 1c3b fd0f | 8fd3 2000 | 003b c50f | 8f07 2100 | 008b 4c24 
  0x0000022e17b94af4: 2085 c90f | 8eb3 1e00 | 0044 894c | 2418 4489 | 4424 0c48 | ff74 2428 | 488f 0424 | 4f8b 44dc 
  0x0000022e17b94b14: 1044 8bd7 | 4b8d 3c50 | 4b8d 2cdc | 4489 5c24 | 0841 b903 | 1400 008b | 5424 1444 | 8b44 2420 
  0x0000022e17b94b34: ;   {static_call}
  0x0000022e17b94b34: c5f8 77e8 

  0x0000022e17b94b38: ; ImmutableOopMap {rbp=Oop [0]=Oop [8]=NarrowOop [40]=Oop [56]=Oop }
                      ;*invokestatic nglDrawElements {reexecute=0 rethrow=0 return_oop=0}
                      ; - org.lwjgl.opengl.GL11C::glDrawElements@12 (line 586)
                      ; - org.lwjgl.opengl.GL11::glDrawElements@2 (line 1913)
                      ; - com.badlogic.gdx.backends.lwjgl3.Lwjgl3GL20::glDrawElements@49 (line 284)
                      ; - com.badlogic.gdx.graphics.Mesh::render@79 (line 628)
  0x0000022e17b94b38: a4ff fcff 

  0x0000022e17b94b3c: ;   {other}
  0x0000022e17b94b3c: 0f1f 8400 | 2c09 0005 | 448b 4c24 | 0843 8b6c | cc20 8b4c | 240c 3bcd | 0f8f de20 | 0000 85c9 
  0x0000022e17b94b5c: 0f8c 0621 | 0000 4389 | 4ccc 1c43 | 8b6c cc18 | 3be9 0f8f | 2c21 0000 | 438b 6ccc | 0c3b e90f 
  0x0000022e17b94b7c: 8f4f 2100 | 0044 8b5c | 2418 443b | d90f 8f71 | 2100 0045 | 85db 0f8c | 9021 0000 | 413b eb0f 
  0x0000022e17b94b9c: 8fa3 2100 | 0047 895c | cc18 4c8b | 1424 458b | 5210 478b | 44d4 084f 

  0x0000022e17b94bb4: ;   {metadata('com/badlogic/gdx/graphics/glutils/VertexArray')}
  0x0000022e17b94bb4: 8d1c d441 | 81f8 e047 | 1201 744f 

  0x0000022e17b94bc0: ;   {metadata('com/badlogic/gdx/graphics/glutils/VertexBufferObject')}
  0x0000022e17b94bc0: 4181 f848 | 5e13 010f | 8597 1a00 | 004c 895c | 2410 458b | 5318 478b | 5cd4 2043 | 8b7c dc0c 
  0x0000022e17b94be0: ;   {oop(a 'java/lang/Class'{0x00000006219363a0} = 'com/badlogic/gdx/Gdx')}
  0x0000022e17b94be0: 49ba a063 | 9321 0600 | 0000 458b | 9a8c 0000 | 0085 ff0f | 86fe 0000 | 0048 8b4c | 2438 4885 
  0x0000022e17b94c00: c90f 842d | 2200 0045 | 33c0 e9e6 | 0b00 004c | 895c 2410 | 458b 5310 

  0x0000022e17b94c18: ; implicit exception: dispatches to 0x0000022e17b976dc
  0x0000022e17b94c18: 478b 5cd4 | 2043 8b74 | dc0c 85f6 | 0f86 bd00 | 0000 488b | 4c24 3848 | 85c9 0f84 | cc17 0000 
  0x0000022e17b94c38: 4533 c9e9 | 7f01 0000 | 33ed e95c | 0500 0066 | 0f1f 8400 | 0000 0000 | c4e1 f97e | c1c5 f97e 
  0x0000022e17b94c58: d6c4 c179 | 7ec9 4585 | d20f 8c11 | 1200 00c4 | 4179 7ef0 | 478b 5cc4 | 2447 8b44 | dc0c 453b 
  0x0000022e17b94c78: d00f 83cd | 1000 0049 | c1e3 0343 | 8b54 9310 | 83fa fe0f | 842f 1200 | 0083 faff | 0f84 6e12 
  0x0000022e17b94c98: 0000 c4c1 | 797e e247 | 8b44 d408 

  0x0000022e17b94ca4: ;   {metadata('com/badlogic/gdx/backends/lwjgl3/Lwjgl3GL20')}
  0x0000022e17b94ca4: 4181 f8d8 | 0212 010f | 85e7 1000 | 0044 894c | 240c 8974 | 2408 4889 | 4c24 3848 | 8be9 6690 
  0x0000022e17b94cc4: ;   {static_call}
  0x0000022e17b94cc4: c5f8 77e8 

  0x0000022e17b94cc8: ; ImmutableOopMap {rbp=Oop [0]=Oop [16]=Oop [56]=Oop }
                      ;*invokestatic glDisableVertexAttribArray {reexecute=0 rethrow=0 return_oop=0}
                      ; - org.lwjgl.opengl.GL20::glDisableVertexAttribArray@1 (line 1948)
                      ; - com.badlogic.gdx.backends.lwjgl3.Lwjgl3GL20::glDisableVertexAttribArray@1 (line 271)
                      ; - com.badlogic.gdx.graphics.glutils.ShaderProgram::disableVertexAttribute@22 (line 731)
                      ; - com.badlogic.gdx.graphics.glutils.VertexArray::unbind@34 (line 166)
                      ; - com.badlogic.gdx.graphics.Mesh::unbind@6 (line 535)
                      ; - com.badlogic.gdx.graphics.Mesh::unbind@4 (line 525)
                      ; - com.badlogic.gdx.graphics.Mesh::render@320 (line 657)
  0x0000022e17b94cc8: 1425 fcff 

  0x0000022e17b94ccc: ;   {other}
  0x0000022e17b94ccc: 0f1f 8400 | bc0a 0006 | 448b 4c24 | 0c41 ffc1 | 443b 4c24 | 080f 8cd1 | 0000 004c | 8b54 2410 
  0x0000022e17b94cec: 4588 620c | eb3b 448b | 5c24 2c47 | 8b44 dc08 

  0x0000022e17b94cfc: ;   {metadata('com/badlogic/gdx/backends/lwjgl3/Lwjgl3GL20')}
  0x0000022e17b94cfc: 4181 f8d8 | 0212 010f | 857b 1900 | 00ba 9288 | 0000 4533 | c066 6690 

  0x0000022e17b94d14: ;   {static_call}
  0x0000022e17b94d14: c5f8 77e8 

  0x0000022e17b94d18: ; ImmutableOopMap {[0]=Oop [16]=Oop [56]=Oop }
                      ;*invokestatic glBindBuffer {reexecute=0 rethrow=0 return_oop=0}
                      ; - org.lwjgl.opengl.GL15::glBindBuffer@2 (line 129)
                      ; - com.badlogic.gdx.backends.lwjgl3.Lwjgl3GL20::glBindBuffer@2 (line 80)
                      ; - com.badlogic.gdx.graphics.glutils.VertexBufferObject::unbind@89 (line 238)
                      ; - com.badlogic.gdx.graphics.Mesh::unbind@6 (line 535)
                      ; - com.badlogic.gdx.graphics.Mesh::unbind@4 (line 525)
                      ; - com.badlogic.gdx.graphics.Mesh::render@320 (line 657)
  0x0000022e17b94d18: 44a0 feff 

  0x0000022e17b94d1c: ;   {other}
  0x0000022e17b94d1c: 0f1f 8400 | 0c0b 0007 | 4c8b 5424 | 1045 8862 | 164c 8b14 | 2445 8b52 | 1845 85d2 | 0f85 7e17 
  0x0000022e17b94d3c: 0000 4c8b | 1424 458b | 5a14 478b | 54dc 084f 

  0x0000022e17b94d4c: ;   {metadata('com/badlogic/gdx/graphics/glutils/IndexArray')}
  0x0000022e17b94d4c: 8d04 dc41 | 81fa d04c | 1201 7430 

  0x0000022e17b94d58: ;   {metadata('com/badlogic/gdx/graphics/glutils/IndexBufferObject')}
  0x0000022e17b94d58: 4181 fa58 | 6113 010f | 8547 1900 | 0041 0fb6 | 6818 85ed | 7531 ba45 | ffff ff4c | 8944 2408 
  0x0000022e17b94d78: ;   {runtime_call UncommonTrapBlob}
  0x0000022e17b94d78: c5f8 77e8 

  0x0000022e17b94d7c: ; ImmutableOopMap {[0]=Oop [8]=Oop }
                      ;*ifeq {reexecute=1 rethrow=0 return_oop=0}
                      ; - (reexecute) com.badlogic.gdx.graphics.glutils.IndexBufferObject::getNumIndices@4 (line 105)
                      ; - com.badlogic.gdx.graphics.Mesh::unbind@45 (line 537)
                      ; - com.badlogic.gdx.graphics.Mesh::unbind@4 (line 525)
                      ; - com.badlogic.gdx.graphics.Mesh::render@320 (line 657)
  0x0000022e17b94d7c: 80f8 9fff 

  0x0000022e17b94d80: ;   {other}
  0x0000022e17b94d80: 0f1f 8400 | 700b 0008 | 410f b668 | 0c85 ed0f | 85db 1f00 | 0045 3b60 | 100f 8479 | 1500 00c5 
  0x0000022e17b94da0: f877 4881 | c480 0000 

  0x0000022e17b94da8: ;   {poll_return}
  0x0000022e17b94da8: 005d 493b | a750 0400 | 000f 8769 | 2b00 00c3 | 488b cd8b | 7424 084c | 8b54 2410 | 458b 5210 
  0x0000022e17b94dc8: ; implicit exception: dispatches to 0x0000022e17b973ec
  0x0000022e17b94dc8: 478b 54d4 | 2047 8b44 | d40c 453b | c80f 83e2 | 0e00 0049 | c1e2 0347 | 8b54 8a10 

  0x0000022e17b94de4: ; implicit exception: dispatches to 0x0000022e17b9741c
  0x0000022e17b94de4: 478b 74d4 

  0x0000022e17b94de8: ;   {oop(a 'java/lang/Class'{0x00000006219363a0} = 'com/badlogic/gdx/Gdx')}
  0x0000022e17b94de8: 2849 baa0 | 6393 2106 | 0000 0045 | 8b92 8c00 | 0000 440f | b641 1d45 | 85c0 0f85 | 2810 0000 
  0x0000022e17b94e08: 448b 5934 | c441 796e | f347 8b6c | dc20 438b | 5cf4 0c47 | 0fbe 44f4 | 1047 8b5c | f414 85db 
  0x0000022e17b94e28: 0f85 0802 | 0000 430f | b67c f411 | 85ff 0f85 | f10d 0000 | 4585 c00f | 8543 1f00 | 0043 8b54 
  0x0000022e17b94e48: dc0c 4b8d | 1cdc 4b8d | 7cdc 1083 | fa02 0f8c | e60d 0000 | 418b e9c5 | f96e c648 | 8bf1 33db 
  0x0000022e17b94e68: 83fa 200f | 8c64 0100 | 0033 c9c5 | cdef f6c4 | 413d efc0 | c441 35ef | c9c4 412d 

  0x0000022e17b94e84: ;   {external_word}
  0x0000022e17b94e84: efd2 48b8 | 6037 7cd9 | fd7f 0000 | 448b 08c4 | c179 6ec9 | c4e2 7d58 | c98b c283 | e0e0 410f 
  0x0000022e17b94ea4: afd9 c57a | 7e24 0fc5 | 7a7e 5c0f | 08c5 7a7e | 6c0f 10c5 | fa7e 7c0f | 18c4 e24d | 40f1 c442 
  0x0000022e17b94ec4: 7d31 e4c4 | c14d fef4 | c462 3d40 | c1c4 427d | 31db c441 | 3dfe c3c4 | 6235 40c9 | c442 7d31 
  0x0000022e17b94ee4: edc4 4135 | fecd c462 | 2d40 d1c4 | e27d 31ff | c52d fed7 | 83c1 203b | c87c a348 | 8d3c 072b 
  0x0000022e17b94f04: ;   {external_word}
  0x0000022e17b94f04: d048 b864 | 377c d9fd | 7f00 00c5 | fe6f 10c4 | e24d 40f2 

  0x0000022e17b94f18: ;   {external_word}
  0x0000022e17b94f18: 48b8 8437 | 7cd9 fd7f | 0000 c5fe | 6f18 c462 

  0x0000022e17b94f28: ;   {external_word}
  0x0000022e17b94f28: 3d40 c348 | b8a4 377c | d9fd 7f00 | 00c5 fe6f | 28c4 6235 

  0x0000022e17b94f3c: ;   {external_word}
  0x0000022e17b94f3c: 40cd 48b8 | c437 7cd9 | fd7f 0000 | c5fe 6f20 | c462 2d40 | d4c4 624d | 02e6 c443 | 7d39 e301 
  0x0000022e17b94f5c: c441 19fe | e3c4 4219 | 02e4 c579 | 6edb c441 | 19fe e3c5 | 797e e3c4 | 423d 02e8 | c463 7d39 
  0x0000022e17b94f7c: ef01 c511 | feef c442 | 1102 edc5 | f96e fbc5 | 11fe efc5 | 797e ebc4 | 4235 02e1 | c443 7d39 
  0x0000022e17b94f9c: e301 c441 | 19fe e3c4 | 4219 02e4 | c579 6edb | c441 19fe | e3c5 797e | e3c4 422d | 02ea c463 
  0x0000022e17b94fbc: 7d39 ef01 | c511 feef | c442 1102 | edc5 f96e | fbc5 11fe | efc5 797e | ebb9 0100 | 0000 3bca 
  0x0000022e17b94fdc: 0f8d 2b00 | 0000 41b9 | c103 0000 | 410f afd9 | 0fb6 440f | ff44 8bc8 | 41c1 e105 | 442b c841 
  0x0000022e17b94ffc: 03d9 440f | b60c 0f41 | 03d9 83c1 | 023b ca7c | d57f 108b | c3c1 e305 | 2bd8 440f | b64c 0fff 
  0x0000022e17b9501c: 4103 d985 | db0f 847f | 0c00 0048 | 8bce c5f9 | 7ec6 448b | cd43 895c | f40c c4c1 | 796e e2c4 
  0x0000022e17b9503c: ;   {no_reloc}
  0x0000022e17b9503c: 4179 7ef2 | 478b 54d4 | 1848 63db | 48bf 157c | 4a7f b979 | 379e 480f | afdf c462 | abf7 d345 
  0x0000022e17b9505c: 8bd2 438b | 7cec 0c44 | 3bd7 0f83 | 8c0c 0000 | 4b8d 1cec | 428b 5c93 | 1085 db0f | 849f 0b00 
  0x0000022e17b9507c: 00c4 c179 | 6ec9 c5f9 | 6ed6 c4e1 | f96e c141 | 8b4c dc08 

  0x0000022e17b95090: ;   {metadata('java/lang/String')}
  0x0000022e17b95090: 81f9 58e5 | 0000 0f85 | 380d 0000 | 48c1 e303 | 4f8d 0cf4 | 493b d90f | 84a3 fbff | ff0f be4b 
  0x0000022e17b950b0: 1041 3bc8 | 0f85 ea12 | 0000 478b | 4cdc 0c44 | 8b43 1443 | 8b4c c40c | 413b c90f | 856f fbff 
  0x0000022e17b950d0: ff4f 8d0c | c44b 8d7c | c410 4f8d | 04dc 4b8d | 74dc 1085 | c90f 849d | 0000 008b | c183 e01f 
  0x0000022e17b950f0: 83e1 e00f | 844b 0000 | 0048 8d3c | 0f48 8d34 | 0e48 f7d9 | c5fe 6f2c | 0fc5 fe6f | 1c0e c5d5 
  0x0000022e17b95110: efeb c4e2 | 7d17 ed0f | 8572 0000 | 0048 83c1 | 2075 e185 | c00f 845d | 0000 00c5 | fe6f 6c07 
  0x0000022e17b95130: e0c5 fe6f | 5c06 e0c5 | d5ef ebc4 | e27d 17ed | 754d eb44 | 8bc8 83e1 | fc74 1948 | 8d3c 0f48 
  0x0000022e17b95150: 8d34 0e48 | f7d9 8b1c | 0f3b 1c0e | 7531 4883 | c104 75f2 | a802 7412 | 0fb7 1f0f | b70e 3bd9 
  0x0000022e17b95170: 751d 488d | 7f02 488d | 7602 a801 | 740a 0fb6 | 1f0f b60e | 3bd9 7507 | b801 0000 

  0x0000022e17b9518c: ;   {no_reloc}
  0x0000022e17b9518c: 00eb 0233 | c0c5 d5ef | edc5 e5ef | db85 c00f | 85af faff | ff8b e8ba | 45ff ffff | c5fb 1144 
  0x0000022e17b951ac: 2418 c5fa | 1154 2420 | c5fa 114c | 2424 c5fb | 1144 2430 | c5fa 1164 | 2438 c57a | 1174 2440 
  0x0000022e17b951cc: 4489 7424 | 4444 896c | 2448 4489 | 5424 4c90 

  0x0000022e17b951dc: ;   {runtime_call UncommonTrapBlob}
  0x0000022e17b951dc: c5f8 77e8 

  0x0000022e17b951e0: ; ImmutableOopMap {[0]=Oop [16]=Oop [24]=Oop [48]=Oop [56]=NarrowOop [64]=NarrowOop [68]=NarrowOop [72]=NarrowOop }
                      ;*ifeq {reexecute=1 rethrow=0 return_oop=0}
                      ; - (reexecute) com.badlogic.gdx.utils.ObjectIntMap::locateKey@46 (line 131)
                      ; - com.badlogic.gdx.utils.ObjectIntMap::get@2 (line 187)
                      ; - com.badlogic.gdx.graphics.glutils.ShaderProgram::fetchAttributeLocation@11 (line 286)
                      ; - com.badlogic.gdx.graphics.glutils.ShaderProgram::disableVertexAttribute@10 (line 729)
                      ; - com.badlogic.gdx.graphics.glutils.VertexArray::unbind@34 (line 166)
                      ; - com.badlogic.gdx.graphics.Mesh::unbind@6 (line 535)
                      ; - com.badlogic.gdx.graphics.Mesh::unbind@4 (line 525)
                      ; - com.badlogic.gdx.graphics.Mesh::render@320 (line 657)
  0x0000022e17b951e0: 1cf4 9fff 

  0x0000022e17b951e4: ;   {other}
  0x0000022e17b951e4: 0f1f 8400 | d40f 0009 | 33ed e9fe | 0400 0041 | baff ffff | ff45 2bd1 | 458b ca90 | 4585 c90f 
  0x0000022e17b95204: 8cc3 1400 | 0043 8b6c | c424 458b | 54ec 0c45 | 3bca 0f83 | 100e 0000 | 4d8d 14ec | 478b 448a 
  0x0000022e17b95224: 1045 85c0 | 0f8c 0e15 

  0x0000022e17b9522c: ;   {oop(a 'java/lang/Class'{0x00000006219363a0} = 'com/badlogic/gdx/Gdx')}
  0x0000022e17b9522c: 0000 49ba | a063 9321 | 0600 0000 | 418b 8a8c | 0000 0041 | 0fb6 6e1d | 85ed 0f85 | 5815 0000 
  0x0000022e17b9524c: ; implicit exception: dispatches to 0x0000022e17b975d4
  0x0000022e17b9524c: 458b 5ccc 

  0x0000022e17b95250: ;   {metadata('com/badlogic/gdx/backends/lwjgl3/Lwjgl3GL20')}
  0x0000022e17b95250: 0841 81fb | d802 1201 | 0f85 e20e | 0000 4489 | 4424 544c | 8934 2444 | 8b54 2450 | 4b8d 2cd4 
  0x0000022e17b95270: 418b d04c | 8b54 2428 | 4c89 5424 | 0866 6690 

  0x0000022e17b95280: ;   {static_call}
  0x0000022e17b95280: c5f8 77e8 

  0x0000022e17b95284: ; ImmutableOopMap {rbp=Oop [0]=Oop [8]=Oop [40]=Oop [48]=Oop [80]=NarrowOop }
                      ;*invokestatic glEnableVertexAttribArray {reexecute=0 rethrow=0 return_oop=0}
                      ; - org.lwjgl.opengl.GL20::glEnableVertexAttribArray@1 (line 1935)
                      ; - com.badlogic.gdx.backends.lwjgl3.Lwjgl3GL20::glEnableVertexAttribArray@1 (line 310)
                      ; - com.badlogic.gdx.graphics.glutils.ShaderProgram::enableVertexAttribute@10 (line 754)
                      ; - com.badlogic.gdx.graphics.glutils.VertexBufferObject::bind@124 (line 196)
                      ; - com.badlogic.gdx.graphics.Mesh::bind@6 (line 515)
                      ; - com.badlogic.gdx.graphics.Mesh::bind@4 (line 505)
                      ; - com.badlogic.gdx.graphics.Mesh::render@13 (line 620)
  0x0000022e17b95284: 5817 fcff 

  0x0000022e17b95288: ;   {other}
  0x0000022e17b95288: 0f1f 8400 | 7810 000a | 488b 7424 | 3044 8b56 | 1847 8b54 | d40c 8b4c | 2450 458b | 5ccc 1848 
  0x0000022e17b952a8: 8b04 2444 | 0fb6 681d 

  0x0000022e17b952b0: ;   {oop(a 'java/lang/Class'{0x00000006219363a0} = 'com/badlogic/gdx/Gdx')}
  0x0000022e17b952b0: 49b8 a063 | 9321 0600 | 0000 418b | a88c 0000 | 0041 0fb6 | 5ccc 2445 | 8b44 cc10 | 458b 4ccc 
  0x0000022e17b952d0: 1445 85ed | 0f85 5215 | 0000 418b 

  0x0000022e17b952dc: ;   {metadata('com/badlogic/gdx/backends/lwjgl3/Lwjgl3GL20')}
  0x0000022e17b952dc: 4cec 0881 | f9d8 0212 | 010f 85c9 | 0e00 0048 | 8934 2448 | 8944 2438 | 4963 cb8b | 5424 548b 
  0x0000022e17b952fc: fb41 8bf2 | 488b e890 

  0x0000022e17b95304: ;   {static_call}
  0x0000022e17b95304: c5f8 77e8 

  0x0000022e17b95308: ; ImmutableOopMap {rbp=Oop [0]=Oop [8]=Oop [40]=Oop [56]=Oop }
                      ;*invokestatic nglVertexAttribPointer {reexecute=0 rethrow=0 return_oop=0}
                      ; - org.lwjgl.opengl.GL20C::glVertexAttribPointer@8 (line 1892)
                      ; - org.lwjgl.opengl.GL20::glVertexAttribPointer@8 (line 1868)
                      ; - com.badlogic.gdx.backends.lwjgl3.Lwjgl3GL20::glVertexAttribPointer@10 (line 847)
                      ; - com.badlogic.gdx.graphics.glutils.ShaderProgram::setVertexAttribute@20 (line 693)
                      ; - com.badlogic.gdx.graphics.glutils.VertexBufferObject::bind@157 (line 198)
                      ; - com.badlogic.gdx.graphics.Mesh::bind@6 (line 515)
                      ; - com.badlogic.gdx.graphics.Mesh::bind@4 (line 505)
                      ; - com.badlogic.gdx.graphics.Mesh::render@13 (line 620)
  0x0000022e17b95308: d41a fcff 

  0x0000022e17b9530c: ;   {other}
  0x0000022e17b9530c: 0f1f 8400 | fc10 000b | 8b7c 2440 | ffc7 3b7c | 2444 0f8d | 12f6 ffff | 4c8b f548 | 8b0c 248b 
  0x0000022e17b9532c: 5c24 4444 | 8b59 1847 | 8b44 dc20 

  0x0000022e17b95338: ; implicit exception: dispatches to 0x0000022e17b9755c
  0x0000022e17b95338: 478b 54c4 | 0c41 3bfa | 0f83 fa0b | 0000 4f8d | 14c4 458b | 54ba 1047 | 8b6c d428 | 458b 5e34 
  0x0000022e17b95358: ; implicit exception: dispatches to 0x0000022e17b9758c
  0x0000022e17b95358: 478b 44dc | 2043 8b74 | ec14 c441 | 796e f045 | 8bc3 4489 | 5424 5089 | 7c24 4089 | 5c24 4448 
  0x0000022e17b95378: 894c 2430 | 430f be4c | ec10 438b | 5cec 0c85 | db0f 8508 | 0200 0047 | 0fb6 54ec | 1145 85d2 
  0x0000022e17b95398: 0f85 9608 | 0000 85c9 | 0f85 f61d | 0000 418b | 54f4 0c4d | 8d14 f449 | 8d7c f410 | 83fa 020f 
  0x0000022e17b953b8: 8c9f 0800 | 0033 db83 | fa20 0f8c | 7101 0000 | 4533 dbc5 | cdef f6c5 | c5ef ffc4 | 413d efc0 
  0x0000022e17b953d8: c441 35ef 

  0x0000022e17b953dc: ;   {external_word}
  0x0000022e17b953dc: c949 ba60 | 377c d9fd | 7f00 0045 | 8b0a c4c1 | 796e c9c4 | e27d 58c9 | 448b d241 | 83e2 e041 
  0x0000022e17b953fc: 0faf d9c4 | 217a 7e14 | 1fc4 217a | 7e5c 1f08 | c421 7a7e | 641f 10c4 | a17a 7e44 | 1f18 c4e2 
  0x0000022e17b9541c: 4d40 f1c4 | 427d 31d2 | c4c1 4dfe | f2c4 e245 | 40f9 c442 | 7d31 dbc4 | c145 fefb | c462 3d40 
  0x0000022e17b9543c: c1c4 427d | 31e4 c441 | 3dfe c4c4 | 6235 40c9 | c4e2 7d31 | c0c5 35fe | c841 83c3 | 2045 3bda 
  0x0000022e17b9545c: 7c9d 4a8d | 3c17 412b 

  0x0000022e17b95464: ;   {external_word}
  0x0000022e17b95464: d249 ba64 | 377c d9fd | 7f00 00c4 | c17e 6f12 | c4e2 4d40 

  0x0000022e17b95478: ;   {external_word}
  0x0000022e17b95478: f249 ba84 | 377c d9fd | 7f00 00c4 | c17e 6f1a | c4e2 4540 

  0x0000022e17b9548c: ;   {external_word}
  0x0000022e17b9548c: fb49 baa4 | 377c d9fd | 7f00 00c4 | c17e 6f22 | c462 3d40 

  0x0000022e17b954a0: ;   {external_word}
  0x0000022e17b954a0: c449 bac4 | 377c d9fd | 7f00 00c4 | c17e 6f2a | c462 3540 | cdc4 624d | 02d6 c443 | 7d39 d301 
  0x0000022e17b954c0: c441 29fe | d3c4 4229 | 02d2 c579 | 6edb c441 | 29fe d3c5 | 797e d3c4 | 6245 02e7 | c463 7d39 
  0x0000022e17b954e0: e001 c519 | fee0 c442 | 1902 e4c5 | f96e c3c5 | 19fe e0c5 | 797e e3c4 | 423d 02d0 | c443 7d39 
  0x0000022e17b95500: d301 c441 | 29fe d3c4 | 4229 02d2 | c579 6edb | c441 29fe | d3c5 797e | d3c4 4235 | 02e1 c463 
  0x0000022e17b95520: 7d39 e001 | c519 fee0 | c442 1902 | e4c5 f96e | c3c5 19fe | e0c5 797e | e341 bb01 | 0000 0044 
  0x0000022e17b95540: 3bda 0f8d | 2e00 0000 | 41b9 c103 | 0000 410f | afd9 460f | b654 1fff | 458b ca41 | c1e1 0545 
  0x0000022e17b95560: 2bca 4103 | d946 0fb6 | 0c1f 4103 | d941 83c3 | 0244 3bda | 7cd2 7f12 | 448b d3c1 | e305 412b 
  0x0000022e17b95580: da46 0fb6 | 4c1f ff41 | 03d9 85db | 0f84 e206 | 0000 4389 | 5cec 0c47 | 8b54 c418 | 4c63 db49 
  0x0000022e17b955a0: ;   {no_reloc}
  0x0000022e17b955a0: b915 7c4a | 7fb9 7937 | 9e4d 0faf | d9c4 42ab | f7d3 458b | cac4 4179 | 7ef2 478b | 5cd4 0c45 
  0x0000022e17b955c0: 3bcb 0f83 | d809 0000 | 49c1 e203 | 438b 6c8a | 1085 ed0f | 841a fcff | ff45 8b5c 

  0x0000022e17b955dc: ;   {metadata('java/lang/String')}
  0x0000022e17b955dc: ec08 4181 | fb58 e500 | 000f 8569 | 0c00 0049 | 8d1c ec4f | 8d14 ec49 | 3bda 0f84 | 04fc ffff 
  0x0000022e17b955fc: 0fbe 6b10 | 3be9 0f85 | 5818 0000 | 458b 5cf4 | 0c44 8b53 | 1443 8b4c | d40c 413b | cb0f 85cd 
  0x0000022e17b9561c: fbff ff4f | 8d1c d44b | 8d7c d410 | 4d8d 14f4 | 498d 74f4 | 1085 c90f | 849d 0000 | 008b c183 
  0x0000022e17b9563c: e01f 83e1 | e00f 844b | 0000 0048 | 8d3c 0f48 | 8d34 0e48 | f7d9 c5fe | 6f0c 0fc5 | fe6f 040e 
  0x0000022e17b9565c: c5f5 efc8 | c4e2 7d17 | c90f 8572 | 0000 0048 | 83c1 2075 | e185 c00f | 845d 0000 | 00c5 fe6f 
  0x0000022e17b9567c: 4c07 e0c5 | fe6f 4406 | e0c5 f5ef | c8c4 e27d | 17c9 754d | eb44 8bc8 | 83e1 fc74 | 1948 8d3c 
  0x0000022e17b9569c: 0f48 8d34 | 0e48 f7d9 | 8b1c 0f3b | 1c0e 7531 | 4883 c104 | 75f2 a802 | 7412 0fb7 | 1f0f b70e 
  0x0000022e17b956bc: 3bd9 751d | 488d 7f02 | 488d 7602 | a801 740a | 0fb6 1f0f | b60e 3bd9 | 7507 b801 | 0000 00eb 
  0x0000022e17b956dc: ;   {no_reloc}
  0x0000022e17b956dc: 0233 c0c5 | f5ef c9c5 | fdef c085 | c00f 8511 | fbff ff8b | e8ba 45ff | ffff 4c8b | 5424 2844 
  0x0000022e17b956fc: 8b5c 2414 | 4489 5c24 | 1044 8b5c | 2418 4489 | 5c24 1444 | 8b5c 2420 | 4489 5c24 | 184c 8954 
  0x0000022e17b9571c: 2420 4c89 | 7424 284c | 8974 2438 | 448b 5424 | 5044 8954 | 2448 4489 | 4424 5044 | 896c 2454 
  0x0000022e17b9573c: c57a 1174 | 2458 4489 | 4c24 5c90 

  0x0000022e17b95748: ;   {runtime_call UncommonTrapBlob}
  0x0000022e17b95748: c5f8 77e8 

  0x0000022e17b9574c: ; ImmutableOopMap {[32]=Oop [40]=Oop [48]=Oop [56]=Oop [72]=NarrowOop [80]=NarrowOop [84]=NarrowOop [88]=NarrowOop }
                      ;*ifeq {reexecute=1 rethrow=0 return_oop=0}
                      ; - (reexecute) com.badlogic.gdx.utils.ObjectIntMap::locateKey@46 (line 131)
                      ; - com.badlogic.gdx.utils.ObjectIntMap::get@2 (line 187)
                      ; - com.badlogic.gdx.graphics.glutils.ShaderProgram::getAttributeLocation@6 (line 877)
                      ; - com.badlogic.gdx.graphics.glutils.VertexBufferObject::bind@108 (line 194)
                      ; - com.badlogic.gdx.graphics.Mesh::bind@6 (line 515)
                      ; - com.badlogic.gdx.graphics.Mesh::bind@4 (line 505)
                      ; - com.badlogic.gdx.graphics.Mesh::render@13 (line 620)
  0x0000022e17b9574c: b0ee 9fff 

  0x0000022e17b95750: ;   {other}
  0x0000022e17b95750: 0f1f 8400 | 4015 000c | 33ed e97e | 0400 0041 | baff ffff | ff45 2bd0 | 458b c20f | 1f44 0000 
  0x0000022e17b95770: 458b d045 | 85c0 0f8c | 1811 0000 | 438b 6cf4 | 2445 8b44 | ec0c 453b | d00f 837d | 0900 004d 
  0x0000022e17b95790: 8d1c ec47 | 8b54 9310 | 4183 fafe | 0f84 4e11 | 0000 4183 | faff 0f84 | a011 0000 

  0x0000022e17b957ac: ; implicit exception: dispatches to 0x0000022e17b976c4
  0x0000022e17b957ac: 478b 5cec 

  0x0000022e17b957b0: ;   {metadata('com/badlogic/gdx/backends/lwjgl3/Lwjgl3GL20')}
  0x0000022e17b957b0: 0841 81fb | d802 1201 | 0f85 560a | 0000 418b | d266 6690 

  0x0000022e17b957c4: ;   {static_call}
  0x0000022e17b957c4: c5f8 77e8 

  0x0000022e17b957c8: ; ImmutableOopMap {[0]=Oop [16]=Oop [44]=NarrowOop [56]=Oop }
                      ;*invokestatic glDisableVertexAttribArray {reexecute=0 rethrow=0 return_oop=0}
                      ; - org.lwjgl.opengl.GL20::glDisableVertexAttribArray@1 (line 1948)
                      ; - com.badlogic.gdx.backends.lwjgl3.Lwjgl3GL20::glDisableVertexAttribArray@1 (line 271)
                      ; - com.badlogic.gdx.graphics.glutils.ShaderProgram::disableVertexAttribute@22 (line 731)
                      ; - com.badlogic.gdx.graphics.glutils.VertexBufferObject::unbind@40 (line 230)
                      ; - com.badlogic.gdx.graphics.Mesh::unbind@6 (line 535)
                      ; - com.badlogic.gdx.graphics.Mesh::unbind@4 (line 525)
                      ; - com.badlogic.gdx.graphics.Mesh::render@320 (line 657)
  0x0000022e17b957c8: 141a fcff 

  0x0000022e17b957cc: ;   {other}
  0x0000022e17b957cc: 0f1f 8400 | bc15 000d | 448b 4424 | 3041 ffc0 | 443b 4424 | 280f 8d0b | f5ff ff48 | 8b4c 2438 
  0x0000022e17b957ec: 8b7c 2428 | 448b 5c24 | 2c4c 8b54 | 2410 458b | 5218 438b | 6cd4 2045 | 8b4c ec0c | 453b c10f 
  0x0000022e17b9580c: 8367 0800 | 004d 8d14 | ec47 8b54 | 8210 478b 

  0x0000022e17b9581c: ;   {oop(a 'java/lang/Class'{0x00000006219363a0} = 'com/badlogic/gdx/Gdx')}
  0x0000022e17b9581c: 4cd4 2849 | baa0 6393 | 2106 0000 | 0045 8baa | 8c00 0000 | 0fb6 691d | 85ed 0f85 | b80f 0000 
  0x0000022e17b9583c: 448b 5134 

  0x0000022e17b95840: ; implicit exception: dispatches to 0x0000022e17b97634
  0x0000022e17b95840: 438b 74d4 | 2043 8b5c | cc0c c579 | 6eee 458b | f244 8944 | 2430 4489 | 5c24 2c89 | 7c24 2848 
  0x0000022e17b95860: 894c 2438 | 430f be4c | cc10 438b | 74cc 1485 | db0f 850c | 0200 0047 | 0fb6 5ccc | 1145 85db 
  0x0000022e17b95880: 0f85 b503 | 0000 85c9 | 0f85 7e19 | 0000 418b | 54f4 0c4d | 8d14 f449 | 8d7c f410 | 83fa 020f 
  0x0000022e17b958a0: 8cdc 0300 | 0033 db83 | fa20 0f8c | 7501 0000 | 4533 c0c5 | cdef f6c5 | d5ef edc5 | c5ef ffc4 
  0x0000022e17b958c0: 413d efc0 

  0x0000022e17b958c4: ;   {external_word}
  0x0000022e17b958c4: 49bb 6037 | 7cd9 fd7f | 0000 458b | 13c4 c179 | 6ec2 c4e2 | 7d58 c044 | 8bda 4183 | e3e0 410f 
  0x0000022e17b958e4: afda c421 | 7a7e 0c07 | c421 7a7e | 5407 08c4 | 217a 7e5c | 0710 c421 | 7a7e 6407 | 18c4 e24d 
  0x0000022e17b95904: 40f0 c442 | 7d31 c9c4 | c14d fef1 | c4e2 5540 | e8c4 427d | 31d2 c4c1 | 55fe eac4 | e245 40f8 
  0x0000022e17b95924: c442 7d31 | dbc4 c145 | fefb c462 | 3d40 c0c4 | 427d 31e4 | c441 3dfe | c441 83c0 | 2045 3bc3 
  0x0000022e17b95944: 7c9c 4a8d | 3c1f 412b 

  0x0000022e17b9594c: ;   {external_word}
  0x0000022e17b9594c: d349 bb64 | 377c d9fd | 7f00 00c4 | c17e 6f0b | c4e2 4d40 

  0x0000022e17b95960: ;   {external_word}
  0x0000022e17b95960: f149 bb84 | 377c d9fd | 7f00 00c4 | c17e 6f13 | c4e2 5540 

  0x0000022e17b95974: ;   {external_word}
  0x0000022e17b95974: ea49 bba4 | 377c d9fd | 7f00 00c4 | c17e 6f1b | c4e2 4540 

  0x0000022e17b95988: ;   {external_word}
  0x0000022e17b95988: fb49 bbc4 | 377c d9fd | 7f00 00c4 | c17e 6f23 | c462 3d40 | c4c4 624d | 02ce c443 | 7d39 ca01 
  0x0000022e17b959a8: c441 31fe | cac4 4231 | 02c9 c579 | 6ed3 c441 | 31fe cac5 | 797e cbc4 | 6255 02dd | c443 7d39 
  0x0000022e17b959c8: dc01 c441 | 21fe dcc4 | 4221 02db | c579 6ee3 | c441 21fe | dcc5 797e | dbc4 6245 | 02cf c443 
  0x0000022e17b959e8: 7d39 ca01 | c441 31fe | cac4 4231 | 02c9 c579 | 6ed3 c441 | 31fe cac5 | 797e cbc4 | 423d 02d8 
  0x0000022e17b95a08: c443 7d39 | dc01 c441 | 21fe dcc4 | 4221 02db | c579 6ee3 | c441 21fe | dcc5 797e | db41 b801 
  0x0000022e17b95a28: 0000 0044 | 3bc2 0f8d | 2e00 0000 | 41ba c103 | 0000 410f | afda 460f | b65c 07ff | 458b d341 
  0x0000022e17b95a48: c1e2 0545 | 2bd3 4103 | da46 0fb6 | 1407 4103 | da41 83c0 | 0244 3bc2 | 7cd2 7f12 | 448b dbc1 
  0x0000022e17b95a68: e305 412b | db46 0fb6 | 5407 ff41 | 03da 85db | 0f84 1b02 | 0000 4389 | 5ccc 0c47 | 8b5c f418 
  0x0000022e17b95a88: ;   {no_reloc}
  0x0000022e17b95a88: 4c63 d349 | b815 7c4a | 7fb9 7937 | 9e4d 0faf | d0c4 42a3 | f7d2 458b | c2c4 4179 | 7eea 478b 
  0x0000022e17b95aa8: 5cd4 0c45 | 3bc3 0f83 | f405 0000 | 49c1 e203 | 438b 6c82 | 1085 ed0f | 849a fcff | ff45 8b5c 
  0x0000022e17b95ac8: ;   {metadata('java/lang/String')}
  0x0000022e17b95ac8: ec08 4181 | fb58 e500 | 000f 85e5 | 0700 004d | 8d14 ec4f | 8d1c cc4d | 3bd3 0f84 | 88fc ffff 
  0x0000022e17b95ae8: 410f be6a | 103b e90f | 85d7 1300 | 0041 8b5c | f40c 458b | 5214 438b | 4cd4 0c3b | cb0f 854d 
  0x0000022e17b95b08: fcff ff4f | 8d1c d44b | 8d7c d410 | 4d8d 14f4 | 498d 74f4 | 1085 c90f | 849d 0000 | 008b c183 
  0x0000022e17b95b28: e01f 83e1 | e00f 844b | 0000 0048 | 8d3c 0f48 | 8d34 0e48 | f7d9 c5fe | 6f0c 0fc5 | fe6f 040e 
  0x0000022e17b95b48: c5f5 efc8 | c4e2 7d17 | c90f 8572 | 0000 0048 | 83c1 2075 | e185 c00f | 845d 0000 | 00c5 fe6f 
  0x0000022e17b95b68: 4c07 e0c5 | fe6f 4406 | e0c5 f5ef | c8c4 e27d | 17c9 754d | eb44 8bc8 | 83e1 fc74 | 1948 8d3c 
  0x0000022e17b95b88: 0f48 8d34 | 0e48 f7d9 | 8b1c 0f3b | 1c0e 7531 | 4883 c104 | 75f2 a802 | 7412 0fb7 | 1f0f b70e 
  0x0000022e17b95ba8: 3bd9 751d | 488d 7f02 | 488d 7602 | a801 740a | 0fb6 1f0f | b60e 3bd9 | 7507 b801 | 0000 00eb 
  0x0000022e17b95bc8: ;   {no_reloc}
  0x0000022e17b95bc8: 0233 c0c5 | f5ef c9c5 | fdef c085 | c00f 8595 | fbff ff8b | e8ba 45ff | ffff 4c8b | 5424 384c 
  0x0000022e17b95be8: 8954 2418 | 4c89 5424 | 2044 896c | 243c 4489 | 7424 4444 | 894c 2448 | c57a 116c | 244c 4489 
  0x0000022e17b95c08: 4424 5090 

  0x0000022e17b95c0c: ;   {runtime_call UncommonTrapBlob}
  0x0000022e17b95c0c: c5f8 77e8 

  0x0000022e17b95c10: ; ImmutableOopMap {[0]=Oop [16]=Oop [24]=Oop [32]=Oop [44]=NarrowOop [60]=NarrowOop [68]=NarrowOop [72]=NarrowOop [76]=NarrowOop }
                      ;*ifeq {reexecute=1 rethrow=0 return_oop=0}
                      ; - (reexecute) com.badlogic.gdx.utils.ObjectIntMap::locateKey@46 (line 131)
                      ; - com.badlogic.gdx.utils.ObjectIntMap::get@2 (line 187)
                      ; - com.badlogic.gdx.graphics.glutils.ShaderProgram::fetchAttributeLocation@11 (line 286)
                      ; - com.badlogic.gdx.graphics.glutils.ShaderProgram::disableVertexAttribute@10 (line 729)
                      ; - com.badlogic.gdx.graphics.glutils.VertexBufferObject::unbind@40 (line 230)
                      ; - com.badlogic.gdx.graphics.Mesh::unbind@6 (line 535)
                      ; - com.badlogic.gdx.graphics.Mesh::unbind@4 (line 525)
                      ; - com.badlogic.gdx.graphics.Mesh::render@320 (line 657)
  0x0000022e17b95c10: ece9 9fff 

  0x0000022e17b95c14: ;   {other}
  0x0000022e17b95c14: 0f1f 8400 | 041a 000e | 41b8 ffff | ffff 452b | c245 8bd0 | e931 f0ff | ff33 dbe9 | 02f4 ffff 
  0x0000022e17b95c34: 33db e95c | f9ff ff33 | dbe9 41fe | ffff 83fa | 0175 6985 | d20f 8609 | 1600 000f | b61f 85db 
  0x0000022e17b95c54: 0f85 d7f3 | ffff eb54 | 83fa 0175 | 1385 d20f | 864b 1600 | 000f b61f | 85db 0f85 | 1ef9 ffff 
  0x0000022e17b95c74: 43c6 44ec | 1101 33db | e916 f9ff | ff83 fa01 | 7513 85d2 | 0f86 b616 | 0000 0fb6 | 1f85 db0f 
  0x0000022e17b95c94: 85e5 fdff | ff43 c644 | cc11 0133 | dbe9 ddfd | ffff 488b | cec5 f97e | c644 8bcd | 43c6 44f4 
  0x0000022e17b95cb4: 1101 33db | e979 f3ff | ffba e4ff | ffff 488b | 2c24 4c8b | 5c24 104c | 895c 2408 | 4889 4c24 
  0x0000022e17b95cd4: 1089 7424 | 1848 894c | 2420 4489 | 5424 2844 | 894c 242c 

  0x0000022e17b95ce8: ;   {runtime_call UncommonTrapBlob}
  0x0000022e17b95ce8: c5f8 77e8 

  0x0000022e17b95cec: ; ImmutableOopMap {rbp=Oop [8]=Oop [16]=Oop [32]=Oop [40]=NarrowOop }
                      ;*aaload {reexecute=0 rethrow=0 return_oop=0}
                      ; - com.badlogic.gdx.graphics.VertexAttributes::get@5 (line 116)
                      ; - com.badlogic.gdx.graphics.glutils.VertexArray::unbind@28 (line 166)
                      ; - com.badlogic.gdx.graphics.Mesh::unbind@6 (line 535)
                      ; - com.badlogic.gdx.graphics.Mesh::unbind@4 (line 525)
                      ; - com.badlogic.gdx.graphics.Mesh::render@320 (line 657)
  0x0000022e17b95cec: 10e9 9fff 

  0x0000022e17b95cf0: ;   {other}
  0x0000022e17b95cf0: 0f1f 8400 | e01a 000f | bae4 ffff | ff48 8b2c | 244c 8b5c | 2410 4c89 | 5c24 0848 | 894c 2410 
  0x0000022e17b95d10: 8974 2418 | 4489 4c24 | 1c48 894c | 2428 c5fa | 1164 2430 | c57a 1174 | 2438 4489 | 7424 3c44 
  0x0000022e17b95d30: 896c 2448 | 4489 5424 | 4c66 6690 

  0x0000022e17b95d3c: ;   {runtime_call UncommonTrapBlob}
  0x0000022e17b95d3c: c5f8 77e8 

  0x0000022e17b95d40: ; ImmutableOopMap {rbp=Oop [8]=Oop [16]=Oop [40]=Oop [48]=NarrowOop [56]=NarrowOop [60]=NarrowOop [72]=NarrowOop }
                      ;*aaload {reexecute=0 rethrow=0 return_oop=0}
                      ; - com.badlogic.gdx.utils.ObjectIntMap::locateKey@27 (line 129)
                      ; - com.badlogic.gdx.utils.ObjectIntMap::get@2 (line 187)
                      ; - com.badlogic.gdx.graphics.glutils.ShaderProgram::fetchAttributeLocation@11 (line 286)
                      ; - com.badlogic.gdx.graphics.glutils.ShaderProgram::disableVertexAttribute@10 (line 729)
                      ; - com.badlogic.gdx.graphics.glutils.VertexArray::unbind@34 (line 166)
                      ; - com.badlogic.gdx.graphics.Mesh::unbind@6 (line 535)
                      ; - com.badlogic.gdx.graphics.Mesh::unbind@4 (line 525)
                      ; - com.badlogic.gdx.graphics.Mesh::render@320 (line 657)
  0x0000022e17b95d40: bce8 9fff 

  0x0000022e17b95d44: ;   {other}
  0x0000022e17b95d44: 0f1f 8400 | 341b 0010 | bae4 ffff | ff48 8b2c | 244c 8b44 | 2410 4c89 | 4424 0848 | 894c 2410 
  0x0000022e17b95d64: 8974 2418 | 4489 4c24 | 1c48 894c | 2428 4489 | 7424 24c5 | fa11 6424 | 3044 895c | 2434 4489 
  0x0000022e17b95d84: 5424 3890 

  0x0000022e17b95d88: ;   {runtime_call UncommonTrapBlob}
  0x0000022e17b95d88: c5f8 77e8 

  0x0000022e17b95d8c: ; ImmutableOopMap {rbp=Oop [8]=Oop [16]=Oop [36]=NarrowOop [40]=Oop [48]=NarrowOop [52]=NarrowOop }
                      ;*iaload {reexecute=0 rethrow=0 return_oop=0}
                      ; - com.badlogic.gdx.utils.ObjectIntMap::get@19 (line 188)
                      ; - com.badlogic.gdx.graphics.glutils.ShaderProgram::fetchAttributeLocation@11 (line 286)
                      ; - com.badlogic.gdx.graphics.glutils.ShaderProgram::disableVertexAttribute@10 (line 729)
                      ; - com.badlogic.gdx.graphics.glutils.VertexArray::unbind@34 (line 166)
                      ; - com.badlogic.gdx.graphics.Mesh::unbind@6 (line 535)
                      ; - com.badlogic.gdx.graphics.Mesh::unbind@4 (line 525)
                      ; - com.badlogic.gdx.graphics.Mesh::render@320 (line 657)
  0x0000022e17b95d8c: 70e8 9fff 

  0x0000022e17b95d90: ;   {other}
  0x0000022e17b95d90: 0f1f 8400 | 801b 0011 | 488b 2c24 | 4c8b 5c24 | 104c 895c | 2408 4889 | 4c24 1089 | 7424 1844 
  0x0000022e17b95db0: 894c 241c | 4489 5424 | 2089 5424 | 24ba deff | ffff 6690 

  0x0000022e17b95dc4: ;   {runtime_call UncommonTrapBlob}
  0x0000022e17b95dc4: c5f8 77e8 

  0x0000022e17b95dc8: ; ImmutableOopMap {rbp=Oop [8]=Oop [16]=Oop [32]=NarrowOop }
                      ;*invokeinterface glDisableVertexAttribArray {reexecute=0 rethrow=0 return_oop=0}
                      ; - com.badlogic.gdx.graphics.glutils.ShaderProgram::disableVertexAttribute@22 (line 731)
                      ; - com.badlogic.gdx.graphics.glutils.VertexArray::unbind@34 (line 166)
                      ; - com.badlogic.gdx.graphics.Mesh::unbind@6 (line 535)
                      ; - com.badlogic.gdx.graphics.Mesh::unbind@4 (line 525)
                      ; - com.badlogic.gdx.graphics.Mesh::render@320 (line 657)
  0x0000022e17b95dc8: 34e8 9fff 

  0x0000022e17b95dcc: ;   {other}
  0x0000022e17b95dcc: 0f1f 8400 | bc1b 0012 | bade ffff | ff48 8b2c | 244c 8b5c | 2410 4c89 | 5c24 08c5 | fb11 4424 
  0x0000022e17b95dec: 1089 7424 | 1844 894c | 241c c5fb | 1144 2428 | c5fa 1164 | 2430 c57a | 1174 2438 | 4489 7424 
  0x0000022e17b95e0c: 3c44 896c | 2440 4489 | 5424 4489 | 5c24 4844 | 8974 244c 

  0x0000022e17b95e20: ;   {runtime_call UncommonTrapBlob}
  0x0000022e17b95e20: c5f8 77e8 

  0x0000022e17b95e24: ; ImmutableOopMap {rbp=Oop [8]=Oop [16]=Oop [40]=Oop [48]=NarrowOop [56]=NarrowOop [60]=NarrowOop [64]=NarrowOop [72]=NarrowOop [76]=NarrowOop }
                      ;*invokevirtual equals {reexecute=0 rethrow=0 return_oop=0}
                      ; - com.badlogic.gdx.utils.ObjectIntMap::locateKey@43 (line 131)
                      ; - com.badlogic.gdx.utils.ObjectIntMap::get@2 (line 187)
                      ; - com.badlogic.gdx.graphics.glutils.ShaderProgram::fetchAttributeLocation@11 (line 286)
                      ; - com.badlogic.gdx.graphics.glutils.ShaderProgram::disableVertexAttribute@10 (line 729)
                      ; - com.badlogic.gdx.graphics.glutils.VertexArray::unbind@34 (line 166)
                      ; - com.badlogic.gdx.graphics.Mesh::unbind@6 (line 535)
                      ; - com.badlogic.gdx.graphics.Mesh::unbind@4 (line 525)
                      ; - com.badlogic.gdx.graphics.Mesh::render@320 (line 657)
  0x0000022e17b95e24: d8e7 9fff 

  0x0000022e17b95e28: ;   {other}
  0x0000022e17b95e28: 0f1f 8400 | 181c 0013 | ba45 ffff | ff48 8b2c | 244c 8b5c | 2410 4c89 | 5c24 0848 | 894c 2410 
  0x0000022e17b95e48: 8974 2418 | 4489 4c24 | 1c48 894c | 2420 4489 | 7424 2844 | 8954 242c | 4489 4424 | 3866 6690 
  0x0000022e17b95e68: ;   {runtime_call UncommonTrapBlob}
  0x0000022e17b95e68: c5f8 77e8 

  0x0000022e17b95e6c: ; ImmutableOopMap {rbp=Oop [8]=Oop [16]=Oop [32]=Oop [40]=NarrowOop [44]=NarrowOop }
                      ;*ifeq {reexecute=1 rethrow=0 return_oop=0}
                      ; - (reexecute) com.badlogic.gdx.graphics.glutils.ShaderProgram::checkManaged@4 (line 758)
                      ; - com.badlogic.gdx.graphics.glutils.ShaderProgram::disableVertexAttribute@5 (line 728)
                      ; - com.badlogic.gdx.graphics.glutils.VertexArray::unbind@34 (line 166)
                      ; - com.badlogic.gdx.graphics.Mesh::unbind@6 (line 535)
                      ; - com.badlogic.gdx.graphics.Mesh::unbind@4 (line 525)
                      ; - com.badlogic.gdx.graphics.Mesh::render@320 (line 657)
  0x0000022e17b95e6c: 90e7 9fff 

  0x0000022e17b95e70: ;   {other}
  0x0000022e17b95e70: 0f1f 8400 | 601c 0014 | ba45 ffff | ff48 8b2c | 244c 8b5c | 2410 4c89 | 5c24 0848 | 894c 2410 
  0x0000022e17b95e90: 8974 2418 | 4489 4c24 | 1c48 894c | 2428 4489 | 7424 24c5 | fa11 6424 | 3044 8954 | 2434 6690 
  0x0000022e17b95eb0: ;   {runtime_call UncommonTrapBlob}
  0x0000022e17b95eb0: c5f8 77e8 

  0x0000022e17b95eb4: ; ImmutableOopMap {rbp=Oop [8]=Oop [16]=Oop [36]=NarrowOop [40]=Oop [48]=NarrowOop }
                      ;*ifge {reexecute=1 rethrow=0 return_oop=0}
                      ; - (reexecute) com.badlogic.gdx.utils.ObjectIntMap::get@7 (line 188)
                      ; - com.badlogic.gdx.graphics.glutils.ShaderProgram::fetchAttributeLocation@11 (line 286)
                      ; - com.badlogic.gdx.graphics.glutils.ShaderProgram::disableVertexAttribute@10 (line 729)
                      ; - com.badlogic.gdx.graphics.glutils.VertexArray::unbind@34 (line 166)
                      ; - com.badlogic.gdx.graphics.Mesh::unbind@6 (line 535)
                      ; - com.badlogic.gdx.graphics.Mesh::unbind@4 (line 525)
                      ; - com.badlogic.gdx.graphics.Mesh::render@320 (line 657)
  0x0000022e17b95eb4: 48e7 9fff 

  0x0000022e17b95eb8: ;   {other}
  0x0000022e17b95eb8: 0f1f 8400 | a81c 0015 | 488b 2c24 | 4c8b 5424 | 104c 8954 | 2408 4889 | 4c24 1089 | 7424 1844 
  0x0000022e17b95ed8: 894c 241c | 4889 4c24 | 2844 8974 | 2424 c5fa | 1164 2430 | 8954 2434 | ba45 ffff | ff66 6690 
  0x0000022e17b95ef8: ;   {runtime_call UncommonTrapBlob}
  0x0000022e17b95ef8: c5f8 77e8 

  0x0000022e17b95efc: ; ImmutableOopMap {rbp=Oop [8]=Oop [16]=Oop [36]=NarrowOop [40]=Oop [48]=NarrowOop }
                      ;*if_icmpne {reexecute=1 rethrow=0 return_oop=0}
                      ; - (reexecute) com.badlogic.gdx.graphics.glutils.ShaderProgram::fetchAttributeLocation@18 (line 286)
                      ; - com.badlogic.gdx.graphics.glutils.ShaderProgram::disableVertexAttribute@10 (line 729)
                      ; - com.badlogic.gdx.graphics.glutils.VertexArray::unbind@34 (line 166)
                      ; - com.badlogic.gdx.graphics.Mesh::unbind@6 (line 535)
                      ; - com.badlogic.gdx.graphics.Mesh::unbind@4 (line 525)
                      ; - com.badlogic.gdx.graphics.Mesh::render@320 (line 657)
  0x0000022e17b95efc: 00e7 9fff 

  0x0000022e17b95f00: ;   {other}
  0x0000022e17b95f00: 0f1f 8400 | f01c 0016 | 488b 2c24 | 4c8b 5424 | 104c 8954 | 2408 4889 | 4c24 1089 | 7424 1844 
  0x0000022e17b95f20: 894c 241c | 8954 2420 | ba45 ffff | ff66 6690 

  0x0000022e17b95f30: ;   {runtime_call UncommonTrapBlob}
  0x0000022e17b95f30: c5f8 77e8 

  0x0000022e17b95f34: ; ImmutableOopMap {rbp=Oop [8]=Oop [16]=Oop }
                      ;*if_icmpne {reexecute=1 rethrow=0 return_oop=0}
                      ; - (reexecute) com.badlogic.gdx.graphics.glutils.ShaderProgram::disableVertexAttribute@16 (line 730)
                      ; - com.badlogic.gdx.graphics.glutils.VertexArray::unbind@34 (line 166)
                      ; - com.badlogic.gdx.graphics.Mesh::unbind@6 (line 535)
                      ; - com.badlogic.gdx.graphics.Mesh::unbind@4 (line 525)
                      ; - com.badlogic.gdx.graphics.Mesh::render@320 (line 657)
  0x0000022e17b95f34: c8e6 9fff 

  0x0000022e17b95f38: ;   {other}
  0x0000022e17b95f38: 0f1f 8400 | 281d 0017 | bae4 ffff | ff48 8b6c | 2428 448b | 5c24 1444 | 895c 2408 | 448b 5424 
  0x0000022e17b95f58: 1844 8954 | 240c 448b | 5424 2044 | 8954 2410 | 448b 5c24 | 1c44 895c | 2414 4c89 | 7424 2048 
  0x0000022e17b95f78: 894c 2428 | 4c89 7424 | 3044 8944 | 243c 897c | 2440 895c | 2444 6690 

  0x0000022e17b95f90: ;   {runtime_call UncommonTrapBlob}
  0x0000022e17b95f90: c5f8 77e8 

  0x0000022e17b95f94: ; ImmutableOopMap {rbp=Oop [32]=Oop [40]=Oop [48]=Oop [60]=NarrowOop }
                      ;*aaload {reexecute=0 rethrow=0 return_oop=0}
                      ; - com.badlogic.gdx.graphics.VertexAttributes::get@5 (line 116)
                      ; - com.badlogic.gdx.graphics.glutils.VertexBufferObject::bind@97 (line 193)
                      ; - com.badlogic.gdx.graphics.Mesh::bind@6 (line 515)
                      ; - com.badlogic.gdx.graphics.Mesh::bind@4 (line 505)
                      ; - com.badlogic.gdx.graphics.Mesh::render@13 (line 620)
  0x0000022e17b95f94: 68e6 9fff 

  0x0000022e17b95f98: ;   {other}
  0x0000022e17b95f98: 0f1f 8400 | 881d 0018 | bae4 ffff | ff48 8b6c | 2428 448b | 5c24 1444 | 895c 2408 | 448b 5424 
  0x0000022e17b95fb8: 1844 8954 | 240c 448b | 5c24 2044 | 895c 2410 | 448b 5424 | 1c44 8954 | 2414 4c89 | 7424 204c 
  0x0000022e17b95fd8: 8b54 2430 | 4c89 5424 | 284c 8974 | 2430 448b | 5c24 4044 | 895c 2438 | 448b 5424 | 4444 8954 
  0x0000022e17b95ff8: 243c 448b | 5c24 5044 | 895c 2440 | 4489 4424 | 4844 896c | 244c c57a | 1174 2458 | 4489 4c24 
  0x0000022e17b96018: 5c66 6690 

  0x0000022e17b9601c: ;   {runtime_call UncommonTrapBlob}
  0x0000022e17b9601c: c5f8 77e8 

  0x0000022e17b96020: ; ImmutableOopMap {rbp=Oop [32]=Oop [40]=Oop [48]=Oop [64]=NarrowOop [72]=NarrowOop [76]=NarrowOop [88]=NarrowOop }
                      ;*aaload {reexecute=0 rethrow=0 return_oop=0}
                      ; - com.badlogic.gdx.utils.ObjectIntMap::locateKey@27 (line 129)
                      ; - com.badlogic.gdx.utils.ObjectIntMap::get@2 (line 187)
                      ; - com.badlogic.gdx.graphics.glutils.ShaderProgram::getAttributeLocation@6 (line 877)
                      ; - com.badlogic.gdx.graphics.glutils.VertexBufferObject::bind@108 (line 194)
                      ; - com.badlogic.gdx.graphics.Mesh::bind@6 (line 515)
                      ; - com.badlogic.gdx.graphics.Mesh::bind@4 (line 505)
                      ; - com.badlogic.gdx.graphics.Mesh::render@13 (line 620)
  0x0000022e17b96020: dce5 9fff 

  0x0000022e17b96024: ;   {other}
  0x0000022e17b96024: 0f1f 8400 | 141e 0019 | bae4 ffff | ff4c 8b54 | 2428 4c89 | 1424 448b | 5424 1444 | 8954 2410 
  0x0000022e17b96044: 448b 5c24 | 1844 895c | 2414 448b | 5424 2044 | 8954 2418 | 4c89 7424 | 284c 8974 | 2438 4489 
  0x0000022e17b96064: 4c24 4c90 

  0x0000022e17b96068: ;   {runtime_call UncommonTrapBlob}
  0x0000022e17b96068: c5f8 77e8 

  0x0000022e17b9606c: ; ImmutableOopMap {rbp=NarrowOop [0]=Oop [40]=Oop [48]=Oop [56]=Oop [80]=NarrowOop }
                      ;*iaload {reexecute=0 rethrow=0 return_oop=0}
                      ; - com.badlogic.gdx.utils.ObjectIntMap::get@19 (line 188)
                      ; - com.badlogic.gdx.graphics.glutils.ShaderProgram::getAttributeLocation@6 (line 877)
                      ; - com.badlogic.gdx.graphics.glutils.VertexBufferObject::bind@108 (line 194)
                      ; - com.badlogic.gdx.graphics.Mesh::bind@6 (line 515)
                      ; - com.badlogic.gdx.graphics.Mesh::bind@4 (line 505)
                      ; - com.badlogic.gdx.graphics.Mesh::render@13 (line 620)
  0x0000022e17b9606c: 90e5 9fff 

  0x0000022e17b96070: ;   {other}
  0x0000022e17b96070: 0f1f 8400 | 601e 001a | bae4 ffff | ff48 894c | 2418 4889 | 4c24 2044 | 895c 2428 | 897c 242c 
  0x0000022e17b96090: 4489 4424 | 3466 6690 

  0x0000022e17b96098: ;   {runtime_call UncommonTrapBlob}
  0x0000022e17b96098: c5f8 77e8 

  0x0000022e17b9609c: ; ImmutableOopMap {rbp=NarrowOop [0]=Oop [16]=Oop [24]=Oop [32]=Oop [40]=NarrowOop }
                      ;*aaload {reexecute=0 rethrow=0 return_oop=0}
                      ; - com.badlogic.gdx.graphics.VertexAttributes::get@5 (line 116)
                      ; - com.badlogic.gdx.graphics.glutils.VertexBufferObject::unbind@34 (line 230)
                      ; - com.badlogic.gdx.graphics.Mesh::unbind@6 (line 535)
                      ; - com.badlogic.gdx.graphics.Mesh::unbind@4 (line 525)
                      ; - com.badlogic.gdx.graphics.Mesh::render@320 (line 657)
  0x0000022e17b9609c: 60e5 9fff 

  0x0000022e17b960a0: ;   {other}
  0x0000022e17b960a0: 0f1f 8400 | 901e 001b | bae4 ffff | ff48 8b2c | 244c 8b54 | 2438 4c89 | 1424 4c8b | 5424 104c 
  0x0000022e17b960c0: 8954 2408 | 448b 5424 | 2c44 8954 | 2420 448b | 5c24 2844 | 895c 2424 | 448b 5424 | 3044 8954 
  0x0000022e17b960e0: 2428 4489 | 6c24 3444 | 8974 243c | 4489 4c24 | 40c5 7a11 | 6c24 4c44 | 8944 2450 

  0x0000022e17b960fc: ;   {runtime_call UncommonTrapBlob}
  0x0000022e17b960fc: c5f8 77e8 

  0x0000022e17b96100: ; ImmutableOopMap {rbp=Oop [0]=Oop [8]=Oop [32]=NarrowOop [52]=NarrowOop [60]=NarrowOop [64]=NarrowOop [76]=NarrowOop }
                      ;*aaload {reexecute=0 rethrow=0 return_oop=0}
                      ; - com.badlogic.gdx.utils.ObjectIntMap::locateKey@27 (line 129)
                      ; - com.badlogic.gdx.utils.ObjectIntMap::get@2 (line 187)
                      ; - com.badlogic.gdx.graphics.glutils.ShaderProgram::fetchAttributeLocation@11 (line 286)
                      ; - com.badlogic.gdx.graphics.glutils.ShaderProgram::disableVertexAttribute@10 (line 729)
                      ; - com.badlogic.gdx.graphics.glutils.VertexBufferObject::unbind@40 (line 230)
                      ; - com.badlogic.gdx.graphics.Mesh::unbind@6 (line 535)
                      ; - com.badlogic.gdx.graphics.Mesh::unbind@4 (line 525)
                      ; - com.badlogic.gdx.graphics.Mesh::render@320 (line 657)
  0x0000022e17b96100: fce4 9fff 

  0x0000022e17b96104: ;   {other}
  0x0000022e17b96104: 0f1f 8400 | f41e 001c | bae4 ffff | ff4c 8b5c | 2438 4c89 | 5c24 184c | 895c 2420 | 4489 4c24 
  0x0000022e17b96124: 3844 896c | 243c 4489 | 5424 4090 

  0x0000022e17b96130: ;   {runtime_call UncommonTrapBlob}
  0x0000022e17b96130: c5f8 77e8 

  0x0000022e17b96134: ; ImmutableOopMap {rbp=NarrowOop [0]=Oop [16]=Oop [24]=Oop [32]=Oop [44]=NarrowOop [56]=NarrowOop [60]=NarrowOop }
                      ;*iaload {reexecute=0 rethrow=0 return_oop=0}
                      ; - com.badlogic.gdx.utils.ObjectIntMap::get@19 (line 188)
                      ; - com.badlogic.gdx.graphics.glutils.ShaderProgram::fetchAttributeLocation@11 (line 286)
                      ; - com.badlogic.gdx.graphics.glutils.ShaderProgram::disableVertexAttribute@10 (line 729)
                      ; - com.badlogic.gdx.graphics.glutils.VertexBufferObject::unbind@40 (line 230)
                      ; - com.badlogic.gdx.graphics.Mesh::unbind@6 (line 535)
                      ; - com.badlogic.gdx.graphics.Mesh::unbind@4 (line 525)
                      ; - com.badlogic.gdx.graphics.Mesh::render@320 (line 657)
  0x0000022e17b96134: c8e4 9fff 

  0x0000022e17b96138: ;   {other}
  0x0000022e17b96138: 0f1f 8400 | 281f 001d | bade ffff | ff48 8b6c | 2428 448b | 5424 1444 | 8954 2408 | 448b 5424 
  0x0000022e17b96158: 1844 8954 | 240c 448b | 5c24 2044 | 895c 2410 | 448b 5424 | 1c44 8954 | 2414 4c89 | 7424 204c 
  0x0000022e17b96178: 8b54 2430 | 4c89 5424 | 284c 8974 | 2430 448b | 5424 4044 | 8954 2438 | 448b 5c24 | 4444 895c 
  0x0000022e17b96198: 243c 894c | 2448 4489 | 4424 4c90 

  0x0000022e17b961a4: ;   {runtime_call UncommonTrapBlob}
  0x0000022e17b961a4: c5f8 77e8 

  0x0000022e17b961a8: ; ImmutableOopMap {rbp=Oop [32]=Oop [40]=Oop [48]=Oop [72]=NarrowOop [80]=NarrowOop }
                      ;*invokeinterface glEnableVertexAttribArray {reexecute=0 rethrow=0 return_oop=0}
                      ; - com.badlogic.gdx.graphics.glutils.ShaderProgram::enableVertexAttribute@10 (line 754)
                      ; - com.badlogic.gdx.graphics.glutils.VertexBufferObject::bind@124 (line 196)
                      ; - com.badlogic.gdx.graphics.Mesh::bind@6 (line 515)
                      ; - com.badlogic.gdx.graphics.Mesh::bind@4 (line 505)
                      ; - com.badlogic.gdx.graphics.Mesh::render@13 (line 620)
  0x0000022e17b961a8: 54e4 9fff 

  0x0000022e17b961ac: ;   {other}
  0x0000022e17b961ac: 0f1f 8400 | 9c1f 001e | bade ffff | ff48 8b4c | 2408 4889 | 0c24 8b4c | 2414 894c | 2410 8b7c 
  0x0000022e17b961cc: 2418 897c | 2414 8b4c | 2420 894c | 2418 4889 | 4424 2848 | 8944 2438 | 8b7c 2454 | 897c 2448 
  0x0000022e17b961ec: 4489 4424 | 4c44 894c | 2450 895c | 2454 4489 | 5424 5844 | 895c 245c 

  0x0000022e17b96204: ;   {runtime_call UncommonTrapBlob}
  0x0000022e17b96204: c5f8 77e8 

  0x0000022e17b96208: ; ImmutableOopMap {rbp=NarrowOop [0]=Oop [40]=Oop [48]=Oop [56]=Oop }
                      ;*invokeinterface glVertexAttribPointer {reexecute=0 rethrow=0 return_oop=0}
                      ; - com.badlogic.gdx.graphics.glutils.ShaderProgram::setVertexAttribute@20 (line 693)
                      ; - com.badlogic.gdx.graphics.glutils.VertexBufferObject::bind@157 (line 198)
                      ; - com.badlogic.gdx.graphics.Mesh::bind@6 (line 515)
                      ; - com.badlogic.gdx.graphics.Mesh::bind@4 (line 505)
                      ; - com.badlogic.gdx.graphics.Mesh::render@13 (line 620)
  0x0000022e17b96208: f4e3 9fff 

  0x0000022e17b9620c: ;   {other}
  0x0000022e17b9620c: 0f1f 8400 | fc1f 001f | bade ffff | ff48 8b2c | 244c 8b5c | 2438 4c89 | 1c24 4c8b | 5c24 104c 
  0x0000022e17b9622c: 895c 2408 | 448b 4424 | 2844 8944 | 241c 4489 | 6c24 2444 | 8954 2428 

  0x0000022e17b96244: ;   {runtime_call UncommonTrapBlob}
  0x0000022e17b96244: c5f8 77e8 

  0x0000022e17b96248: ; ImmutableOopMap {rbp=Oop [0]=Oop [8]=Oop [36]=NarrowOop [44]=NarrowOop }
                      ;*invokeinterface glDisableVertexAttribArray {reexecute=0 rethrow=0 return_oop=0}
                      ; - com.badlogic.gdx.graphics.glutils.ShaderProgram::disableVertexAttribute@22 (line 731)
                      ; - com.badlogic.gdx.graphics.glutils.VertexBufferObject::unbind@40 (line 230)
                      ; - com.badlogic.gdx.graphics.Mesh::unbind@6 (line 535)
                      ; - com.badlogic.gdx.graphics.Mesh::unbind@4 (line 525)
                      ; - com.badlogic.gdx.graphics.Mesh::render@320 (line 657)
  0x0000022e17b96248: b4e3 9fff 

  0x0000022e17b9624c: ;   {other}
  0x0000022e17b9624c: 0f1f 8400 | 3c20 0020 | bade ffff | ff4c 8b54 | 2428 4c89 | 1424 448b | 5424 1444 | 8954 2410 
  0x0000022e17b9626c: 448b 5c24 | 1844 895c | 2414 448b | 5c24 2044 | 895c 2418 | 4c89 7424 | 284c 8974 | 2438 448b 
  0x0000022e17b9628c: 5424 5044 | 8954 2448 | 4489 4424 | 50c5 7a11 | 7424 5844 | 894c 245c | 4489 6c24 | 6066 6690 
  0x0000022e17b962ac: ;   {runtime_call UncommonTrapBlob}
  0x0000022e17b962ac: c5f8 77e8 

  0x0000022e17b962b0: ; ImmutableOopMap {rbp=NarrowOop [0]=Oop [40]=Oop [48]=Oop [56]=Oop [72]=NarrowOop [80]=NarrowOop [88]=NarrowOop [96]=NarrowOop }
                      ;*invokevirtual equals {reexecute=0 rethrow=0 return_oop=0}
                      ; - com.badlogic.gdx.utils.ObjectIntMap::locateKey@43 (line 131)
                      ; - com.badlogic.gdx.utils.ObjectIntMap::get@2 (line 187)
                      ; - com.badlogic.gdx.graphics.glutils.ShaderProgram::getAttributeLocation@6 (line 877)
                      ; - com.badlogic.gdx.graphics.glutils.VertexBufferObject::bind@108 (line 194)
                      ; - com.badlogic.gdx.graphics.Mesh::bind@6 (line 515)
                      ; - com.badlogic.gdx.graphics.Mesh::bind@4 (line 505)
                      ; - com.badlogic.gdx.graphics.Mesh::render@13 (line 620)
  0x0000022e17b962b0: 4ce3 9fff 

  0x0000022e17b962b4: ;   {other}
  0x0000022e17b962b4: 0f1f 8400 | a420 0021 | bade ffff | ff4c 8b54 | 2438 4c89 | 5424 184c | 8954 2420 | 4489 6c24 
  0x0000022e17b962d4: 3c44 8974 | 2444 4489 | 4c24 48c5 | 7a11 6c24 | 4c44 8944 | 2450 4489 | 4c24 5490 

  0x0000022e17b962f0: ;   {runtime_call UncommonTrapBlob}
  0x0000022e17b962f0: c5f8 77e8 

  0x0000022e17b962f4: ; ImmutableOopMap {rbp=NarrowOop [0]=Oop [16]=Oop [24]=Oop [32]=Oop [44]=NarrowOop [60]=NarrowOop [68]=NarrowOop [72]=NarrowOop [76]=NarrowOop [84]=NarrowOop }
                      ;*invokevirtual equals {reexecute=0 rethrow=0 return_oop=0}
                      ; - com.badlogic.gdx.utils.ObjectIntMap::locateKey@43 (line 131)
                      ; - com.badlogic.gdx.utils.ObjectIntMap::get@2 (line 187)
                      ; - com.badlogic.gdx.graphics.glutils.ShaderProgram::fetchAttributeLocation@11 (line 286)
                      ; - com.badlogic.gdx.graphics.glutils.ShaderProgram::disableVertexAttribute@10 (line 729)
                      ; - com.badlogic.gdx.graphics.glutils.VertexBufferObject::unbind@40 (line 230)
                      ; - com.badlogic.gdx.graphics.Mesh::unbind@6 (line 535)
                      ; - com.badlogic.gdx.graphics.Mesh::unbind@4 (line 525)
                      ; - com.badlogic.gdx.graphics.Mesh::render@320 (line 657)
  0x0000022e17b962f4: 08e3 9fff 

  0x0000022e17b962f8: ;   {other}
  0x0000022e17b962f8: 0f1f 8400 | e820 0022 | baf6 ffff | ff66 6690 

  0x0000022e17b96308: ;   {runtime_call UncommonTrapBlob}
  0x0000022e17b96308: c5f8 77e8 

  0x0000022e17b9630c: ; ImmutableOopMap {}
                      ;*invokevirtual limit {reexecute=0 rethrow=0 return_oop=0}
                      ; - com.badlogic.gdx.graphics.glutils.IndexArray::getNumIndices@15 (line 50)
                      ; - com.badlogic.gdx.graphics.Mesh::bind@45 (line 517)
                      ; - com.badlogic.gdx.graphics.Mesh::bind@4 (line 505)
                      ; - com.badlogic.gdx.graphics.Mesh::render@13 (line 620)
  0x0000022e17b9630c: f0e2 9fff 

  0x0000022e17b96310: ;   {other}
  0x0000022e17b96310: 0f1f 8400 | 0021 0023 | baf6 ffff | ff66 6690 

  0x0000022e17b96320: ;   {runtime_call UncommonTrapBlob}
  0x0000022e17b96320: c5f8 77e8 

  0x0000022e17b96324: ; ImmutableOopMap {}
                      ;*invokevirtual limit {reexecute=0 rethrow=0 return_oop=0}
                      ; - com.badlogic.gdx.graphics.glutils.IndexArray::getNumIndices@15 (line 50)
                      ; - com.badlogic.gdx.graphics.Mesh::unbind@45 (line 537)
                      ; - com.badlogic.gdx.graphics.Mesh::unbind@4 (line 525)
                      ; - com.badlogic.gdx.graphics.Mesh::render@320 (line 657)
  0x0000022e17b96324: d8e2 9fff 

  0x0000022e17b96328: ;   {other}
  0x0000022e17b96328: 0f1f 8400 | 1821 0024 | bade ffff | ff44 8b54 | 2414 4489 | 5424 0844 | 8b5c 2418 | 4489 5c24 
  0x0000022e17b96348: 0c44 8944 | 2418 6690 

  0x0000022e17b96350: ;   {runtime_call UncommonTrapBlob}
  0x0000022e17b96350: c5f8 77e8 

  0x0000022e17b96354: ; ImmutableOopMap {[24]=NarrowOop [40]=Oop [56]=Oop }
                      ;*invokeinterface getNumIndices {reexecute=0 rethrow=0 return_oop=0}
                      ; - com.badlogic.gdx.graphics.Mesh::render@27 (line 623)
  0x0000022e17b96354: a8e2 9fff 

  0x0000022e17b96358: ;   {other}
  0x0000022e17b96358: 0f1f 8400 | 4821 0025 | bade ffff | ff44 8b54 | 241c 4489 | 5424 0889 | 5c24 0c44 | 8b44 2414 
  0x0000022e17b96378: 4489 4424 | 1044 8b54 | 2420 4489 | 5424 1444 | 894c 241c | 4489 5c24 | 2066 6690 

  0x0000022e17b96394: ;   {runtime_call UncommonTrapBlob}
  0x0000022e17b96394: c5f8 77e8 

  0x0000022e17b96398: ; ImmutableOopMap {[12]=NarrowOop [32]=NarrowOop [40]=Oop [56]=Oop }
                      ;*invokeinterface glDrawElements {reexecute=0 rethrow=0 return_oop=0}
                      ; - com.badlogic.gdx.graphics.Mesh::render@79 (line 628)
  0x0000022e17b96398: 64e2 9fff 

  0x0000022e17b9639c: ;   {other}
  0x0000022e17b9639c: 0f1f 8400 | 8c21 0026 | ba45 ffff | ff48 8b2c | 244c 8b5c | 2410 4c89 | 5c24 08c5 | fb11 4424 
  0x0000022e17b963bc: 1089 7424 | 18c5 fa11 | 4c24 1cc5 | fb11 4424 | 28c5 fa11 | 6424 30c5 | 7a11 7424 | 3844 8974 
  0x0000022e17b963dc: 243c 4489 | 6c24 4044 | 8954 2444 | 894c 2448 | 4489 4424 | 4c66 6690 

  0x0000022e17b963f4: ;   {runtime_call UncommonTrapBlob}
  0x0000022e17b963f4: c5f8 77e8 

  0x0000022e17b963f8: ; ImmutableOopMap {rbp=Oop [8]=Oop [16]=Oop [40]=Oop [48]=NarrowOop [56]=NarrowOop [60]=NarrowOop [64]=NarrowOop }
                      ;*if_icmpne {reexecute=1 rethrow=0 return_oop=0}
                      ; - (reexecute) java.lang.String::equals@33 (line 1850)
                      ; - com.badlogic.gdx.utils.ObjectIntMap::locateKey@43 (line 131)
                      ; - com.badlogic.gdx.utils.ObjectIntMap::get@2 (line 187)
                      ; - com.badlogic.gdx.graphics.glutils.ShaderProgram::fetchAttributeLocation@11 (line 286)
                      ; - com.badlogic.gdx.graphics.glutils.ShaderProgram::disableVertexAttribute@10 (line 729)
                      ; - com.badlogic.gdx.graphics.glutils.VertexArray::unbind@34 (line 166)
                      ; - com.badlogic.gdx.graphics.Mesh::unbind@6 (line 535)
                      ; - com.badlogic.gdx.graphics.Mesh::unbind@4 (line 525)
                      ; - com.badlogic.gdx.graphics.Mesh::render@320 (line 657)
  0x0000022e17b963f8: 04e2 9fff 

  0x0000022e17b963fc: ;   {other}
  0x0000022e17b963fc: 0f1f 8400 | ec21 0027 | ba76 ffff | ff48 8b2c | 244c 8b54 | 2410 4c89 | 5424 0889 | 7424 1c90 
  0x0000022e17b9641c: ;   {runtime_call UncommonTrapBlob}
  0x0000022e17b9641c: c5f8 77e8 

  0x0000022e17b96420: ; ImmutableOopMap {rbp=Oop [8]=Oop [56]=Oop }
                      ;*if_icmpge {reexecute=1 rethrow=0 return_oop=0}
                      ; - (reexecute) com.badlogic.gdx.graphics.glutils.VertexArray::unbind@18 (line 165)
                      ; - com.badlogic.gdx.graphics.Mesh::unbind@6 (line 535)
                      ; - com.badlogic.gdx.graphics.Mesh::unbind@4 (line 525)
                      ; - com.badlogic.gdx.graphics.Mesh::render@320 (line 657)
  0x0000022e17b96420: dce1 9fff 

  0x0000022e17b96424: ;   {other}
  0x0000022e17b96424: 0f1f 8400 | 1422 0028 | ba45 ffff | ff8b ee90 

  0x0000022e17b96434: ;   {runtime_call UncommonTrapBlob}
  0x0000022e17b96434: c5f8 77e8 

  0x0000022e17b96438: ; ImmutableOopMap {}
                      ;*ifne {reexecute=1 rethrow=0 return_oop=0}
                      ; - (reexecute) com.badlogic.gdx.graphics.Mesh::render@2 (line 618)
  0x0000022e17b96438: c4e1 9fff 

  0x0000022e17b9643c: ;   {other}
  0x0000022e17b9643c: 0f1f 8400 | 2c22 0029 | ba45 ffff | ff49 8be8 | 4489 4c24 | 0889 7c24 | 0c89 7424 | 1089 4c24 
  0x0000022e17b9645c: 1866 6690 

  0x0000022e17b96460: ;   {runtime_call UncommonTrapBlob}
  0x0000022e17b96460: c5f8 77e8 

  0x0000022e17b96464: ; ImmutableOopMap {rbp=Oop [56]=Oop }
                      ;*ifeq {reexecute=1 rethrow=0 return_oop=0}
                      ; - (reexecute) com.badlogic.gdx.graphics.Mesh::render@8 (line 620)
  0x0000022e17b96464: 98e1 9fff 

  0x0000022e17b96468: ;   {other}
  0x0000022e17b96468: 0f1f 8400 | 5822 002a | ba45 ffff | ff44 8b5c | 2414 4489 | 5c24 0844 | 8b4c 2418 | 4489 4c24 
  0x0000022e17b96488: 0c44 8b5c | 2420 4489 | 5c24 1044 | 8b4c 241c | 4489 4c24 | 1448 ff74 | 2428 488f | 4424 1844 
  0x0000022e17b964a8: 8944 2428 

  0x0000022e17b964ac: ;   {runtime_call UncommonTrapBlob}
  0x0000022e17b964ac: c5f8 77e8 

  0x0000022e17b964b0: ; ImmutableOopMap {[24]=Oop [40]=NarrowOop [56]=Oop }
                      ;*ifnull {reexecute=1 rethrow=0 return_oop=0}
                      ; - (reexecute) com.badlogic.gdx.graphics.Mesh::bind@15 (line 516)
                      ; - com.badlogic.gdx.graphics.Mesh::bind@4 (line 505)
                      ; - com.badlogic.gdx.graphics.Mesh::render@13 (line 620)
  0x0000022e17b964b0: 4ce1 9fff 

  0x0000022e17b964b4: ;   {other}
  0x0000022e17b964b4: 0f1f 8400 | a422 002b | ba45 ffff | ff48 8b2c | 2444 8954 | 2408 6690 

  0x0000022e17b964cc: ;   {runtime_call UncommonTrapBlob}
  0x0000022e17b964cc: c5f8 77e8 

  0x0000022e17b964d0: ; ImmutableOopMap {rbp=Oop [8]=NarrowOop [56]=Oop }
                      ;*ifnull {reexecute=1 rethrow=0 return_oop=0}
                      ; - (reexecute) com.badlogic.gdx.graphics.Mesh::unbind@15 (line 536)
                      ; - com.badlogic.gdx.graphics.Mesh::unbind@4 (line 525)
                      ; - com.badlogic.gdx.graphics.Mesh::render@320 (line 657)
  0x0000022e17b964d0: 2ce1 9fff 

  0x0000022e17b964d4: ;   {other}
  0x0000022e17b964d4: 0f1f 8400 | c422 002c | bade ffff | ff44 8b54 | 2414 4489 | 5424 0844 | 8b5c 2418 | 4489 5c24 
  0x0000022e17b964f4: 0c44 8944 | 2418 6690 

  0x0000022e17b964fc: ;   {runtime_call UncommonTrapBlob}
  0x0000022e17b964fc: c5f8 77e8 

  0x0000022e17b96500: ; ImmutableOopMap {[24]=NarrowOop [40]=Oop [56]=Oop }
                      ;*invokeinterface getNumIndices {reexecute=0 rethrow=0 return_oop=0}
                      ; - com.badlogic.gdx.graphics.Mesh::render@135 (line 637)
  0x0000022e17b96500: fce0 9fff 

  0x0000022e17b96504: ;   {other}
  0x0000022e17b96504: 0f1f 8400 | f422 002d | bade ffff | ff89 5c24 | 0c44 8b54 | 2414 4489 | 5424 1044 | 8b5c 2418 
  0x0000022e17b96524: 4489 5c24 | 1466 6690 

  0x0000022e17b9652c: ;   {runtime_call UncommonTrapBlob}
  0x0000022e17b9652c: c5f8 77e8 

  0x0000022e17b96530: ; ImmutableOopMap {[12]=NarrowOop [40]=Oop [56]=Oop }
                      ;*invokeinterface glDrawArrays {reexecute=0 rethrow=0 return_oop=0}
                      ; - com.badlogic.gdx.graphics.Mesh::render@308 (line 652)
  0x0000022e17b96530: cce0 9fff 

  0x0000022e17b96534: ;   {other}
  0x0000022e17b96534: 0f1f 8400 | 2423 002e | bac6 ffff | ff4c 8b5c | 2438 4c89 | 1c24 448b | 4c24 1444 | 894c 2408 
  0x0000022e17b96554: 897c 240c | 8974 2410 | 894c 2414 | 4c89 4424 | 1844 8954 | 2428 6690 

  0x0000022e17b9656c: ;   {runtime_call UncommonTrapBlob}
  0x0000022e17b9656c: c5f8 77e8 

  0x0000022e17b96570: ; ImmutableOopMap {[0]=Oop [24]=Oop [40]=NarrowOop }
                      ;*invokeinterface bind {reexecute=0 rethrow=0 return_oop=0}
                      ; - com.badlogic.gdx.graphics.Mesh::bind@6 (line 515)
                      ; - com.badlogic.gdx.graphics.Mesh::bind@4 (line 505)
                      ; - com.badlogic.gdx.graphics.Mesh::render@13 (line 620)
  0x0000022e17b96570: 8ce0 9fff 

  0x0000022e17b96574: ;   {other}
  0x0000022e17b96574: 0f1f 8400 | 6423 002f | bade ffff | ff4c 8b54 | 2438 4c89 | 5424 0844 | 8b54 2414 | 4489 5424 
  0x0000022e17b96594: 1089 7c24 | 1489 7424 | 1889 4c24 | 1c4c 8944 | 2420 4889 | 5c24 3044 | 895c 2440 

  0x0000022e17b965b0: ;   {runtime_call UncommonTrapBlob}
  0x0000022e17b965b0: c5f8 77e8 

  0x0000022e17b965b4: ; ImmutableOopMap {rbp=NarrowOop [8]=Oop [32]=Oop [48]=Oop }
                      ;*invokeinterface glBindBuffer {reexecute=0 rethrow=0 return_oop=0}
                      ; - com.badlogic.gdx.graphics.glutils.VertexBufferObject::bind@11 (line 183)
                      ; - com.badlogic.gdx.graphics.Mesh::bind@6 (line 515)
                      ; - com.badlogic.gdx.graphics.Mesh::bind@4 (line 505)
                      ; - com.badlogic.gdx.graphics.Mesh::render@13 (line 620)
  0x0000022e17b965b4: 48e0 9fff 

  0x0000022e17b965b8: ;   {other}
  0x0000022e17b965b8: 0f1f 8400 | a823 0030 | bade ffff | ff48 8b6c | 2428 4c8b | 5c24 384c | 891c 2444 | 8b5c 2414 
  0x0000022e17b965d8: 4489 5c24 | 088b 4c24 | 1889 4c24 | 0c44 8b5c | 2420 4489 | 5c24 108b | 4c24 1c89 | 4c24 144c 
  0x0000022e17b965f8: 894c 2428 | 4c8b 5c24 | 404c 895c | 2438 4489 | 5424 4044 | 8944 2444 

  0x0000022e17b96610: ;   {runtime_call UncommonTrapBlob}
  0x0000022e17b96610: c5f8 77e8 

  0x0000022e17b96614: ; ImmutableOopMap {rbp=Oop [0]=Oop [40]=Oop [56]=Oop [64]=NarrowOop }
                      ;*invokevirtual limit {reexecute=0 rethrow=0 return_oop=0}
                      ; - com.badlogic.gdx.graphics.glutils.VertexBufferObject::bind@36 (line 185)
                      ; - com.badlogic.gdx.graphics.Mesh::bind@6 (line 515)
                      ; - com.badlogic.gdx.graphics.Mesh::bind@4 (line 505)
                      ; - com.badlogic.gdx.graphics.Mesh::render@13 (line 620)
  0x0000022e17b96614: e8df 9fff 

  0x0000022e17b96618: ;   {other}
  0x0000022e17b96618: 0f1f 8400 | 0824 0031 | bac6 ffff | ff44 8b5c | 2414 4489 | 5c24 0844 | 8b4c 2418 | 4489 4c24 
  0x0000022e17b96638: 0c44 8b5c | 2420 4489 | 5c24 1044 | 8b4c 241c | 4489 4c24 | 1444 8944 | 2420 6690 

  0x0000022e17b96654: ;   {runtime_call UncommonTrapBlob}
  0x0000022e17b96654: c5f8 77e8 

  0x0000022e17b96658: ; ImmutableOopMap {[32]=NarrowOop [40]=Oop [56]=Oop }
                      ;*invokeinterface getNumIndices {reexecute=0 rethrow=0 return_oop=0}
                      ; - com.badlogic.gdx.graphics.Mesh::bind@45 (line 517)
                      ; - com.badlogic.gdx.graphics.Mesh::bind@4 (line 505)
                      ; - com.badlogic.gdx.graphics.Mesh::render@13 (line 620)
  0x0000022e17b96658: a4df 9fff 

  0x0000022e17b9665c: ;   {other}
  0x0000022e17b9665c: 0f1f 8400 | 4c24 0032 | bac6 ffff | ff48 8b2c | 2444 8954 | 2408 6690 

  0x0000022e17b96674: ;   {runtime_call UncommonTrapBlob}
  0x0000022e17b96674: c5f8 77e8 

  0x0000022e17b96678: ; ImmutableOopMap {rbp=Oop [8]=NarrowOop [56]=Oop }
                      ;*invokeinterface unbind {reexecute=0 rethrow=0 return_oop=0}
                      ; - com.badlogic.gdx.graphics.Mesh::unbind@6 (line 535)
                      ; - com.badlogic.gdx.graphics.Mesh::unbind@4 (line 525)
                      ; - com.badlogic.gdx.graphics.Mesh::render@320 (line 657)
  0x0000022e17b96678: 84df 9fff 

  0x0000022e17b9667c: ;   {other}
  0x0000022e17b9667c: 0f1f 8400 | 6c24 0033 | bade ffff | ff48 8b2c | 244c 8b54 | 2410 4c89 | 5424 0844 | 895c 2410 
  0x0000022e17b9669c: ;   {runtime_call UncommonTrapBlob}
  0x0000022e17b9669c: c5f8 77e8 

  0x0000022e17b966a0: ; ImmutableOopMap {rbp=Oop [8]=Oop [16]=NarrowOop [56]=Oop }
                      ;*invokeinterface glBindBuffer {reexecute=0 rethrow=0 return_oop=0}
                      ; - com.badlogic.gdx.graphics.glutils.VertexBufferObject::unbind@89 (line 238)
                      ; - com.badlogic.gdx.graphics.Mesh::unbind@6 (line 535)
                      ; - com.badlogic.gdx.graphics.Mesh::unbind@4 (line 525)
                      ; - com.badlogic.gdx.graphics.Mesh::render@320 (line 657)
  0x0000022e17b966a0: 5cdf 9fff 

  0x0000022e17b966a4: ;   {other}
  0x0000022e17b966a4: 0f1f 8400 | 9424 0034 | bac6 ffff | ff48 8b2c | 2444 891c | 2466 6690 

  0x0000022e17b966bc: ;   {runtime_call UncommonTrapBlob}
  0x0000022e17b966bc: c5f8 77e8 

  0x0000022e17b966c0: ; ImmutableOopMap {rbp=Oop [0]=NarrowOop }
                      ;*invokeinterface getNumIndices {reexecute=0 rethrow=0 return_oop=0}
                      ; - com.badlogic.gdx.graphics.Mesh::unbind@45 (line 537)
                      ; - com.badlogic.gdx.graphics.Mesh::unbind@4 (line 525)
                      ; - com.badlogic.gdx.graphics.Mesh::render@320 (line 657)
  0x0000022e17b966c0: 3cdf 9fff 

  0x0000022e17b966c4: ;   {other}
  0x0000022e17b966c4: 0f1f 8400 | b424 0035 | ba45 ffff | ff48 8b6c | 2428 448b | 5c24 1444 | 895c 2408 | 448b 5424 
  0x0000022e17b966e4: 1844 8954 | 240c 448b | 5c24 2044 | 895c 2410 | 448b 5424 | 1c44 8954 | 2414 4c89 | 7424 204c 
  0x0000022e17b96704: 8b54 2430 | 4c89 5424 | 284c 8974 | 2430 448b | 5c24 4044 | 895c 2438 | 448b 5424 | 4444 8954 
  0x0000022e17b96724: 243c 4489 | 4c24 4490 

  0x0000022e17b9672c: ;   {runtime_call UncommonTrapBlob}
  0x0000022e17b9672c: c5f8 77e8 

  0x0000022e17b96730: ; ImmutableOopMap {rbp=Oop [32]=Oop [40]=Oop [48]=Oop [80]=NarrowOop }
                      ;*ifge {reexecute=1 rethrow=0 return_oop=0}
                      ; - (reexecute) com.badlogic.gdx.utils.ObjectIntMap::get@7 (line 188)
                      ; - com.badlogic.gdx.graphics.glutils.ShaderProgram::getAttributeLocation@6 (line 877)
                      ; - com.badlogic.gdx.graphics.glutils.VertexBufferObject::bind@108 (line 194)
                      ; - com.badlogic.gdx.graphics.Mesh::bind@6 (line 515)
                      ; - com.badlogic.gdx.graphics.Mesh::bind@4 (line 505)
                      ; - com.badlogic.gdx.graphics.Mesh::render@13 (line 620)
  0x0000022e17b96730: ccde 9fff 

  0x0000022e17b96734: ;   {other}
  0x0000022e17b96734: 0f1f 8400 | 2425 0036 | ba45 ffff | ff48 8b6c | 2428 448b | 5424 1444 | 8954 2408 | 448b 5c24 
  0x0000022e17b96754: 1844 895c | 240c 448b | 5424 2044 | 8954 2410 | 448b 5c24 | 1c44 895c | 2414 4c89 | 7424 204c 
  0x0000022e17b96774: 8b54 2430 | 4c89 5424 | 284c 8974 | 2430 448b | 5424 4044 | 8954 2438 | 4489 4424 | 4066 6690 
  0x0000022e17b96794: ;   {runtime_call UncommonTrapBlob}
  0x0000022e17b96794: c5f8 77e8 

  0x0000022e17b96798: ; ImmutableOopMap {rbp=Oop [32]=Oop [40]=Oop [48]=Oop }
                      ;*ifge {reexecute=1 rethrow=0 return_oop=0}
                      ; - (reexecute) com.badlogic.gdx.graphics.glutils.VertexBufferObject::bind@115 (line 195)
                      ; - com.badlogic.gdx.graphics.Mesh::bind@6 (line 515)
                      ; - com.badlogic.gdx.graphics.Mesh::bind@4 (line 505)
                      ; - com.badlogic.gdx.graphics.Mesh::render@13 (line 620)
  0x0000022e17b96798: 64de 9fff 

  0x0000022e17b9679c: ;   {other}
  0x0000022e17b9679c: 0f1f 8400 | 8c25 0037 | ba45 ffff | ff4c 8b54 | 2428 4c89 | 1424 448b | 5c24 1444 | 895c 2410 
  0x0000022e17b967bc: 448b 5424 | 1844 8954 | 2414 448b | 5c24 2044 | 895c 2418 | 4c89 7424 | 284c 8974 | 2438 4489 
  0x0000022e17b967dc: 4424 5889 | 4c24 5c90 

  0x0000022e17b967e4: ;   {runtime_call UncommonTrapBlob}
  0x0000022e17b967e4: c5f8 77e8 

  0x0000022e17b967e8: ; ImmutableOopMap {[0]=Oop [40]=Oop [48]=Oop [56]=Oop [80]=NarrowOop [92]=NarrowOop }
                      ;*ifeq {reexecute=1 rethrow=0 return_oop=0}
                      ; - (reexecute) com.badlogic.gdx.graphics.glutils.ShaderProgram::checkManaged@4 (line 758)
                      ; - com.badlogic.gdx.graphics.glutils.ShaderProgram::enableVertexAttribute@5 (line 753)
                      ; - com.badlogic.gdx.graphics.glutils.VertexBufferObject::bind@124 (line 196)
                      ; - com.badlogic.gdx.graphics.Mesh::bind@6 (line 515)
                      ; - com.badlogic.gdx.graphics.Mesh::bind@4 (line 505)
                      ; - com.badlogic.gdx.graphics.Mesh::render@13 (line 620)
  0x0000022e17b967e8: 14de 9fff 

  0x0000022e17b967ec: ;   {other}
  0x0000022e17b967ec: 0f1f 8400 | dc25 0038 | ba45 ffff | ff48 894c | 2418 4889 | 4c24 2044 | 895c 2430 | 897c 2434 
  0x0000022e17b9680c: 4489 4424 | 3844 894c | 243c 4489 | 6c24 4090 

  0x0000022e17b9681c: ;   {runtime_call UncommonTrapBlob}
  0x0000022e17b9681c: c5f8 77e8 

  0x0000022e17b96820: ; ImmutableOopMap {[0]=Oop [16]=Oop [24]=Oop [32]=Oop [48]=NarrowOop [60]=NarrowOop [64]=NarrowOop }
                      ;*ifeq {reexecute=1 rethrow=0 return_oop=0}
                      ; - (reexecute) com.badlogic.gdx.graphics.glutils.ShaderProgram::checkManaged@4 (line 758)
                      ; - com.badlogic.gdx.graphics.glutils.ShaderProgram::disableVertexAttribute@5 (line 728)
                      ; - com.badlogic.gdx.graphics.glutils.VertexBufferObject::unbind@40 (line 230)
                      ; - com.badlogic.gdx.graphics.Mesh::unbind@6 (line 535)
                      ; - com.badlogic.gdx.graphics.Mesh::unbind@4 (line 525)
                      ; - com.badlogic.gdx.graphics.Mesh::render@320 (line 657)
  0x0000022e17b96820: dcdd 9fff 

  0x0000022e17b96824: ;   {other}
  0x0000022e17b96824: 0f1f 8400 | 1426 0039 | ba45 ffff | ff48 8b4c | 2408 4889 | 0c24 8b4c | 2414 894c | 2410 8b4c 
  0x0000022e17b96844: 2418 894c | 2414 8b7c | 2420 897c | 2418 4889 | 4424 2848 | 8944 2438 | 8b4c 2454 | 894c 2450 
  0x0000022e17b96864: 4489 4424 | 5444 894c | 2458 895c | 245c 4489 | 5424 6044 | 895c 2464 | 4489 6c24 | 6866 6690 
  0x0000022e17b96884: ;   {runtime_call UncommonTrapBlob}
  0x0000022e17b96884: c5f8 77e8 

  0x0000022e17b96888: ; ImmutableOopMap {rbp=NarrowOop [0]=Oop [40]=Oop [48]=Oop [56]=Oop }
                      ;*ifeq {reexecute=1 rethrow=0 return_oop=0}
                      ; - (reexecute) com.badlogic.gdx.graphics.glutils.ShaderProgram::checkManaged@4 (line 758)
                      ; - com.badlogic.gdx.graphics.glutils.ShaderProgram::setVertexAttribute@6 (line 692)
                      ; - com.badlogic.gdx.graphics.glutils.VertexBufferObject::bind@157 (line 198)
                      ; - com.badlogic.gdx.graphics.Mesh::bind@6 (line 515)
                      ; - com.badlogic.gdx.graphics.Mesh::bind@4 (line 505)
                      ; - com.badlogic.gdx.graphics.Mesh::render@13 (line 620)
  0x0000022e17b96888: 74dd 9fff 

  0x0000022e17b9688c: ;   {other}
  0x0000022e17b9688c: 0f1f 8400 | 7c26 003a | ba45 ffff | ff48 8b2c | 244c 8b5c | 2438 4c89 | 1c24 4c8b | 5c24 104c 
  0x0000022e17b968ac: 895c 2408 | 448b 4424 | 2c44 8944 | 2420 448b | 5c24 2844 | 895c 2424 | 448b 4424 | 3044 8944 
  0x0000022e17b968cc: 2428 4489 | 4c24 3044 | 896c 2434 | 4489 5424 | 3866 6690 

  0x0000022e17b968e0: ;   {runtime_call UncommonTrapBlob}
  0x0000022e17b968e0: c5f8 77e8 

  0x0000022e17b968e4: ; ImmutableOopMap {rbp=Oop [0]=Oop [8]=Oop [32]=NarrowOop [48]=NarrowOop [52]=NarrowOop }
                      ;*ifge {reexecute=1 rethrow=0 return_oop=0}
                      ; - (reexecute) com.badlogic.gdx.utils.ObjectIntMap::get@7 (line 188)
                      ; - com.badlogic.gdx.graphics.glutils.ShaderProgram::fetchAttributeLocation@11 (line 286)
                      ; - com.badlogic.gdx.graphics.glutils.ShaderProgram::disableVertexAttribute@10 (line 729)
                      ; - com.badlogic.gdx.graphics.glutils.VertexBufferObject::unbind@40 (line 230)
                      ; - com.badlogic.gdx.graphics.Mesh::unbind@6 (line 535)
                      ; - com.badlogic.gdx.graphics.Mesh::unbind@4 (line 525)
                      ; - com.badlogic.gdx.graphics.Mesh::render@320 (line 657)
  0x0000022e17b968e4: 18dd 9fff 

  0x0000022e17b968e8: ;   {other}
  0x0000022e17b968e8: 0f1f 8400 | d826 003b | ba45 ffff | ff48 8b2c | 244c 8b5c | 2438 4c89 | 1c24 4c8b | 5c24 104c 
  0x0000022e17b96908: 895c 2408 | 448b 5c24 | 2c44 895c | 2420 448b | 4424 2844 | 8944 2424 | 448b 5c24 | 3044 895c 
  0x0000022e17b96928: 2428 4489 | 4c24 3044 | 896c 2434 | 4489 5424 | 3866 6690 

  0x0000022e17b9693c: ;   {runtime_call UncommonTrapBlob}
  0x0000022e17b9693c: c5f8 77e8 

  0x0000022e17b96940: ; ImmutableOopMap {rbp=Oop [0]=Oop [8]=Oop [32]=NarrowOop [48]=NarrowOop [52]=NarrowOop }
                      ;*if_icmpne {reexecute=1 rethrow=0 return_oop=0}
                      ; - (reexecute) com.badlogic.gdx.graphics.glutils.ShaderProgram::fetchAttributeLocation@18 (line 286)
                      ; - com.badlogic.gdx.graphics.glutils.ShaderProgram::disableVertexAttribute@10 (line 729)
                      ; - com.badlogic.gdx.graphics.glutils.VertexBufferObject::unbind@40 (line 230)
                      ; - com.badlogic.gdx.graphics.Mesh::unbind@6 (line 535)
                      ; - com.badlogic.gdx.graphics.Mesh::unbind@4 (line 525)
                      ; - com.badlogic.gdx.graphics.Mesh::render@320 (line 657)
  0x0000022e17b96940: bcdc 9fff 

  0x0000022e17b96944: ;   {other}
  0x0000022e17b96944: 0f1f 8400 | 3427 003c | ba45 ffff | ff48 8b2c | 244c 8b5c | 2438 4c89 | 1c24 4c8b | 5c24 104c 
  0x0000022e17b96964: 895c 2408 | 4489 5424 | 2466 6690 

  0x0000022e17b96970: ;   {runtime_call UncommonTrapBlob}
  0x0000022e17b96970: c5f8 77e8 

  0x0000022e17b96974: ; ImmutableOopMap {rbp=Oop [0]=Oop [8]=Oop [44]=NarrowOop }
                      ;*if_icmpne {reexecute=1 rethrow=0 return_oop=0}
                      ; - (reexecute) com.badlogic.gdx.graphics.glutils.ShaderProgram::disableVertexAttribute@16 (line 730)
                      ; - com.badlogic.gdx.graphics.glutils.VertexBufferObject::unbind@40 (line 230)
                      ; - com.badlogic.gdx.graphics.Mesh::unbind@6 (line 535)
                      ; - com.badlogic.gdx.graphics.Mesh::unbind@4 (line 525)
                      ; - com.badlogic.gdx.graphics.Mesh::render@320 (line 657)
  0x0000022e17b96974: 88dc 9fff 

  0x0000022e17b96978: ;   {other}
  0x0000022e17b96978: 0f1f 8400 | 6827 003d | ba45 ffff | ff44 8b5c | 2414 4489 | 5c24 0844 | 8b54 2418 | 4489 5424 
  0x0000022e17b96998: 0c44 8944 | 2418 6690 

  0x0000022e17b969a0: ;   {runtime_call UncommonTrapBlob}
  0x0000022e17b969a0: c5f8 77e8 

  0x0000022e17b969a4: ; ImmutableOopMap {[40]=Oop [56]=Oop }
                      ;*ifle {reexecute=1 rethrow=0 return_oop=0}
                      ; - (reexecute) com.badlogic.gdx.graphics.Mesh::render@32 (line 623)
  0x0000022e17b969a4: 58dc 9fff 

  0x0000022e17b969a8: ;   {other}
  0x0000022e17b969a8: 0f1f 8400 | 9827 003e | ba45 ffff | ff44 8b54 | 241c 4489 | 5424 088b | 5c24 1489 | 5c24 0c48 
  0x0000022e17b969c8: 8944 24f8 | 8b44 2420 | 8944 2410 | 488b 4424 | f844 894c | 2418 4489 | 5c24 1c44 | 8944 2420 
  0x0000022e17b969e8: 4489 5c24 | 2466 6690 

  0x0000022e17b969f0: ;   {runtime_call UncommonTrapBlob}
  0x0000022e17b969f0: c5f8 77e8 

  0x0000022e17b969f4: ; ImmutableOopMap {[28]=NarrowOop [36]=NarrowOop [40]=Oop [56]=Oop }
                      ;*ifle {reexecute=1 rethrow=0 return_oop=0}
                      ; - (reexecute) java.nio.Buffer::remaining@11 (line 522)
                      ; - org.lwjgl.opengl.GL11C::glDrawElements@2 (line 586)
                      ; - org.lwjgl.opengl.GL11::glDrawElements@2 (line 1913)
                      ; - com.badlogic.gdx.backends.lwjgl3.Lwjgl3GL20::glDrawElements@49 (line 284)
                      ; - com.badlogic.gdx.graphics.Mesh::render@79 (line 628)
  0x0000022e17b969f4: 08dc 9fff 

  0x0000022e17b969f8: ;   {other}
  0x0000022e17b969f8: 0f1f 8400 | e827 003f | ba45 ffff | ff44 8b44 | 2414 4489 | 4424 1044 | 8b5c 2418 | 4489 5c24 
  0x0000022e17b96a18: 1444 8b44 | 2420 4489 | 4424 1890 

  0x0000022e17b96a24: ;   {runtime_call UncommonTrapBlob}
  0x0000022e17b96a24: c5f8 77e8 

  0x0000022e17b96a28: ; ImmutableOopMap {[40]=Oop [56]=Oop }
                      ;*ifeq {reexecute=1 rethrow=0 return_oop=0}
                      ; - (reexecute) com.badlogic.gdx.graphics.glutils.IndexArray::getNumIndices@4 (line 50)
                      ; - com.badlogic.gdx.graphics.Mesh::bind@45 (line 517)
                      ; - com.badlogic.gdx.graphics.Mesh::bind@4 (line 505)
                      ; - com.badlogic.gdx.graphics.Mesh::render@13 (line 620)
  0x0000022e17b96a28: d4db 9fff 

  0x0000022e17b96a2c: ;   {other}
  0x0000022e17b96a2c: 0f1f 8400 | 1c28 0040 | ba45 ffff | ff44 8b5c | 2414 4489 | 5c24 1044 | 8b54 2418 | 4489 5424 
  0x0000022e17b96a4c: 1466 6690 

  0x0000022e17b96a50: ;   {runtime_call UncommonTrapBlob}
  0x0000022e17b96a50: c5f8 77e8 

  0x0000022e17b96a54: ; ImmutableOopMap {[40]=Oop [56]=Oop }
                      ;*ifeq {reexecute=1 rethrow=0 return_oop=0}
                      ; - (reexecute) com.badlogic.gdx.graphics.glutils.IndexArray::getNumIndices@4 (line 50)
                      ; - com.badlogic.gdx.graphics.Mesh::render@27 (line 623)
  0x0000022e17b96a54: a8db 9fff 

  0x0000022e17b96a58: ;   {other}
  0x0000022e17b96a58: 0f1f 8400 | 4828 0041 | ba45 ffff | ff48 8b6c | 2428 448b | 5424 1444 | 8954 2408 | 8b4c 2420 
  0x0000022e17b96a78: 894c 240c | 448b 5424 | 1c44 8954 | 2410 4489 | 4c24 2044 | 895c 2424 | 4489 5c24 | 2844 8944 
  0x0000022e17b96a98: 242c 6690 

  0x0000022e17b96a9c: ;   {runtime_call UncommonTrapBlob}
  0x0000022e17b96a9c: c5f8 77e8 

  0x0000022e17b96aa0: ; ImmutableOopMap {rbp=Oop [36]=NarrowOop [40]=NarrowOop [56]=Oop }
                      ;*if_icmple {reexecute=1 rethrow=0 return_oop=0}
                      ; - (reexecute) java.nio.Buffer::position@5 (line 326)
                      ; - java.nio.ShortBuffer::position@2 (line 1551)
                      ; - java.nio.ShortBuffer::position@2 (line 285)
                      ; - com.badlogic.gdx.graphics.Mesh::render@64 (line 627)
  0x0000022e17b96aa0: 5cdb 9fff 

  0x0000022e17b96aa4: ;   {other}
  0x0000022e17b96aa4: 0f1f 8400 | 9428 0042 | ba45 ffff | ff48 8b6c | 2428 448b | 4424 1444 | 8944 2408 | 448b 5424 
  0x0000022e17b96ac4: 2044 8954 | 240c 448b | 4424 1c44 | 8944 2410 | 4489 4c24 | 2044 895c | 2424 4489 | 5c24 2890 
  0x0000022e17b96ae4: ;   {runtime_call UncommonTrapBlob}
  0x0000022e17b96ae4: c5f8 77e8 

  0x0000022e17b96ae8: ; ImmutableOopMap {rbp=Oop [36]=NarrowOop [40]=NarrowOop [56]=Oop }
                      ;*ifge {reexecute=1 rethrow=0 return_oop=0}
                      ; - (reexecute) java.nio.Buffer::position@14 (line 326)
                      ; - java.nio.ShortBuffer::position@2 (line 1551)
                      ; - java.nio.ShortBuffer::position@2 (line 285)
                      ; - com.badlogic.gdx.graphics.Mesh::render@64 (line 627)
  0x0000022e17b96ae8: 14db 9fff 

  0x0000022e17b96aec: ;   {other}
  0x0000022e17b96aec: 0f1f 8400 | dc28 0043 | ba45 ffff | ff48 8b6c | 2428 448b | 5424 1444 | 8954 2408 | 448b 4424 
  0x0000022e17b96b0c: 2044 8944 | 240c 448b | 5424 1c44 | 8954 2410 | 4489 4c24 | 2044 895c | 2424 4489 | 5c24 2889 
  0x0000022e17b96b2c: 4424 2c90 

  0x0000022e17b96b30: ;   {runtime_call UncommonTrapBlob}
  0x0000022e17b96b30: c5f8 77e8 

  0x0000022e17b96b34: ; ImmutableOopMap {rbp=Oop [36]=NarrowOop [40]=NarrowOop [56]=Oop }
                      ;*if_icmple {reexecute=1 rethrow=0 return_oop=0}
                      ; - (reexecute) java.nio.Buffer::position@37 (line 328)
                      ; - java.nio.ShortBuffer::position@2 (line 1551)
                      ; - java.nio.ShortBuffer::position@2 (line 285)
                      ; - com.badlogic.gdx.graphics.Mesh::render@64 (line 627)
  0x0000022e17b96b34: c8da 9fff 

  0x0000022e17b96b38: ;   {other}
  0x0000022e17b96b38: 0f1f 8400 | 2829 0044 | ba45 ffff | ff48 ff74 | 2428 488f | 0424 8b5c | 241c 895c | 2410 4489 
  0x0000022e17b96b58: 4c24 1c44 | 895c 2420 | 4489 4424 | 2444 895c | 2428 894c | 2430 6690 

  0x0000022e17b96b70: ;   {runtime_call UncommonTrapBlob}
  0x0000022e17b96b70: c5f8 77e8 

  0x0000022e17b96b74: ; ImmutableOopMap {[0]=Oop [32]=NarrowOop [40]=NarrowOop [56]=Oop }
                      ;*if_icmple {reexecute=1 rethrow=0 return_oop=0}
                      ; - (reexecute) java.nio.Buffer::limit@5 (line 379)
                      ; - java.nio.ShortBuffer::limit@2 (line 1565)
                      ; - java.nio.ShortBuffer::limit@2 (line 285)
                      ; - com.badlogic.gdx.backends.lwjgl3.Lwjgl3GL20::glDrawElements@42 (line 283)
                      ; - com.badlogic.gdx.graphics.Mesh::render@79 (line 628)
  0x0000022e17b96b74: 88da 9fff 

  0x0000022e17b96b78: ;   {other}
  0x0000022e17b96b78: 0f1f 8400 | 6829 0045 | ba45 ffff | ff48 ff74 | 2428 488f | 0424 448b | 5424 1c44 | 8954 2410 
  0x0000022e17b96b98: 4489 4c24 | 1c44 895c | 2420 4489 | 4424 2444 | 895c 2428 

  0x0000022e17b96bac: ;   {runtime_call UncommonTrapBlob}
  0x0000022e17b96bac: c5f8 77e8 

  0x0000022e17b96bb0: ; ImmutableOopMap {[0]=Oop [32]=NarrowOop [40]=NarrowOop [56]=Oop }
                      ;*ifge {reexecute=1 rethrow=0 return_oop=0}
                      ; - (reexecute) java.nio.Buffer::limit@14 (line 379)
                      ; - java.nio.ShortBuffer::limit@2 (line 1565)
                      ; - java.nio.ShortBuffer::limit@2 (line 285)
                      ; - com.badlogic.gdx.backends.lwjgl3.Lwjgl3GL20::glDrawElements@42 (line 283)
                      ; - com.badlogic.gdx.graphics.Mesh::render@79 (line 628)
  0x0000022e17b96bb0: 4cda 9fff 

  0x0000022e17b96bb4: ;   {other}
  0x0000022e17b96bb4: 0f1f 8400 | a429 0046 | ba45 ffff | ff48 ff74 | 2428 488f | 0424 8b4c | 241c 894c | 2410 4489 
  0x0000022e17b96bd4: 4c24 2044 | 895c 2424 | 4489 4424 | 2844 895c | 242c 6690 

  0x0000022e17b96be8: ;   {runtime_call UncommonTrapBlob}
  0x0000022e17b96be8: c5f8 77e8 

  0x0000022e17b96bec: ; ImmutableOopMap {[0]=Oop [36]=NarrowOop [44]=NarrowOop [56]=Oop }
                      ;*if_icmple {reexecute=1 rethrow=0 return_oop=0}
                      ; - (reexecute) java.nio.Buffer::limit@42 (line 382)
                      ; - java.nio.ShortBuffer::limit@2 (line 1565)
                      ; - java.nio.ShortBuffer::limit@2 (line 285)
                      ; - com.badlogic.gdx.backends.lwjgl3.Lwjgl3GL20::glDrawElements@42 (line 283)
                      ; - com.badlogic.gdx.graphics.Mesh::render@79 (line 628)
  0x0000022e17b96bec: 10da 9fff 

  0x0000022e17b96bf0: ;   {other}
  0x0000022e17b96bf0: 0f1f 8400 | e029 0047 | ba45 ffff | ff48 ff74 | 2428 488f | 0424 448b | 5424 1c44 | 8954 2410 
  0x0000022e17b96c10: 4489 4c24 | 1c44 895c | 2420 4489 | 4424 2444 | 895c 2428 | 8944 2430 

  0x0000022e17b96c28: ;   {runtime_call UncommonTrapBlob}
  0x0000022e17b96c28: c5f8 77e8 

  0x0000022e17b96c2c: ; ImmutableOopMap {[0]=Oop [32]=NarrowOop [40]=NarrowOop [56]=Oop }
                      ;*if_icmple {reexecute=1 rethrow=0 return_oop=0}
                      ; - (reexecute) java.nio.Buffer::limit@55 (line 383)
                      ; - java.nio.ShortBuffer::limit@2 (line 1565)
                      ; - java.nio.ShortBuffer::limit@2 (line 285)
                      ; - com.badlogic.gdx.backends.lwjgl3.Lwjgl3GL20::glDrawElements@42 (line 283)
                      ; - com.badlogic.gdx.graphics.Mesh::render@79 (line 628)
  0x0000022e17b96c2c: d0d9 9fff 

  0x0000022e17b96c30: ;   {other}
  0x0000022e17b96c30: 0f1f 8400 | 202a 0048 | ba45 ffff | ff44 8b5c | 241c 4489 | 5c24 1044 | 894c 241c | 4489 4c24 
  0x0000022e17b96c50: 2089 4c24 | 2866 6690 

  0x0000022e17b96c58: ;   {runtime_call UncommonTrapBlob}
  0x0000022e17b96c58: c5f8 77e8 

  0x0000022e17b96c5c: ; ImmutableOopMap {[0]=Oop [28]=NarrowOop [32]=NarrowOop [56]=Oop }
                      ;*if_icmple {reexecute=1 rethrow=0 return_oop=0}
                      ; - (reexecute) java.nio.Buffer::limit@5 (line 379)
                      ; - java.nio.ShortBuffer::limit@2 (line 1565)
                      ; - java.nio.ShortBuffer::limit@2 (line 285)
                      ; - com.badlogic.gdx.backends.lwjgl3.Lwjgl3GL20::glDrawElements@56 (line 285)
                      ; - com.badlogic.gdx.graphics.Mesh::render@79 (line 628)
  0x0000022e17b96c5c: a0d9 9fff 

  0x0000022e17b96c60: ;   {other}
  0x0000022e17b96c60: 0f1f 8400 | 502a 0049 | ba45 ffff | ff44 8b5c | 241c 4489 | 5c24 0844 | 8b54 2418 | 4489 5424 
  0x0000022e17b96c80: 1044 894c | 2414 4489 | 4c24 1889 | 4c24 2090 

  0x0000022e17b96c90: ;   {runtime_call UncommonTrapBlob}
  0x0000022e17b96c90: c5f8 77e8 

  0x0000022e17b96c94: ; ImmutableOopMap {[20]=NarrowOop [24]=NarrowOop [40]=Oop [56]=Oop }
                      ;*ifge {reexecute=1 rethrow=0 return_oop=0}
                      ; - (reexecute) java.nio.Buffer::limit@14 (line 379)
                      ; - java.nio.ShortBuffer::limit@2 (line 1565)
                      ; - java.nio.ShortBuffer::limit@2 (line 285)
                      ; - com.badlogic.gdx.backends.lwjgl3.Lwjgl3GL20::glDrawElements@56 (line 285)
                      ; - com.badlogic.gdx.graphics.Mesh::render@79 (line 628)
  0x0000022e17b96c94: 68d9 9fff 

  0x0000022e17b96c98: ;   {other}
  0x0000022e17b96c98: 0f1f 8400 | 882a 004a | ba45 ffff | ff44 8b54 | 241c 4489 | 5424 1044 | 894c 241c | 4489 4c24 
  0x0000022e17b96cb8: 2089 4c24 | 2866 6690 

  0x0000022e17b96cc0: ;   {runtime_call UncommonTrapBlob}
  0x0000022e17b96cc0: c5f8 77e8 

  0x0000022e17b96cc4: ; ImmutableOopMap {[0]=Oop [28]=NarrowOop [32]=NarrowOop [56]=Oop }
                      ;*if_icmple {reexecute=1 rethrow=0 return_oop=0}
                      ; - (reexecute) java.nio.Buffer::limit@42 (line 382)
                      ; - java.nio.ShortBuffer::limit@2 (line 1565)
                      ; - java.nio.ShortBuffer::limit@2 (line 285)
                      ; - com.badlogic.gdx.backends.lwjgl3.Lwjgl3GL20::glDrawElements@56 (line 285)
                      ; - com.badlogic.gdx.graphics.Mesh::render@79 (line 628)
  0x0000022e17b96cc4: 38d9 9fff 

  0x0000022e17b96cc8: ;   {other}
  0x0000022e17b96cc8: 0f1f 8400 | b82a 004b | ba45 ffff | ff44 8b5c | 241c 4489 | 5c24 1044 | 894c 241c | 4489 4c24 
  0x0000022e17b96ce8: 2089 4c24 | 2466 6690 

  0x0000022e17b96cf0: ;   {runtime_call UncommonTrapBlob}
  0x0000022e17b96cf0: c5f8 77e8 

  0x0000022e17b96cf4: ; ImmutableOopMap {[28]=NarrowOop [32]=NarrowOop [40]=Oop [56]=Oop }
                      ;*if_icmple {reexecute=1 rethrow=0 return_oop=0}
                      ; - (reexecute) java.nio.Buffer::limit@55 (line 383)
                      ; - java.nio.ShortBuffer::limit@2 (line 1565)
                      ; - java.nio.ShortBuffer::limit@2 (line 285)
                      ; - com.badlogic.gdx.backends.lwjgl3.Lwjgl3GL20::glDrawElements@56 (line 285)
                      ; - com.badlogic.gdx.graphics.Mesh::render@79 (line 628)
  0x0000022e17b96cf4: 08d9 9fff 

  0x0000022e17b96cf8: ;   {other}
  0x0000022e17b96cf8: 0f1f 8400 | e82a 004c | ba45 ffff | ff44 8b44 | 241c 4489 | 4424 0844 | 894c 2410 | 894c 241c 
  0x0000022e17b96d18: ;   {runtime_call UncommonTrapBlob}
  0x0000022e17b96d18: c5f8 77e8 

  0x0000022e17b96d1c: ; ImmutableOopMap {[16]=NarrowOop [40]=Oop [56]=Oop }
                      ;*if_icmple {reexecute=1 rethrow=0 return_oop=0}
                      ; - (reexecute) java.nio.Buffer::position@5 (line 326)
                      ; - java.nio.ShortBuffer::position@2 (line 1551)
                      ; - java.nio.ShortBuffer::position@2 (line 285)
                      ; - com.badlogic.gdx.graphics.Mesh::render@88 (line 629)
  0x0000022e17b96d1c: e0d8 9fff 

  0x0000022e17b96d20: ;   {other}
  0x0000022e17b96d20: 0f1f 8400 | 102b 004d | ba45 ffff | ff44 894c | 2410 6690 

  0x0000022e17b96d34: ;   {runtime_call UncommonTrapBlob}
  0x0000022e17b96d34: c5f8 77e8 

  0x0000022e17b96d38: ; ImmutableOopMap {[16]=NarrowOop [40]=Oop [56]=Oop }
                      ;*ifge {reexecute=1 rethrow=0 return_oop=0}
                      ; - (reexecute) java.nio.Buffer::position@14 (line 326)
                      ; - java.nio.ShortBuffer::position@2 (line 1551)
                      ; - java.nio.ShortBuffer::position@2 (line 285)
                      ; - com.badlogic.gdx.graphics.Mesh::render@88 (line 629)
  0x0000022e17b96d38: c4d8 9fff 

  0x0000022e17b96d3c: ;   {other}
  0x0000022e17b96d3c: 0f1f 8400 | 2c2b 004e | ba45 ffff | ff44 8b54 | 241c 4489 | 5424 1044 | 894c 2418 | 4489 5c24 
  0x0000022e17b96d5c: 2066 6690 

  0x0000022e17b96d60: ;   {runtime_call UncommonTrapBlob}
  0x0000022e17b96d60: c5f8 77e8 

  0x0000022e17b96d64: ; ImmutableOopMap {[24]=NarrowOop [40]=Oop [56]=Oop }
                      ;*if_icmple {reexecute=1 rethrow=0 return_oop=0}
                      ; - (reexecute) java.nio.Buffer::position@37 (line 328)
                      ; - java.nio.ShortBuffer::position@2 (line 1551)
                      ; - java.nio.ShortBuffer::position@2 (line 285)
                      ; - com.badlogic.gdx.graphics.Mesh::render@88 (line 629)
  0x0000022e17b96d64: 98d8 9fff 

  0x0000022e17b96d68: ;   {other}
  0x0000022e17b96d68: 0f1f 8400 | 582b 004f | ba45 ffff | ff66 6690 

  0x0000022e17b96d78: ;   {runtime_call UncommonTrapBlob}
  0x0000022e17b96d78: c5f8 77e8 

  0x0000022e17b96d7c: ; ImmutableOopMap {[0]=Oop }
                      ;*ifeq {reexecute=1 rethrow=0 return_oop=0}
                      ; - (reexecute) com.badlogic.gdx.graphics.glutils.IndexArray::getNumIndices@4 (line 50)
                      ; - com.badlogic.gdx.graphics.Mesh::unbind@45 (line 537)
                      ; - com.badlogic.gdx.graphics.Mesh::unbind@4 (line 525)
                      ; - com.badlogic.gdx.graphics.Mesh::render@320 (line 657)
  0x0000022e17b96d7c: 80d8 9fff 

  0x0000022e17b96d80: ;   {other}
  0x0000022e17b96d80: 0f1f 8400 | 702b 0050 | 33ed 4585 | c040 0f94 | c5ba 45ff | ffff 4889 | 4c24 1889 | 7424 2044 
  0x0000022e17b96da0: 894c 2424 | 4889 4c24 | 3044 8954 | 2438 c57a | 1174 2440 | 4489 7424 | 4444 896c | 2448 c57a 
  0x0000022e17b96dc0: 1174 244c | 4489 7424 | 5066 6690 

  0x0000022e17b96dcc: ;   {runtime_call UncommonTrapBlob}
  0x0000022e17b96dcc: c5f8 77e8 

  0x0000022e17b96dd0: ; ImmutableOopMap {[0]=Oop [16]=Oop [24]=Oop [48]=Oop [56]=NarrowOop [64]=NarrowOop [68]=NarrowOop [72]=NarrowOop [76]=NarrowOop [80]=NarrowOop }
                      ;*ifeq {reexecute=1 rethrow=0 return_oop=0}
                      ; - (reexecute) java.lang.String::hashCode@20 (line 2358)
                      ; - com.badlogic.gdx.utils.ObjectIntMap::place@1 (line 120)
                      ; - com.badlogic.gdx.utils.ObjectIntMap::locateKey@21 (line 128)
                      ; - com.badlogic.gdx.utils.ObjectIntMap::get@2 (line 187)
                      ; - com.badlogic.gdx.graphics.glutils.ShaderProgram::fetchAttributeLocation@11 (line 286)
                      ; - com.badlogic.gdx.graphics.glutils.ShaderProgram::disableVertexAttribute@10 (line 729)
                      ; - com.badlogic.gdx.graphics.glutils.VertexArray::unbind@34 (line 166)
                      ; - com.badlogic.gdx.graphics.Mesh::unbind@6 (line 535)
                      ; - com.badlogic.gdx.graphics.Mesh::unbind@4 (line 525)
                      ; - com.badlogic.gdx.graphics.Mesh::render@320 (line 657)
  0x0000022e17b96dd0: 2cd8 9fff 

  0x0000022e17b96dd4: ;   {other}
  0x0000022e17b96dd4: 0f1f 8400 | c42b 0051 | ba76 ffff | ff48 8b6c | 2408 448b | 5424 1444 | 8954 2408 | 448b 5c24 
  0x0000022e17b96df4: 1844 895c | 240c 448b | 5424 2044 | 8954 2410 | 448b 5c24 | 1c44 895c | 2414 4c89 | 7424 2048 
  0x0000022e17b96e14: 894c 2428 | 4c89 7424 | 3089 5c24 | 3c66 6690 

  0x0000022e17b96e24: ;   {runtime_call UncommonTrapBlob}
  0x0000022e17b96e24: c5f8 77e8 

  0x0000022e17b96e28: ; ImmutableOopMap {rbp=Oop [32]=Oop [40]=Oop [48]=Oop }
                      ;*if_icmpge {reexecute=1 rethrow=0 return_oop=0}
                      ; - (reexecute) com.badlogic.gdx.graphics.glutils.VertexBufferObject::bind@88 (line 192)
                      ; - com.badlogic.gdx.graphics.Mesh::bind@6 (line 515)
                      ; - com.badlogic.gdx.graphics.Mesh::bind@4 (line 505)
                      ; - com.badlogic.gdx.graphics.Mesh::render@13 (line 620)
  0x0000022e17b96e28: d4d7 9fff 

  0x0000022e17b96e2c: ;   {other}
  0x0000022e17b96e2c: 0f1f 8400 | 1c2c 0052 | ba76 ffff | ff48 8b2c | 244c 8b54 | 2410 4c89 | 5424 0844 | 895c 2418 
  0x0000022e17b96e4c: 897c 2420 

  0x0000022e17b96e50: ;   {runtime_call UncommonTrapBlob}
  0x0000022e17b96e50: c5f8 77e8 

  0x0000022e17b96e54: ; ImmutableOopMap {rbp=Oop [8]=Oop [24]=NarrowOop [56]=Oop }
                      ;*if_icmpge {reexecute=1 rethrow=0 return_oop=0}
                      ; - (reexecute) com.badlogic.gdx.graphics.glutils.VertexBufferObject::unbind@24 (line 229)
                      ; - com.badlogic.gdx.graphics.Mesh::unbind@6 (line 535)
                      ; - com.badlogic.gdx.graphics.Mesh::unbind@4 (line 525)
                      ; - com.badlogic.gdx.graphics.Mesh::render@320 (line 657)
  0x0000022e17b96e54: a8d7 9fff 

  0x0000022e17b96e58: ;   {other}
  0x0000022e17b96e58: 0f1f 8400 | 482c 0053 | ba45 ffff | ff4c 8b54 | 2428 4c89 | 1424 448b | 5424 1444 | 8954 2410 
  0x0000022e17b96e78: 448b 5424 | 1844 8954 | 2414 448b | 5424 2044 | 8954 2418 | 4c89 7424 | 284c 8974 | 2438 448b 
  0x0000022e17b96e98: 5424 5044 | 8954 2448 | 4489 4424 | 5044 896c | 2454 c57a | 1174 2458 | 4489 4c24 | 5c89 4c24 
  0x0000022e17b96eb8: 6066 6690 

  0x0000022e17b96ebc: ;   {runtime_call UncommonTrapBlob}
  0x0000022e17b96ebc: c5f8 77e8 

  0x0000022e17b96ec0: ; ImmutableOopMap {[0]=Oop [40]=Oop [48]=Oop [56]=Oop [72]=NarrowOop [80]=NarrowOop [84]=NarrowOop [88]=NarrowOop }
                      ;*if_icmpne {reexecute=1 rethrow=0 return_oop=0}
                      ; - (reexecute) java.lang.String::equals@33 (line 1850)
                      ; - com.badlogic.gdx.utils.ObjectIntMap::locateKey@43 (line 131)
                      ; - com.badlogic.gdx.utils.ObjectIntMap::get@2 (line 187)
                      ; - com.badlogic.gdx.graphics.glutils.ShaderProgram::getAttributeLocation@6 (line 877)
                      ; - com.badlogic.gdx.graphics.glutils.VertexBufferObject::bind@108 (line 194)
                      ; - com.badlogic.gdx.graphics.Mesh::bind@6 (line 515)
                      ; - com.badlogic.gdx.graphics.Mesh::bind@4 (line 505)
                      ; - com.badlogic.gdx.graphics.Mesh::render@13 (line 620)
  0x0000022e17b96ec0: 3cd7 9fff 

  0x0000022e17b96ec4: ;   {other}
  0x0000022e17b96ec4: 0f1f 8400 | b42c 0054 | ba45 ffff | ff4c 8b54 | 2438 4c89 | 5424 184c | 8954 2420 | 4489 6c24 
  0x0000022e17b96ee4: 3c44 8974 | 2444 4489 | 4c24 48c5 | 7a11 6c24 | 4c44 8944 | 2450 894c | 2454 6690 

  0x0000022e17b96f00: ;   {runtime_call UncommonTrapBlob}
  0x0000022e17b96f00: c5f8 77e8 

  0x0000022e17b96f04: ; ImmutableOopMap {[0]=Oop [16]=Oop [24]=Oop [32]=Oop [44]=NarrowOop [60]=NarrowOop [68]=NarrowOop [72]=NarrowOop [76]=NarrowOop }
                      ;*if_icmpne {reexecute=1 rethrow=0 return_oop=0}
                      ; - (reexecute) java.lang.String::equals@33 (line 1850)
                      ; - com.badlogic.gdx.utils.ObjectIntMap::locateKey@43 (line 131)
                      ; - com.badlogic.gdx.utils.ObjectIntMap::get@2 (line 187)
                      ; - com.badlogic.gdx.graphics.glutils.ShaderProgram::fetchAttributeLocation@11 (line 286)
                      ; - com.badlogic.gdx.graphics.glutils.ShaderProgram::disableVertexAttribute@10 (line 729)
                      ; - com.badlogic.gdx.graphics.glutils.VertexBufferObject::unbind@40 (line 230)
                      ; - com.badlogic.gdx.graphics.Mesh::unbind@6 (line 535)
                      ; - com.badlogic.gdx.graphics.Mesh::unbind@4 (line 525)
                      ; - com.badlogic.gdx.graphics.Mesh::render@320 (line 657)
  0x0000022e17b96f04: f8d6 9fff 

  0x0000022e17b96f08: ;   {other}
  0x0000022e17b96f08: 0f1f 8400 | f82c 0055 | ba45 ffff | ff48 8b6c | 2428 4c8b | 5c24 384c | 891c 2444 | 8b5c 2414 
  0x0000022e17b96f28: 4489 5c24 | 088b 4c24 | 1889 4c24 | 0c44 8b5c | 2420 4489 | 5c24 1044 | 8b5c 241c | 4489 5c24 
  0x0000022e17b96f48: 144c 894c | 2428 4489 | 5424 3889 | 7c24 3c44 | 8944 2440 

  0x0000022e17b96f5c: ;   {runtime_call UncommonTrapBlob}
  0x0000022e17b96f5c: c5f8 77e8 

  0x0000022e17b96f60: ; ImmutableOopMap {rbp=Oop [0]=Oop [40]=Oop [56]=NarrowOop }
                      ;*ifle {reexecute=1 rethrow=0 return_oop=0}
                      ; - (reexecute) java.nio.Buffer::remaining@11 (line 522)
                      ; - org.lwjgl.opengl.GL15C::glBufferData@2 (line 267)
                      ; - org.lwjgl.opengl.GL15::glBufferData@3 (line 281)
                      ; - com.badlogic.gdx.backends.lwjgl3.Lwjgl3GL20::glBufferData@29 (line 119)
                      ; - com.badlogic.gdx.graphics.glutils.VertexBufferObject::bind@58 (line 186)
                      ; - com.badlogic.gdx.graphics.Mesh::bind@6 (line 515)
                      ; - com.badlogic.gdx.graphics.Mesh::bind@4 (line 505)
                      ; - com.badlogic.gdx.graphics.Mesh::render@13 (line 620)
  0x0000022e17b96f60: 9cd6 9fff 

  0x0000022e17b96f64: ;   {other}
  0x0000022e17b96f64: 0f1f 8400 | 542d 0056 | ba45 ffff | ff44 8b54 | 2414 4489 | 5424 1044 | 8b5c 2418 | 4489 5c24 
  0x0000022e17b96f84: 1466 6690 

  0x0000022e17b96f88: ;   {runtime_call UncommonTrapBlob}
  0x0000022e17b96f88: c5f8 77e8 

  0x0000022e17b96f8c: ; ImmutableOopMap {[40]=Oop [56]=Oop }
                      ;*ifeq {reexecute=1 rethrow=0 return_oop=0}
                      ; - (reexecute) com.badlogic.gdx.graphics.Mesh::render@117 (line 635)
  0x0000022e17b96f8c: 70d6 9fff 

  0x0000022e17b96f90: ;   {other}
  0x0000022e17b96f90: 0f1f 8400 | 802d 0057 | ba45 ffff | ff44 8b54 | 2414 4489 | 5424 1044 | 8b54 2418 | 4489 5424 
  0x0000022e17b96fb0: 1444 8b5c | 2420 4489 | 5c24 184c | 894c 2420 

  0x0000022e17b96fc0: ;   {runtime_call UncommonTrapBlob}
  0x0000022e17b96fc0: c5f8 77e8 

  0x0000022e17b96fc4: ; ImmutableOopMap {[32]=Oop [40]=Oop [56]=Oop }
                      ;*ifeq {reexecute=1 rethrow=0 return_oop=0}
                      ; - (reexecute) com.badlogic.gdx.graphics.glutils.IndexBufferObject::getNumIndices@4 (line 105)
                      ; - com.badlogic.gdx.graphics.Mesh::render@135 (line 637)
  0x0000022e17b96fc4: 38d6 9fff 

  0x0000022e17b96fc8: ;   {other}
  0x0000022e17b96fc8: 0f1f 8400 | b82d 0058 | ba45 ffff | ff4c 8b54 | 2428 4c89 | 1424 4c8b | 5424 384c | 8954 2408 
  0x0000022e17b96fe8: 448b 5424 | 1444 8954 | 2410 448b | 5c24 1844 | 895c 2414 | 448b 5424 | 2044 8954 | 2418 4c89 
  0x0000022e17b97008: 4c24 3090 

  0x0000022e17b9700c: ;   {runtime_call UncommonTrapBlob}
  0x0000022e17b9700c: c5f8 77e8 

  0x0000022e17b97010: ; ImmutableOopMap {[0]=Oop [8]=Oop [48]=Oop }
                      ;*ifeq {reexecute=1 rethrow=0 return_oop=0}
                      ; - (reexecute) com.badlogic.gdx.graphics.glutils.VertexBufferObject::bind@20 (line 184)
                      ; - com.badlogic.gdx.graphics.Mesh::bind@6 (line 515)
                      ; - com.badlogic.gdx.graphics.Mesh::bind@4 (line 505)
                      ; - com.badlogic.gdx.graphics.Mesh::render@13 (line 620)
  0x0000022e17b97010: ecd5 9fff 

  0x0000022e17b97014: ;   {other}
  0x0000022e17b97014: 0f1f 8400 | 042e 0059 | ba45 ffff | ff4c 8b54 | 2428 4c89 | 1424 4c8b | 5424 384c | 8954 2408 
  0x0000022e17b97034: 448b 5424 | 1444 8954 | 2410 448b | 5c24 1844 | 895c 2414 | 448b 5c24 | 2044 895c | 2418 4c89 
  0x0000022e17b97054: 4c24 3048 | 894c 2450 | 4889 4c24 | 5844 8944 | 2464 6690 

  0x0000022e17b97068: ;   {runtime_call UncommonTrapBlob}
  0x0000022e17b97068: c5f8 77e8 

  0x0000022e17b9706c: ; ImmutableOopMap {[0]=Oop [8]=Oop [48]=Oop [64]=Oop [80]=Oop [88]=Oop }
                      ;*if_icmple {reexecute=1 rethrow=0 return_oop=0}
                      ; - (reexecute) java.nio.Buffer::limit@5 (line 379)
                      ; - java.nio.ByteBuffer::limit@2 (line 1565)
                      ; - java.nio.MappedByteBuffer::limit@2 (line 338)
                      ; - java.nio.MappedByteBuffer::limit@2 (line 73)
                      ; - com.badlogic.gdx.graphics.glutils.VertexBufferObject::bind@36 (line 185)
                      ; - com.badlogic.gdx.graphics.Mesh::bind@6 (line 515)
                      ; - com.badlogic.gdx.graphics.Mesh::bind@4 (line 505)
                      ; - com.badlogic.gdx.graphics.Mesh::render@13 (line 620)
  0x0000022e17b9706c: 90d5 9fff 

  0x0000022e17b97070: ;   {other}
  0x0000022e17b97070: 0f1f 8400 | 602e 005a | ba45 ffff | ff48 8b6c | 2428 4c8b | 5424 384c | 8914 2444 | 8b5c 2414 
  0x0000022e17b97090: 4489 5c24 | 0844 8b54 | 2418 4489 | 5424 0c44 | 8b5c 2420 | 4489 5c24 | 1044 8b5c | 241c 4489 
  0x0000022e17b970b0: 5c24 144c | 894c 2428 | 4c8b 5424 | 404c 8954 | 2438 4889 | 4c24 4848 | 894c 2450 | 4489 4424 
  0x0000022e17b970d0: 5c66 6690 

  0x0000022e17b970d4: ;   {runtime_call UncommonTrapBlob}
  0x0000022e17b970d4: c5f8 77e8 

  0x0000022e17b970d8: ; ImmutableOopMap {rbp=Oop [0]=Oop [40]=Oop [56]=Oop [72]=Oop [80]=Oop }
                      ;*ifge {reexecute=1 rethrow=0 return_oop=0}
                      ; - (reexecute) java.nio.Buffer::limit@14 (line 379)
                      ; - java.nio.ByteBuffer::limit@2 (line 1565)
                      ; - java.nio.MappedByteBuffer::limit@2 (line 338)
                      ; - java.nio.MappedByteBuffer::limit@2 (line 73)
                      ; - com.badlogic.gdx.graphics.glutils.VertexBufferObject::bind@36 (line 185)
                      ; - com.badlogic.gdx.graphics.Mesh::bind@6 (line 515)
                      ; - com.badlogic.gdx.graphics.Mesh::bind@4 (line 505)
                      ; - com.badlogic.gdx.graphics.Mesh::render@13 (line 620)
  0x0000022e17b970d8: 24d5 9fff 

  0x0000022e17b970dc: ;   {other}
  0x0000022e17b970dc: 0f1f 8400 | cc2e 005b | ba45 ffff | ff4c 8b54 | 2428 4c89 | 1424 4c8b | 5424 384c | 8954 2408 
  0x0000022e17b970fc: 448b 5c24 | 1444 895c | 2410 448b | 5424 1844 | 8954 2414 | 448b 5424 | 2044 8954 | 2418 4c89 
  0x0000022e17b9711c: 4c24 3048 | 894c 2450 | 4889 4c24 | 5844 8944 | 2464 6690 

  0x0000022e17b97130: ;   {runtime_call UncommonTrapBlob}
  0x0000022e17b97130: c5f8 77e8 

  0x0000022e17b97134: ; ImmutableOopMap {[0]=Oop [8]=Oop [48]=Oop [64]=Oop [80]=Oop [88]=Oop }
                      ;*if_icmple {reexecute=1 rethrow=0 return_oop=0}
                      ; - (reexecute) java.nio.Buffer::limit@42 (line 382)
                      ; - java.nio.ByteBuffer::limit@2 (line 1565)
                      ; - java.nio.MappedByteBuffer::limit@2 (line 338)
                      ; - java.nio.MappedByteBuffer::limit@2 (line 73)
                      ; - com.badlogic.gdx.graphics.glutils.VertexBufferObject::bind@36 (line 185)
                      ; - com.badlogic.gdx.graphics.Mesh::bind@6 (line 515)
                      ; - com.badlogic.gdx.graphics.Mesh::bind@4 (line 505)
                      ; - com.badlogic.gdx.graphics.Mesh::render@13 (line 620)
  0x0000022e17b97134: c8d4 9fff 

  0x0000022e17b97138: ;   {other}
  0x0000022e17b97138: 0f1f 8400 | 282f 005c | ba45 ffff | ff4c 8b54 | 2428 4c89 | 1424 4c8b | 5424 384c | 8954 2408 
  0x0000022e17b97158: 448b 5c24 | 1444 895c | 2410 448b | 5424 1844 | 8954 2414 | 448b 5c24 | 2044 895c | 2418 4c89 
  0x0000022e17b97178: 4c24 3048 | 894c 2450 | 4889 4c24 | 5844 8944 | 2460 6690 

  0x0000022e17b9718c: ;   {runtime_call UncommonTrapBlob}
  0x0000022e17b9718c: c5f8 77e8 

  0x0000022e17b97190: ; ImmutableOopMap {[0]=Oop [8]=Oop [48]=Oop [64]=Oop [80]=Oop [88]=Oop }
                      ;*if_icmple {reexecute=1 rethrow=0 return_oop=0}
                      ; - (reexecute) java.nio.Buffer::limit@55 (line 383)
                      ; - java.nio.ByteBuffer::limit@2 (line 1565)
                      ; - java.nio.MappedByteBuffer::limit@2 (line 338)
                      ; - java.nio.MappedByteBuffer::limit@2 (line 73)
                      ; - com.badlogic.gdx.graphics.glutils.VertexBufferObject::bind@36 (line 185)
                      ; - com.badlogic.gdx.graphics.Mesh::bind@6 (line 515)
                      ; - com.badlogic.gdx.graphics.Mesh::bind@4 (line 505)
                      ; - com.badlogic.gdx.graphics.Mesh::render@13 (line 620)
  0x0000022e17b97190: 6cd4 9fff 

  0x0000022e17b97194: ;   {other}
  0x0000022e17b97194: 0f1f 8400 | 842f 005d | 33ed 85c9 | 400f 94c5 | ba45 ffff | ff4c 8b54 | 2428 4c89 | 1424 448b 
  0x0000022e17b971b4: 5424 1444 | 8954 2410 | 448b 5424 | 1844 8954 | 2414 448b | 5c24 2044 | 895c 2418 | 4c89 7424 
  0x0000022e17b971d4: 284c 8974 | 2438 448b | 5424 5044 | 8954 2448 | 4489 4424 | 50c5 7a11 | 7424 5844 | 8944 245c 
  0x0000022e17b971f4: 4489 6c24 | 6066 6690 

  0x0000022e17b971fc: ;   {runtime_call UncommonTrapBlob}
  0x0000022e17b971fc: c5f8 77e8 

  0x0000022e17b97200: ; ImmutableOopMap {[0]=Oop [40]=Oop [48]=Oop [56]=Oop [72]=NarrowOop [80]=NarrowOop [88]=NarrowOop [92]=NarrowOop [96]=NarrowOop }
                      ;*ifeq {reexecute=1 rethrow=0 return_oop=0}
                      ; - (reexecute) java.lang.String::hashCode@20 (line 2358)
                      ; - com.badlogic.gdx.utils.ObjectIntMap::place@1 (line 120)
                      ; - com.badlogic.gdx.utils.ObjectIntMap::locateKey@21 (line 128)
                      ; - com.badlogic.gdx.utils.ObjectIntMap::get@2 (line 187)
                      ; - com.badlogic.gdx.graphics.glutils.ShaderProgram::getAttributeLocation@6 (line 877)
                      ; - com.badlogic.gdx.graphics.glutils.VertexBufferObject::bind@108 (line 194)
                      ; - com.badlogic.gdx.graphics.Mesh::bind@6 (line 515)
                      ; - com.badlogic.gdx.graphics.Mesh::bind@4 (line 505)
                      ; - com.badlogic.gdx.graphics.Mesh::render@13 (line 620)
  0x0000022e17b97200: fcd3 9fff 

  0x0000022e17b97204: ;   {other}
  0x0000022e17b97204: 0f1f 8400 | f42f 005e | 33ed 85c9 | 400f 94c5 | ba45 ffff | ff4c 8b54 | 2438 4c89 | 5424 184c 
  0x0000022e17b97224: 8954 2420 | 4489 6c24 | 3c44 8974 | 2444 4489 | 4c24 48c5 | 7a11 6c24 | 4c44 8974 | 2450 4489 
  0x0000022e17b97244: 4c24 5490 

  0x0000022e17b97248: ;   {runtime_call UncommonTrapBlob}
  0x0000022e17b97248: c5f8 77e8 

  0x0000022e17b9724c: ; ImmutableOopMap {[0]=Oop [16]=Oop [24]=Oop [32]=Oop [44]=NarrowOop [60]=NarrowOop [68]=NarrowOop [72]=NarrowOop [76]=NarrowOop [80]=NarrowOop [84]=NarrowOop }
                      ;*ifeq {reexecute=1 rethrow=0 return_oop=0}
                      ; - (reexecute) java.lang.String::hashCode@20 (line 2358)
                      ; - com.badlogic.gdx.utils.ObjectIntMap::place@1 (line 120)
                      ; - com.badlogic.gdx.utils.ObjectIntMap::locateKey@21 (line 128)
                      ; - com.badlogic.gdx.utils.ObjectIntMap::get@2 (line 187)
                      ; - com.badlogic.gdx.graphics.glutils.ShaderProgram::fetchAttributeLocation@11 (line 286)
                      ; - com.badlogic.gdx.graphics.glutils.ShaderProgram::disableVertexAttribute@10 (line 729)
                      ; - com.badlogic.gdx.graphics.glutils.VertexBufferObject::unbind@40 (line 230)
                      ; - com.badlogic.gdx.graphics.Mesh::unbind@6 (line 535)
                      ; - com.badlogic.gdx.graphics.Mesh::unbind@4 (line 525)
                      ; - com.badlogic.gdx.graphics.Mesh::render@320 (line 657)
  0x0000022e17b9724c: b0d3 9fff 

  0x0000022e17b97250: ;   {other}
  0x0000022e17b97250: 0f1f 8400 | 4030 005f | bae4 ffff | ff48 8b2c | 244c 8b44 | 2410 4c89 | 4424 0848 | 894c 2410 
  0x0000022e17b97270: 8974 2418 | 4489 4c24 | 1c48 894c | 2428 4489 | 5424 30c5 | 7a11 7424 | 3844 8974 | 243c 4489 
  0x0000022e17b97290: 6c24 40c5 | 7a11 7424 | 4444 8974 | 2448 4489 | 5c24 4c90 

  0x0000022e17b972a4: ;   {runtime_call UncommonTrapBlob}
  0x0000022e17b972a4: c5f8 77e8 

  0x0000022e17b972a8: ; ImmutableOopMap {rbp=Oop [8]=Oop [16]=Oop [40]=Oop [48]=NarrowOop [56]=NarrowOop [60]=NarrowOop [64]=NarrowOop [68]=NarrowOop [72]=NarrowOop [76]=NarrowOop }
                      ;*baload {reexecute=0 rethrow=0 return_oop=0}
                      ; - java.lang.StringLatin1::hashCode@34 (line 194)
                      ; - java.lang.String::hashCode@27 (line 2358)
                      ; - com.badlogic.gdx.utils.ObjectIntMap::place@1 (line 120)
                      ; - com.badlogic.gdx.utils.ObjectIntMap::locateKey@21 (line 128)
                      ; - com.badlogic.gdx.utils.ObjectIntMap::get@2 (line 187)
                      ; - com.badlogic.gdx.graphics.glutils.ShaderProgram::fetchAttributeLocation@11 (line 286)
                      ; - com.badlogic.gdx.graphics.glutils.ShaderProgram::disableVertexAttribute@10 (line 729)
                      ; - com.badlogic.gdx.graphics.glutils.VertexArray::unbind@34 (line 166)
                      ; - com.badlogic.gdx.graphics.Mesh::unbind@6 (line 535)
                      ; - com.badlogic.gdx.graphics.Mesh::unbind@4 (line 525)
                      ; - com.badlogic.gdx.graphics.Mesh::render@320 (line 657)
  0x0000022e17b972a8: 54d3 9fff 

  0x0000022e17b972ac: ;   {other}
  0x0000022e17b972ac: 0f1f 8400 | 9c30 0060 | bae4 ffff | ff48 8b6c | 2428 448b | 5424 1444 | 8954 2408 | 448b 5c24 
  0x0000022e17b972cc: 1844 895c | 240c 448b | 5c24 2044 | 895c 2410 | 448b 5424 | 1c44 8954 | 2414 4c89 | 7424 204c 
  0x0000022e17b972ec: 8b54 2430 | 4c89 5424 | 284c 8974 | 2430 448b | 5c24 4044 | 895c 2438 | 448b 5424 | 4444 8954 
  0x0000022e17b9730c: 243c 448b | 5c24 5044 | 895c 2440 | 4489 4424 | 48c5 7a11 | 7424 5044 | 8944 2454 | 4489 6c24 
  0x0000022e17b9732c: 5889 7424 | 5c66 6690 

  0x0000022e17b97334: ;   {runtime_call UncommonTrapBlob}
  0x0000022e17b97334: c5f8 77e8 

  0x0000022e17b97338: ; ImmutableOopMap {rbp=Oop [32]=Oop [40]=Oop [48]=Oop [64]=NarrowOop [72]=NarrowOop [80]=NarrowOop [84]=NarrowOop [88]=NarrowOop [92]=NarrowOop }
                      ;*baload {reexecute=0 rethrow=0 return_oop=0}
                      ; - java.lang.StringLatin1::hashCode@34 (line 194)
                      ; - java.lang.String::hashCode@27 (line 2358)
                      ; - com.badlogic.gdx.utils.ObjectIntMap::place@1 (line 120)
                      ; - com.badlogic.gdx.utils.ObjectIntMap::locateKey@21 (line 128)
                      ; - com.badlogic.gdx.utils.ObjectIntMap::get@2 (line 187)
                      ; - com.badlogic.gdx.graphics.glutils.ShaderProgram::getAttributeLocation@6 (line 877)
                      ; - com.badlogic.gdx.graphics.glutils.VertexBufferObject::bind@108 (line 194)
                      ; - com.badlogic.gdx.graphics.Mesh::bind@6 (line 515)
                      ; - com.badlogic.gdx.graphics.Mesh::bind@4 (line 505)
                      ; - com.badlogic.gdx.graphics.Mesh::render@13 (line 620)
  0x0000022e17b97338: c4d2 9fff 

  0x0000022e17b9733c: ;   {other}
  0x0000022e17b9733c: 0f1f 8400 | 2c31 0061 | bae4 ffff | ff48 8b2c | 244c 8b54 | 2438 4c89 | 1424 4c8b | 5424 104c 
  0x0000022e17b9735c: 8954 2408 | 448b 5424 | 2c44 8954 | 2420 448b | 5c24 2844 | 895c 2424 | 4489 4424 | 2844 896c 
  0x0000022e17b9737c: 2434 4489 | 7424 3c44 | 894c 2440 | c57a 116c | 2444 4489 | 7424 4844 | 894c 244c | 8974 2450 
  0x0000022e17b9739c: ;   {runtime_call UncommonTrapBlob}
  0x0000022e17b9739c: c5f8 77e8 

  0x0000022e17b973a0: ; ImmutableOopMap {rbp=Oop [0]=Oop [8]=Oop [32]=NarrowOop [52]=NarrowOop [60]=NarrowOop [64]=NarrowOop [68]=NarrowOop [72]=NarrowOop [76]=NarrowOop [80]=NarrowOop }
                      ;*baload {reexecute=0 rethrow=0 return_oop=0}
                      ; - java.lang.StringLatin1::hashCode@34 (line 194)
                      ; - java.lang.String::hashCode@27 (line 2358)
                      ; - com.badlogic.gdx.utils.ObjectIntMap::place@1 (line 120)
                      ; - com.badlogic.gdx.utils.ObjectIntMap::locateKey@21 (line 128)
                      ; - com.badlogic.gdx.utils.ObjectIntMap::get@2 (line 187)
                      ; - com.badlogic.gdx.graphics.glutils.ShaderProgram::fetchAttributeLocation@11 (line 286)
                      ; - com.badlogic.gdx.graphics.glutils.ShaderProgram::disableVertexAttribute@10 (line 729)
                      ; - com.badlogic.gdx.graphics.glutils.VertexBufferObject::unbind@40 (line 230)
                      ; - com.badlogic.gdx.graphics.Mesh::unbind@6 (line 535)
                      ; - com.badlogic.gdx.graphics.Mesh::unbind@4 (line 525)
                      ; - com.badlogic.gdx.graphics.Mesh::render@320 (line 657)
  0x0000022e17b973a0: 5cd2 9fff 

  0x0000022e17b973a4: ;   {other}
  0x0000022e17b973a4: 0f1f 8400 | 9431 0062 | 488b d0eb | 2b48 8bd0 | eb26 488b | d0eb 2148 | 8bd0 eb1c | 488b d0eb 
  0x0000022e17b973c4: 1748 8bd0 | eb12 488b | d0eb 0d48 | 8bd0 eb08 | 488b d0eb | 0348 8bd0 | c5f8 7748 | 81c4 8000 
  0x0000022e17b973e4: ;   {runtime_call _rethrow_Java}
  0x0000022e17b973e4: 0000 5de9 | 14c3 acff | baf6 ffff | ff41 8be9 

  0x0000022e17b973f4: ;   {runtime_call UncommonTrapBlob}
  0x0000022e17b973f4: c5f8 77e8 

  0x0000022e17b973f8: ; ImmutableOopMap {}
                      ;*invokevirtual get {reexecute=0 rethrow=0 return_oop=0}
                      ; - com.badlogic.gdx.graphics.glutils.VertexArray::unbind@28 (line 166)
                      ; - com.badlogic.gdx.graphics.Mesh::unbind@6 (line 535)
                      ; - com.badlogic.gdx.graphics.Mesh::unbind@4 (line 525)
                      ; - com.badlogic.gdx.graphics.Mesh::render@320 (line 657)
  0x0000022e17b973f8: 04d2 9fff 

  0x0000022e17b973fc: ;   {other}
  0x0000022e17b973fc: 0f1f 8400 | ec31 0063 | baf6 ffff | ff41 8be9 

  0x0000022e17b9740c: ;   {runtime_call UncommonTrapBlob}
  0x0000022e17b9740c: c5f8 77e8 

  0x0000022e17b97410: ; ImmutableOopMap {}
                      ;*aaload {reexecute=0 rethrow=0 return_oop=0}
                      ; - com.badlogic.gdx.graphics.VertexAttributes::get@5 (line 116)
                      ; - com.badlogic.gdx.graphics.glutils.VertexArray::unbind@28 (line 166)
                      ; - com.badlogic.gdx.graphics.Mesh::unbind@6 (line 535)
                      ; - com.badlogic.gdx.graphics.Mesh::unbind@4 (line 525)
                      ; - com.badlogic.gdx.graphics.Mesh::render@320 (line 657)
  0x0000022e17b97410: ecd1 9fff 

  0x0000022e17b97414: ;   {other}
  0x0000022e17b97414: 0f1f 8400 | 0432 0064 | baf6 ffff | ff66 6690 

  0x0000022e17b97424: ;   {runtime_call UncommonTrapBlob}
  0x0000022e17b97424: c5f8 77e8 

  0x0000022e17b97428: ; ImmutableOopMap {}
                      ;*getfield alias {reexecute=1 rethrow=0 return_oop=0}
                      ; - (reexecute) com.badlogic.gdx.graphics.glutils.VertexArray::unbind@31 (line 166)
                      ; - com.badlogic.gdx.graphics.Mesh::unbind@6 (line 535)
                      ; - com.badlogic.gdx.graphics.Mesh::unbind@4 (line 525)
                      ; - com.badlogic.gdx.graphics.Mesh::render@320 (line 657)
  0x0000022e17b97428: d4d1 9fff 

  0x0000022e17b9742c: ;   {other}
  0x0000022e17b9742c: 0f1f 8400 | 1c32 0065 | baf6 ffff | ff41 8bee 

  0x0000022e17b9743c: ;   {runtime_call UncommonTrapBlob}
  0x0000022e17b9743c: c5f8 77e8 

  0x0000022e17b97440: ; ImmutableOopMap {rbp=NarrowOop }
                      ;*invokevirtual get {reexecute=0 rethrow=0 return_oop=0}
                      ; - com.badlogic.gdx.graphics.glutils.ShaderProgram::fetchAttributeLocation@11 (line 286)
                      ; - com.badlogic.gdx.graphics.glutils.ShaderProgram::disableVertexAttribute@10 (line 729)
                      ; - com.badlogic.gdx.graphics.glutils.VertexArray::unbind@34 (line 166)
                      ; - com.badlogic.gdx.graphics.Mesh::unbind@6 (line 535)
                      ; - com.badlogic.gdx.graphics.Mesh::unbind@4 (line 525)
                      ; - com.badlogic.gdx.graphics.Mesh::render@320 (line 657)
  0x0000022e17b97440: bcd1 9fff 

  0x0000022e17b97444: ;   {other}
  0x0000022e17b97444: 0f1f 8400 | 3432 0066 | baf6 ffff | ff41 8bea 

  0x0000022e17b97454: ;   {runtime_call UncommonTrapBlob}
  0x0000022e17b97454: c5f8 77e8 

  0x0000022e17b97458: ; ImmutableOopMap {}
                      ;*aaload {reexecute=0 rethrow=0 return_oop=0}
                      ; - com.badlogic.gdx.utils.ObjectIntMap::locateKey@27 (line 129)
                      ; - com.badlogic.gdx.utils.ObjectIntMap::get@2 (line 187)
                      ; - com.badlogic.gdx.graphics.glutils.ShaderProgram::fetchAttributeLocation@11 (line 286)
                      ; - com.badlogic.gdx.graphics.glutils.ShaderProgram::disableVertexAttribute@10 (line 729)
                      ; - com.badlogic.gdx.graphics.glutils.VertexArray::unbind@34 (line 166)
                      ; - com.badlogic.gdx.graphics.Mesh::unbind@6 (line 535)
                      ; - com.badlogic.gdx.graphics.Mesh::unbind@4 (line 525)
                      ; - com.badlogic.gdx.graphics.Mesh::render@320 (line 657)
  0x0000022e17b97458: a4d1 9fff 

  0x0000022e17b9745c: ;   {other}
  0x0000022e17b9745c: 0f1f 8400 | 4c32 0067 | baf6 ffff | ff41 8bea 

  0x0000022e17b9746c: ;   {runtime_call UncommonTrapBlob}
  0x0000022e17b9746c: c5f8 77e8 

  0x0000022e17b97470: ; ImmutableOopMap {}
                      ;*iaload {reexecute=0 rethrow=0 return_oop=0}
                      ; - com.badlogic.gdx.utils.ObjectIntMap::get@19 (line 188)
                      ; - com.badlogic.gdx.graphics.glutils.ShaderProgram::fetchAttributeLocation@11 (line 286)
                      ; - com.badlogic.gdx.graphics.glutils.ShaderProgram::disableVertexAttribute@10 (line 729)
                      ; - com.badlogic.gdx.graphics.glutils.VertexArray::unbind@34 (line 166)
                      ; - com.badlogic.gdx.graphics.Mesh::unbind@6 (line 535)
                      ; - com.badlogic.gdx.graphics.Mesh::unbind@4 (line 525)
                      ; - com.badlogic.gdx.graphics.Mesh::render@320 (line 657)
  0x0000022e17b97470: 8cd1 9fff 

  0x0000022e17b97474: ;   {other}
  0x0000022e17b97474: 0f1f 8400 | 6432 0068 | 8bea baf6 | ffff ff90 

  0x0000022e17b97484: ;   {runtime_call UncommonTrapBlob}
  0x0000022e17b97484: c5f8 77e8 

  0x0000022e17b97488: ; ImmutableOopMap {}
                      ;*invokeinterface glDisableVertexAttribArray {reexecute=0 rethrow=0 return_oop=0}
                      ; - com.badlogic.gdx.graphics.glutils.ShaderProgram::disableVertexAttribute@22 (line 731)
                      ; - com.badlogic.gdx.graphics.glutils.VertexArray::unbind@34 (line 166)
                      ; - com.badlogic.gdx.graphics.Mesh::unbind@6 (line 535)
                      ; - com.badlogic.gdx.graphics.Mesh::unbind@4 (line 525)
                      ; - com.badlogic.gdx.graphics.Mesh::render@320 (line 657)
  0x0000022e17b97488: 74d1 9fff 

  0x0000022e17b9748c: ;   {other}
  0x0000022e17b9748c: 0f1f 8400 | 7c32 0069 | baf6 ffff | ff48 8b6c | 2438 6690 

  0x0000022e17b974a0: ;   {runtime_call UncommonTrapBlob}
  0x0000022e17b974a0: c5f8 77e8 

  0x0000022e17b974a4: ; ImmutableOopMap {rbp=Oop }
                      ;*invokeinterface bind {reexecute=0 rethrow=0 return_oop=0}
                      ; - com.badlogic.gdx.graphics.Mesh::bind@6 (line 515)
                      ; - com.badlogic.gdx.graphics.Mesh::bind@4 (line 505)
                      ; - com.badlogic.gdx.graphics.Mesh::render@13 (line 620)
  0x0000022e17b974a4: 58d1 9fff 

  0x0000022e17b974a8: ;   {other}
  0x0000022e17b974a8: 0f1f 8400 | 9832 006a | baf6 ffff | ff66 6690 

  0x0000022e17b974b8: ;   {runtime_call UncommonTrapBlob}
  0x0000022e17b974b8: c5f8 77e8 

  0x0000022e17b974bc: ; ImmutableOopMap {}
                      ;*invokeinterface getNumIndices {reexecute=0 rethrow=0 return_oop=0}
                      ; - com.badlogic.gdx.graphics.Mesh::bind@45 (line 517)
                      ; - com.badlogic.gdx.graphics.Mesh::bind@4 (line 505)
                      ; - com.badlogic.gdx.graphics.Mesh::render@13 (line 620)
  0x0000022e17b974bc: 40d1 9fff 

  0x0000022e17b974c0: ;   {other}
  0x0000022e17b974c0: 0f1f 8400 | b032 006b | baf6 ffff | ff66 6690 

  0x0000022e17b974d0: ;   {runtime_call UncommonTrapBlob}
  0x0000022e17b974d0: c5f8 77e8 

  0x0000022e17b974d4: ; ImmutableOopMap {[56]=Oop }
                      ;*invokeinterface unbind {reexecute=0 rethrow=0 return_oop=0}
                      ; - com.badlogic.gdx.graphics.Mesh::unbind@6 (line 535)
                      ; - com.badlogic.gdx.graphics.Mesh::unbind@4 (line 525)
                      ; - com.badlogic.gdx.graphics.Mesh::render@320 (line 657)
  0x0000022e17b974d4: 28d1 9fff 

  0x0000022e17b974d8: ;   {other}
  0x0000022e17b974d8: 0f1f 8400 | c832 006c | baf6 ffff | ff66 6690 

  0x0000022e17b974e8: ;   {runtime_call UncommonTrapBlob}
  0x0000022e17b974e8: c5f8 77e8 

  0x0000022e17b974ec: ; ImmutableOopMap {}
                      ;*invokeinterface getNumIndices {reexecute=0 rethrow=0 return_oop=0}
                      ; - com.badlogic.gdx.graphics.Mesh::unbind@45 (line 537)
                      ; - com.badlogic.gdx.graphics.Mesh::unbind@4 (line 525)
                      ; - com.badlogic.gdx.graphics.Mesh::render@320 (line 657)
  0x0000022e17b974ec: 10d1 9fff 

  0x0000022e17b974f0: ;   {other}
  0x0000022e17b974f0: 0f1f 8400 | e032 006d | ba45 ffff | ff48 8b2c | 244c 8b5c | 2410 4c89 | 5c24 0848 | 894c 2410 
  0x0000022e17b97510: 8974 2418 | 4489 4c24 | 1c48 894c | 2428 4489 | 5424 30c5 | 7a11 7424 | 3444 8974 | 2438 4489 
  0x0000022e17b97530: 7424 3c90 

  0x0000022e17b97534: ;   {runtime_call UncommonTrapBlob}
  0x0000022e17b97534: c5f8 77e8 

  0x0000022e17b97538: ; ImmutableOopMap {rbp=Oop [8]=Oop [16]=Oop [40]=Oop [48]=NarrowOop [52]=NarrowOop [56]=NarrowOop [60]=NarrowOop }
                      ;*ifnonnull {reexecute=1 rethrow=0 return_oop=0}
                      ; - (reexecute) com.badlogic.gdx.utils.ObjectIntMap::locateKey@1 (line 126)
                      ; - com.badlogic.gdx.utils.ObjectIntMap::get@2 (line 187)
                      ; - com.badlogic.gdx.graphics.glutils.ShaderProgram::fetchAttributeLocation@11 (line 286)
                      ; - com.badlogic.gdx.graphics.glutils.ShaderProgram::disableVertexAttribute@10 (line 729)
                      ; - com.badlogic.gdx.graphics.glutils.VertexArray::unbind@34 (line 166)
                      ; - com.badlogic.gdx.graphics.Mesh::unbind@6 (line 535)
                      ; - com.badlogic.gdx.graphics.Mesh::unbind@4 (line 525)
                      ; - com.badlogic.gdx.graphics.Mesh::render@320 (line 657)
  0x0000022e17b97538: c4d0 9fff 

  0x0000022e17b9753c: ;   {other}
  0x0000022e17b9753c: 0f1f 8400 | 2c33 006e | baf6 ffff | ff8b ef90 

  0x0000022e17b9754c: ;   {runtime_call UncommonTrapBlob}
  0x0000022e17b9754c: c5f8 77e8 

  0x0000022e17b97550: ; ImmutableOopMap {}
                      ;*invokevirtual get {reexecute=0 rethrow=0 return_oop=0}
                      ; - com.badlogic.gdx.graphics.glutils.VertexBufferObject::bind@97 (line 193)
                      ; - com.badlogic.gdx.graphics.Mesh::bind@6 (line 515)
                      ; - com.badlogic.gdx.graphics.Mesh::bind@4 (line 505)
                      ; - com.badlogic.gdx.graphics.Mesh::render@13 (line 620)
  0x0000022e17b97550: acd0 9fff 

  0x0000022e17b97554: ;   {other}
  0x0000022e17b97554: 0f1f 8400 | 4433 006f | baf6 ffff | ff8b ef90 

  0x0000022e17b97564: ;   {runtime_call UncommonTrapBlob}
  0x0000022e17b97564: c5f8 77e8 

  0x0000022e17b97568: ; ImmutableOopMap {}
                      ;*aaload {reexecute=0 rethrow=0 return_oop=0}
                      ; - com.badlogic.gdx.graphics.VertexAttributes::get@5 (line 116)
                      ; - com.badlogic.gdx.graphics.glutils.VertexBufferObject::bind@97 (line 193)
                      ; - com.badlogic.gdx.graphics.Mesh::bind@6 (line 515)
                      ; - com.badlogic.gdx.graphics.Mesh::bind@4 (line 505)
                      ; - com.badlogic.gdx.graphics.Mesh::render@13 (line 620)
  0x0000022e17b97568: 94d0 9fff 

  0x0000022e17b9756c: ;   {other}
  0x0000022e17b9756c: 0f1f 8400 | 5c33 0070 | baf6 ffff | ff66 6690 

  0x0000022e17b9757c: ;   {runtime_call UncommonTrapBlob}
  0x0000022e17b9757c: c5f8 77e8 

  0x0000022e17b97580: ; ImmutableOopMap {}
                      ;*getfield alias {reexecute=1 rethrow=0 return_oop=0}
                      ; - (reexecute) com.badlogic.gdx.graphics.glutils.VertexBufferObject::bind@105 (line 194)
                      ; - com.badlogic.gdx.graphics.Mesh::bind@6 (line 515)
                      ; - com.badlogic.gdx.graphics.Mesh::bind@4 (line 505)
                      ; - com.badlogic.gdx.graphics.Mesh::render@13 (line 620)
  0x0000022e17b97580: 7cd0 9fff 

  0x0000022e17b97584: ;   {other}
  0x0000022e17b97584: 0f1f 8400 | 7433 0071 | baf6 ffff | ff41 8bed 

  0x0000022e17b97594: ;   {runtime_call UncommonTrapBlob}
  0x0000022e17b97594: c5f8 77e8 

  0x0000022e17b97598: ; ImmutableOopMap {rbp=NarrowOop }
                      ;*invokevirtual get {reexecute=0 rethrow=0 return_oop=0}
                      ; - com.badlogic.gdx.graphics.glutils.ShaderProgram::getAttributeLocation@6 (line 877)
                      ; - com.badlogic.gdx.graphics.glutils.VertexBufferObject::bind@108 (line 194)
                      ; - com.badlogic.gdx.graphics.Mesh::bind@6 (line 515)
                      ; - com.badlogic.gdx.graphics.Mesh::bind@4 (line 505)
                      ; - com.badlogic.gdx.graphics.Mesh::render@13 (line 620)
  0x0000022e17b97598: 64d0 9fff 

  0x0000022e17b9759c: ;   {other}
  0x0000022e17b9759c: 0f1f 8400 | 8c33 0072 | baf6 ffff | ff41 8be9 

  0x0000022e17b975ac: ;   {runtime_call UncommonTrapBlob}
  0x0000022e17b975ac: c5f8 77e8 

  0x0000022e17b975b0: ; ImmutableOopMap {}
                      ;*aaload {reexecute=0 rethrow=0 return_oop=0}
                      ; - com.badlogic.gdx.utils.ObjectIntMap::locateKey@27 (line 129)
                      ; - com.badlogic.gdx.utils.ObjectIntMap::get@2 (line 187)
                      ; - com.badlogic.gdx.graphics.glutils.ShaderProgram::getAttributeLocation@6 (line 877)
                      ; - com.badlogic.gdx.graphics.glutils.VertexBufferObject::bind@108 (line 194)
                      ; - com.badlogic.gdx.graphics.Mesh::bind@6 (line 515)
                      ; - com.badlogic.gdx.graphics.Mesh::bind@4 (line 505)
                      ; - com.badlogic.gdx.graphics.Mesh::render@13 (line 620)
  0x0000022e17b975b0: 4cd0 9fff 

  0x0000022e17b975b4: ;   {other}
  0x0000022e17b975b4: 0f1f 8400 | a433 0073 | baf6 ffff | ff41 8be9 

  0x0000022e17b975c4: ;   {runtime_call UncommonTrapBlob}
  0x0000022e17b975c4: c5f8 77e8 

  0x0000022e17b975c8: ; ImmutableOopMap {}
                      ;*iaload {reexecute=0 rethrow=0 return_oop=0}
                      ; - com.badlogic.gdx.utils.ObjectIntMap::get@19 (line 188)
                      ; - com.badlogic.gdx.graphics.glutils.ShaderProgram::getAttributeLocation@6 (line 877)
                      ; - com.badlogic.gdx.graphics.glutils.VertexBufferObject::bind@108 (line 194)
                      ; - com.badlogic.gdx.graphics.Mesh::bind@6 (line 515)
                      ; - com.badlogic.gdx.graphics.Mesh::bind@4 (line 505)
                      ; - com.badlogic.gdx.graphics.Mesh::render@13 (line 620)
  0x0000022e17b975c8: 34d0 9fff 

  0x0000022e17b975cc: ;   {other}
  0x0000022e17b975cc: 0f1f 8400 | bc33 0074 | baf6 ffff | ff41 8be8 

  0x0000022e17b975dc: ;   {runtime_call UncommonTrapBlob}
  0x0000022e17b975dc: c5f8 77e8 

  0x0000022e17b975e0: ; ImmutableOopMap {}
                      ;*invokeinterface glEnableVertexAttribArray {reexecute=0 rethrow=0 return_oop=0}
                      ; - com.badlogic.gdx.graphics.glutils.ShaderProgram::enableVertexAttribute@10 (line 754)
                      ; - com.badlogic.gdx.graphics.glutils.VertexBufferObject::bind@124 (line 196)
                      ; - com.badlogic.gdx.graphics.Mesh::bind@6 (line 515)
                      ; - com.badlogic.gdx.graphics.Mesh::bind@4 (line 505)
                      ; - com.badlogic.gdx.graphics.Mesh::render@13 (line 620)
  0x0000022e17b975e0: 1cd0 9fff 

  0x0000022e17b975e4: ;   {other}
  0x0000022e17b975e4: 0f1f 8400 | d433 0075 | baf6 ffff | ff41 8be8 

  0x0000022e17b975f4: ;   {runtime_call UncommonTrapBlob}
  0x0000022e17b975f4: c5f8 77e8 

  0x0000022e17b975f8: ; ImmutableOopMap {}
                      ;*invokevirtual get {reexecute=0 rethrow=0 return_oop=0}
                      ; - com.badlogic.gdx.graphics.glutils.VertexBufferObject::unbind@34 (line 230)
                      ; - com.badlogic.gdx.graphics.Mesh::unbind@6 (line 535)
                      ; - com.badlogic.gdx.graphics.Mesh::unbind@4 (line 525)
                      ; - com.badlogic.gdx.graphics.Mesh::render@320 (line 657)
  0x0000022e17b975f8: 04d0 9fff 

  0x0000022e17b975fc: ;   {other}
  0x0000022e17b975fc: 0f1f 8400 | ec33 0076 | baf6 ffff | ff41 8be8 

  0x0000022e17b9760c: ;   {runtime_call UncommonTrapBlob}
  0x0000022e17b9760c: c5f8 77e8 

  0x0000022e17b97610: ; ImmutableOopMap {}
                      ;*aaload {reexecute=0 rethrow=0 return_oop=0}
                      ; - com.badlogic.gdx.graphics.VertexAttributes::get@5 (line 116)
                      ; - com.badlogic.gdx.graphics.glutils.VertexBufferObject::unbind@34 (line 230)
                      ; - com.badlogic.gdx.graphics.Mesh::unbind@6 (line 535)
                      ; - com.badlogic.gdx.graphics.Mesh::unbind@4 (line 525)
                      ; - com.badlogic.gdx.graphics.Mesh::render@320 (line 657)
  0x0000022e17b97610: eccf 9fff 

  0x0000022e17b97614: ;   {other}
  0x0000022e17b97614: 0f1f 8400 | 0434 0077 | baf6 ffff | ff66 6690 

  0x0000022e17b97624: ;   {runtime_call UncommonTrapBlob}
  0x0000022e17b97624: c5f8 77e8 

  0x0000022e17b97628: ; ImmutableOopMap {}
                      ;*getfield alias {reexecute=1 rethrow=0 return_oop=0}
                      ; - (reexecute) com.badlogic.gdx.graphics.glutils.VertexBufferObject::unbind@37 (line 230)
                      ; - com.badlogic.gdx.graphics.Mesh::unbind@6 (line 535)
                      ; - com.badlogic.gdx.graphics.Mesh::unbind@4 (line 525)
                      ; - com.badlogic.gdx.graphics.Mesh::render@320 (line 657)
  0x0000022e17b97628: d4cf 9fff 

  0x0000022e17b9762c: ;   {other}
  0x0000022e17b9762c: 0f1f 8400 | 1c34 0078 | baf6 ffff | ff41 8be9 

  0x0000022e17b9763c: ;   {runtime_call UncommonTrapBlob}
  0x0000022e17b9763c: c5f8 77e8 

  0x0000022e17b97640: ; ImmutableOopMap {rbp=NarrowOop }
                      ;*invokevirtual get {reexecute=0 rethrow=0 return_oop=0}
                      ; - com.badlogic.gdx.graphics.glutils.ShaderProgram::fetchAttributeLocation@11 (line 286)
                      ; - com.badlogic.gdx.graphics.glutils.ShaderProgram::disableVertexAttribute@10 (line 729)
                      ; - com.badlogic.gdx.graphics.glutils.VertexBufferObject::unbind@40 (line 230)
                      ; - com.badlogic.gdx.graphics.Mesh::unbind@6 (line 535)
                      ; - com.badlogic.gdx.graphics.Mesh::unbind@4 (line 525)
                      ; - com.badlogic.gdx.graphics.Mesh::render@320 (line 657)
  0x0000022e17b97640: bccf 9fff 

  0x0000022e17b97644: ;   {other}
  0x0000022e17b97644: 0f1f 8400 | 3434 0079 | baf6 ffff | ff41 8be8 

  0x0000022e17b97654: ;   {runtime_call UncommonTrapBlob}
  0x0000022e17b97654: c5f8 77e8 

  0x0000022e17b97658: ; ImmutableOopMap {}
                      ;*aaload {reexecute=0 rethrow=0 return_oop=0}
                      ; - com.badlogic.gdx.utils.ObjectIntMap::locateKey@27 (line 129)
                      ; - com.badlogic.gdx.utils.ObjectIntMap::get@2 (line 187)
                      ; - com.badlogic.gdx.graphics.glutils.ShaderProgram::fetchAttributeLocation@11 (line 286)
                      ; - com.badlogic.gdx.graphics.glutils.ShaderProgram::disableVertexAttribute@10 (line 729)
                      ; - com.badlogic.gdx.graphics.glutils.VertexBufferObject::unbind@40 (line 230)
                      ; - com.badlogic.gdx.graphics.Mesh::unbind@6 (line 535)
                      ; - com.badlogic.gdx.graphics.Mesh::unbind@4 (line 525)
                      ; - com.badlogic.gdx.graphics.Mesh::render@320 (line 657)
  0x0000022e17b97658: a4cf 9fff 

  0x0000022e17b9765c: ;   {other}
  0x0000022e17b9765c: 0f1f 8400 | 4c34 007a | baf6 ffff | ff66 6690 

  0x0000022e17b9766c: ;   {runtime_call UncommonTrapBlob}
  0x0000022e17b9766c: c5f8 77e8 

  0x0000022e17b97670: ; ImmutableOopMap {}
                      ;*getfield vertexSize {reexecute=1 rethrow=0 return_oop=0}
                      ; - (reexecute) com.badlogic.gdx.graphics.glutils.VertexBufferObject::bind@149 (line 198)
                      ; - com.badlogic.gdx.graphics.Mesh::bind@6 (line 515)
                      ; - com.badlogic.gdx.graphics.Mesh::bind@4 (line 505)
                      ; - com.badlogic.gdx.graphics.Mesh::render@13 (line 620)
  0x0000022e17b97670: 8ccf 9fff 

  0x0000022e17b97674: ;   {other}
  0x0000022e17b97674: 0f1f 8400 | 6434 007b | baf6 ffff | ff8b 6c24 | 5444 8904 | 2444 894c | 2404 895c | 2408 4489 
  0x0000022e17b97694: 5424 0c44 | 895c 2410 

  0x0000022e17b9769c: ;   {runtime_call UncommonTrapBlob}
  0x0000022e17b9769c: c5f8 77e8 

  0x0000022e17b976a0: ; ImmutableOopMap {}
                      ;*invokeinterface glVertexAttribPointer {reexecute=0 rethrow=0 return_oop=0}
                      ; - com.badlogic.gdx.graphics.glutils.ShaderProgram::setVertexAttribute@20 (line 693)
                      ; - com.badlogic.gdx.graphics.glutils.VertexBufferObject::bind@157 (line 198)
                      ; - com.badlogic.gdx.graphics.Mesh::bind@6 (line 515)
                      ; - com.badlogic.gdx.graphics.Mesh::bind@4 (line 505)
                      ; - com.badlogic.gdx.graphics.Mesh::render@13 (line 620)
  0x0000022e17b976a0: 5ccf 9fff 

  0x0000022e17b976a4: ;   {other}
  0x0000022e17b976a4: 0f1f 8400 | 9434 007c | baf6 ffff | ff41 8bea 

  0x0000022e17b976b4: ;   {runtime_call UncommonTrapBlob}
  0x0000022e17b976b4: c5f8 77e8 

  0x0000022e17b976b8: ; ImmutableOopMap {}
                      ;*iaload {reexecute=0 rethrow=0 return_oop=0}
                      ; - com.badlogic.gdx.utils.ObjectIntMap::get@19 (line 188)
                      ; - com.badlogic.gdx.graphics.glutils.ShaderProgram::fetchAttributeLocation@11 (line 286)
                      ; - com.badlogic.gdx.graphics.glutils.ShaderProgram::disableVertexAttribute@10 (line 729)
                      ; - com.badlogic.gdx.graphics.glutils.VertexBufferObject::unbind@40 (line 230)
                      ; - com.badlogic.gdx.graphics.Mesh::unbind@6 (line 535)
                      ; - com.badlogic.gdx.graphics.Mesh::unbind@4 (line 525)
                      ; - com.badlogic.gdx.graphics.Mesh::render@320 (line 657)
  0x0000022e17b976b8: 44cf 9fff 

  0x0000022e17b976bc: ;   {other}
  0x0000022e17b976bc: 0f1f 8400 | ac34 007d | baf6 ffff | ff41 8bea 

  0x0000022e17b976cc: ;   {runtime_call UncommonTrapBlob}
  0x0000022e17b976cc: c5f8 77e8 

  0x0000022e17b976d0: ; ImmutableOopMap {}
                      ;*invokeinterface glDisableVertexAttribArray {reexecute=0 rethrow=0 return_oop=0}
                      ; - com.badlogic.gdx.graphics.glutils.ShaderProgram::disableVertexAttribute@22 (line 731)
                      ; - com.badlogic.gdx.graphics.glutils.VertexBufferObject::unbind@40 (line 230)
                      ; - com.badlogic.gdx.graphics.Mesh::unbind@6 (line 535)
                      ; - com.badlogic.gdx.graphics.Mesh::unbind@4 (line 525)
                      ; - com.badlogic.gdx.graphics.Mesh::render@320 (line 657)
  0x0000022e17b976d0: 2ccf 9fff 

  0x0000022e17b976d4: ;   {other}
  0x0000022e17b976d4: 0f1f 8400 | c434 007e | baf6 ffff | ff66 6690 

  0x0000022e17b976e4: ;   {runtime_call UncommonTrapBlob}
  0x0000022e17b976e4: c5f8 77e8 

  0x0000022e17b976e8: ; ImmutableOopMap {}
                      ;*invokevirtual size {reexecute=0 rethrow=0 return_oop=0}
                      ; - com.badlogic.gdx.graphics.glutils.VertexArray::unbind@4 (line 163)
                      ; - com.badlogic.gdx.graphics.Mesh::unbind@6 (line 535)
                      ; - com.badlogic.gdx.graphics.Mesh::unbind@4 (line 525)
                      ; - com.badlogic.gdx.graphics.Mesh::render@320 (line 657)
  0x0000022e17b976e8: 14cf 9fff 

  0x0000022e17b976ec: ;   {other}
  0x0000022e17b976ec: 0f1f 8400 | dc34 007f | baf6 ffff | ff66 6690 

  0x0000022e17b976fc: ;   {runtime_call UncommonTrapBlob}
  0x0000022e17b976fc: c5f8 77e8 

  0x0000022e17b97700: ; ImmutableOopMap {}
                      ;*arraylength {reexecute=0 rethrow=0 return_oop=0}
                      ; - com.badlogic.gdx.graphics.VertexAttributes::size@4 (line 110)
                      ; - com.badlogic.gdx.graphics.glutils.VertexArray::unbind@4 (line 163)
                      ; - com.badlogic.gdx.graphics.Mesh::unbind@6 (line 535)
                      ; - com.badlogic.gdx.graphics.Mesh::unbind@4 (line 525)
                      ; - com.badlogic.gdx.graphics.Mesh::render@320 (line 657)
  0x0000022e17b97700: fcce 9fff 

  0x0000022e17b97704: ;   {other}
  0x0000022e17b97704: 0f1f 8400 | f434 0080 | baf6 ffff | ff66 6690 

  0x0000022e17b97714: ;   {runtime_call UncommonTrapBlob}
  0x0000022e17b97714: c5f8 77e8 

  0x0000022e17b97718: ; ImmutableOopMap {}
                      ;*invokevirtual limit {reexecute=0 rethrow=0 return_oop=0}
                      ; - com.badlogic.gdx.graphics.glutils.IndexArray::getNumIndices@15 (line 50)
                      ; - com.badlogic.gdx.graphics.Mesh::render@27 (line 623)
  0x0000022e17b97718: e4ce 9fff 

  0x0000022e17b9771c: ;   {other}
  0x0000022e17b9771c: 0f1f 8400 | 0c35 0081 | baf6 ffff | ff8b 6c24 | 1444 895c | 2404 6690 

  0x0000022e17b97734: ;   {runtime_call UncommonTrapBlob}
  0x0000022e17b97734: c5f8 77e8 

  0x0000022e17b97738: ; ImmutableOopMap {[4]=NarrowOop }
                      ;*invokeinterface glDrawElements {reexecute=0 rethrow=0 return_oop=0}
                      ; - com.badlogic.gdx.graphics.Mesh::render@79 (line 628)
  0x0000022e17b97738: c4ce 9fff 

  0x0000022e17b9773c: ;   {other}
  0x0000022e17b9773c: 0f1f 8400 | 2c35 0082 | baf6 ffff | ff66 6690 

  0x0000022e17b9774c: ;   {runtime_call UncommonTrapBlob}
  0x0000022e17b9774c: c5f8 77e8 

  0x0000022e17b97750: ; ImmutableOopMap {}
                      ;*arraylength {reexecute=0 rethrow=0 return_oop=0}
                      ; - java.lang.StringLatin1::hashCode@1 (line 192)
                      ; - java.lang.String::hashCode@27 (line 2358)
                      ; - com.badlogic.gdx.utils.ObjectIntMap::place@1 (line 120)
                      ; - com.badlogic.gdx.utils.ObjectIntMap::locateKey@21 (line 128)
                      ; - com.badlogic.gdx.utils.ObjectIntMap::get@2 (line 187)
                      ; - com.badlogic.gdx.graphics.glutils.ShaderProgram::fetchAttributeLocation@11 (line 286)
                      ; - com.badlogic.gdx.graphics.glutils.ShaderProgram::disableVertexAttribute@10 (line 729)
                      ; - com.badlogic.gdx.graphics.glutils.VertexArray::unbind@34 (line 166)
                      ; - com.badlogic.gdx.graphics.Mesh::unbind@6 (line 535)
                      ; - com.badlogic.gdx.graphics.Mesh::unbind@4 (line 525)
                      ; - com.badlogic.gdx.graphics.Mesh::render@320 (line 657)
  0x0000022e17b97750: acce 9fff 

  0x0000022e17b97754: ;   {other}
  0x0000022e17b97754: 0f1f 8400 | 4435 0083 | baf6 ffff | ff8b 6c24 | 1466 6690 

  0x0000022e17b97768: ;   {runtime_call UncommonTrapBlob}
  0x0000022e17b97768: c5f8 77e8 

  0x0000022e17b9776c: ; ImmutableOopMap {}
                      ;*invokeinterface glDrawArrays {reexecute=0 rethrow=0 return_oop=0}
                      ; - com.badlogic.gdx.graphics.Mesh::render@308 (line 652)
  0x0000022e17b9776c: 90ce 9fff 

  0x0000022e17b97770: ;   {other}
  0x0000022e17b97770: 0f1f 8400 | 6035 0084 | baf6 ffff | ff41 8beb 

  0x0000022e17b97780: ;   {runtime_call UncommonTrapBlob}
  0x0000022e17b97780: c5f8 77e8 

  0x0000022e17b97784: ; ImmutableOopMap {}
                      ;*invokeinterface glBindBuffer {reexecute=0 rethrow=0 return_oop=0}
                      ; - com.badlogic.gdx.graphics.glutils.VertexBufferObject::bind@11 (line 183)
                      ; - com.badlogic.gdx.graphics.Mesh::bind@6 (line 515)
                      ; - com.badlogic.gdx.graphics.Mesh::bind@4 (line 505)
                      ; - com.badlogic.gdx.graphics.Mesh::render@13 (line 620)
  0x0000022e17b97784: 78ce 9fff 

  0x0000022e17b97788: ;   {other}
  0x0000022e17b97788: 0f1f 8400 | 7835 0085 | baf6 ffff | ff66 6690 

  0x0000022e17b97798: ;   {runtime_call UncommonTrapBlob}
  0x0000022e17b97798: c5f8 77e8 

  0x0000022e17b9779c: ; ImmutableOopMap {}
                      ;*invokevirtual limit {reexecute=0 rethrow=0 return_oop=0}
                      ; - com.badlogic.gdx.graphics.glutils.VertexBufferObject::bind@31 (line 185)
                      ; - com.badlogic.gdx.graphics.Mesh::bind@6 (line 515)
                      ; - com.badlogic.gdx.graphics.Mesh::bind@4 (line 505)
                      ; - com.badlogic.gdx.graphics.Mesh::render@13 (line 620)
  0x0000022e17b9779c: 60ce 9fff 

  0x0000022e17b977a0: ;   {other}
  0x0000022e17b977a0: 0f1f 8400 | 9035 0086 | baf6 ffff | ff41 8be8 

  0x0000022e17b977b0: ;   {runtime_call UncommonTrapBlob}
  0x0000022e17b977b0: c5f8 77e8 

  0x0000022e17b977b4: ; ImmutableOopMap {}
                      ;*invokevirtual limit {reexecute=0 rethrow=0 return_oop=0}
                      ; - com.badlogic.gdx.graphics.glutils.VertexBufferObject::bind@36 (line 185)
                      ; - com.badlogic.gdx.graphics.Mesh::bind@6 (line 515)
                      ; - com.badlogic.gdx.graphics.Mesh::bind@4 (line 505)
                      ; - com.badlogic.gdx.graphics.Mesh::render@13 (line 620)
  0x0000022e17b977b4: 48ce 9fff 

  0x0000022e17b977b8: ;   {other}
  0x0000022e17b977b8: 0f1f 8400 | a835 0087 | baf6 ffff | ff66 6690 

  0x0000022e17b977c8: ;   {runtime_call UncommonTrapBlob}
  0x0000022e17b977c8: c5f8 77e8 

  0x0000022e17b977cc: ; ImmutableOopMap {}
                      ;*invokevirtual size {reexecute=0 rethrow=0 return_oop=0}
                      ; - com.badlogic.gdx.graphics.glutils.VertexBufferObject::bind@72 (line 190)
                      ; - com.badlogic.gdx.graphics.Mesh::bind@6 (line 515)
                      ; - com.badlogic.gdx.graphics.Mesh::bind@4 (line 505)
                      ; - com.badlogic.gdx.graphics.Mesh::render@13 (line 620)
  0x0000022e17b977cc: 30ce 9fff 

  0x0000022e17b977d0: ;   {other}
  0x0000022e17b977d0: 0f1f 8400 | c035 0088 | baf6 ffff | ff66 6690 

  0x0000022e17b977e0: ;   {runtime_call UncommonTrapBlob}
  0x0000022e17b977e0: c5f8 77e8 

  0x0000022e17b977e4: ; ImmutableOopMap {}
                      ;*arraylength {reexecute=0 rethrow=0 return_oop=0}
                      ; - com.badlogic.gdx.graphics.VertexAttributes::size@4 (line 110)
                      ; - com.badlogic.gdx.graphics.glutils.VertexBufferObject::bind@72 (line 190)
                      ; - com.badlogic.gdx.graphics.Mesh::bind@6 (line 515)
                      ; - com.badlogic.gdx.graphics.Mesh::bind@4 (line 505)
                      ; - com.badlogic.gdx.graphics.Mesh::render@13 (line 620)
  0x0000022e17b977e4: 18ce 9fff 

  0x0000022e17b977e8: ;   {other}
  0x0000022e17b977e8: 0f1f 8400 | d835 0089 | baf6 ffff | ff66 6690 

  0x0000022e17b977f8: ;   {runtime_call UncommonTrapBlob}
  0x0000022e17b977f8: c5f8 77e8 

  0x0000022e17b977fc: ; ImmutableOopMap {}
                      ;*invokevirtual size {reexecute=0 rethrow=0 return_oop=0}
                      ; - com.badlogic.gdx.graphics.glutils.VertexBufferObject::unbind@8 (line 227)
                      ; - com.badlogic.gdx.graphics.Mesh::unbind@6 (line 535)
                      ; - com.badlogic.gdx.graphics.Mesh::unbind@4 (line 525)
                      ; - com.badlogic.gdx.graphics.Mesh::render@320 (line 657)
  0x0000022e17b977fc: 00ce 9fff 

  0x0000022e17b97800: ;   {other}
  0x0000022e17b97800: 0f1f 8400 | f035 008a | baf6 ffff | ff66 6690 

  0x0000022e17b97810: ;   {runtime_call UncommonTrapBlob}
  0x0000022e17b97810: c5f8 77e8 

  0x0000022e17b97814: ; ImmutableOopMap {}
                      ;*arraylength {reexecute=0 rethrow=0 return_oop=0}
                      ; - com.badlogic.gdx.graphics.VertexAttributes::size@4 (line 110)
                      ; - com.badlogic.gdx.graphics.glutils.VertexBufferObject::unbind@8 (line 227)
                      ; - com.badlogic.gdx.graphics.Mesh::unbind@6 (line 535)
                      ; - com.badlogic.gdx.graphics.Mesh::unbind@4 (line 525)
                      ; - com.badlogic.gdx.graphics.Mesh::render@320 (line 657)
  0x0000022e17b97814: e8cd 9fff 

  0x0000022e17b97818: ;   {other}
  0x0000022e17b97818: 0f1f 8400 | 0836 008b | baf6 ffff | ff66 6690 

  0x0000022e17b97828: ;   {runtime_call UncommonTrapBlob}
  0x0000022e17b97828: c5f8 77e8 

  0x0000022e17b9782c: ; ImmutableOopMap {}
                      ;*invokeinterface glBindBuffer {reexecute=0 rethrow=0 return_oop=0}
                      ; - com.badlogic.gdx.graphics.glutils.VertexBufferObject::unbind@89 (line 238)
                      ; - com.badlogic.gdx.graphics.Mesh::unbind@6 (line 535)
                      ; - com.badlogic.gdx.graphics.Mesh::unbind@4 (line 525)
                      ; - com.badlogic.gdx.graphics.Mesh::render@320 (line 657)
  0x0000022e17b9782c: d0cd 9fff 

  0x0000022e17b97830: ;   {other}
  0x0000022e17b97830: 0f1f 8400 | 2036 008c | ba45 ffff | ff48 8b6c | 2428 448b | 4424 1444 | 8944 2408 | 448b 4c24 
  0x0000022e17b97850: 1844 894c | 240c 448b | 4c24 2044 | 894c 2410 | 448b 4424 | 1c44 8944 | 2414 4c89 | 7424 2048 
  0x0000022e17b97870: 894c 2428 | 4c89 7424 | 3089 7c24 | 3889 5c24 | 3c44 8954 | 2440 4489 | 5c24 4444 | 896c 244c 
  0x0000022e17b97890: ;   {runtime_call UncommonTrapBlob}
  0x0000022e17b97890: c5f8 77e8 

  0x0000022e17b97894: ; ImmutableOopMap {rbp=Oop [32]=Oop [40]=Oop [48]=Oop [64]=NarrowOop [68]=NarrowOop [76]=NarrowOop }
                      ;*ifnonnull {reexecute=1 rethrow=0 return_oop=0}
                      ; - (reexecute) com.badlogic.gdx.utils.ObjectIntMap::locateKey@1 (line 126)
                      ; - com.badlogic.gdx.utils.ObjectIntMap::get@2 (line 187)
                      ; - com.badlogic.gdx.graphics.glutils.ShaderProgram::getAttributeLocation@6 (line 877)
                      ; - com.badlogic.gdx.graphics.glutils.VertexBufferObject::bind@108 (line 194)
                      ; - com.badlogic.gdx.graphics.Mesh::bind@6 (line 515)
                      ; - com.badlogic.gdx.graphics.Mesh::bind@4 (line 505)
                      ; - com.badlogic.gdx.graphics.Mesh::render@13 (line 620)
  0x0000022e17b97894: 68cd 9fff 

  0x0000022e17b97898: ;   {other}
  0x0000022e17b97898: 0f1f 8400 | 8836 008d | ba45 ffff | ff48 8b2c | 2448 8b5c | 2410 4889 | 5c24 0848 | 894c 2410 
  0x0000022e17b978b8: 4889 4c24 | 1844 895c | 2420 897c | 2424 4489 | 4424 2844 | 896c 2434 | 4489 5424 | 3844 894c 
  0x0000022e17b978d8: 243c 4489 | 4c24 4090 

  0x0000022e17b978e0: ;   {runtime_call UncommonTrapBlob}
  0x0000022e17b978e0: c5f8 77e8 

  0x0000022e17b978e4: ; ImmutableOopMap {rbp=Oop [8]=Oop [16]=Oop [24]=Oop [32]=NarrowOop [52]=NarrowOop [56]=NarrowOop [60]=NarrowOop [64]=NarrowOop }
                      ;*ifnonnull {reexecute=1 rethrow=0 return_oop=0}
                      ; - (reexecute) com.badlogic.gdx.utils.ObjectIntMap::locateKey@1 (line 126)
                      ; - com.badlogic.gdx.utils.ObjectIntMap::get@2 (line 187)
                      ; - com.badlogic.gdx.graphics.glutils.ShaderProgram::fetchAttributeLocation@11 (line 286)
                      ; - com.badlogic.gdx.graphics.glutils.ShaderProgram::disableVertexAttribute@10 (line 729)
                      ; - com.badlogic.gdx.graphics.glutils.VertexBufferObject::unbind@40 (line 230)
                      ; - com.badlogic.gdx.graphics.Mesh::unbind@6 (line 535)
                      ; - com.badlogic.gdx.graphics.Mesh::unbind@4 (line 525)
                      ; - com.badlogic.gdx.graphics.Mesh::render@320 (line 657)
  0x0000022e17b978e4: 18cd 9fff 

  0x0000022e17b978e8: ;   {other}
  0x0000022e17b978e8: 0f1f 8400 | d836 008e | baf6 ffff | ff66 6690 

  0x0000022e17b978f8: ;   {runtime_call UncommonTrapBlob}
  0x0000022e17b978f8: c5f8 77e8 

  0x0000022e17b978fc: ; ImmutableOopMap {}
                      ;*arraylength {reexecute=0 rethrow=0 return_oop=0}
                      ; - java.lang.StringLatin1::hashCode@1 (line 192)
                      ; - java.lang.String::hashCode@27 (line 2358)
                      ; - com.badlogic.gdx.utils.ObjectIntMap::place@1 (line 120)
                      ; - com.badlogic.gdx.utils.ObjectIntMap::locateKey@21 (line 128)
                      ; - com.badlogic.gdx.utils.ObjectIntMap::get@2 (line 187)
                      ; - com.badlogic.gdx.graphics.glutils.ShaderProgram::getAttributeLocation@6 (line 877)
                      ; - com.badlogic.gdx.graphics.glutils.VertexBufferObject::bind@108 (line 194)
                      ; - com.badlogic.gdx.graphics.Mesh::bind@6 (line 515)
                      ; - com.badlogic.gdx.graphics.Mesh::bind@4 (line 505)
                      ; - com.badlogic.gdx.graphics.Mesh::render@13 (line 620)
  0x0000022e17b978fc: 00cd 9fff 

  0x0000022e17b97900: ;   {other}
  0x0000022e17b97900: 0f1f 8400 | f036 008f | baf6 ffff | ff66 6690 

  0x0000022e17b97910: ;   {runtime_call UncommonTrapBlob}
  0x0000022e17b97910: c5f8 77e8 

  0x0000022e17b97914: ; ImmutableOopMap {}
                      ;*arraylength {reexecute=0 rethrow=0 return_oop=0}
                      ; - java.lang.StringLatin1::hashCode@1 (line 192)
                      ; - java.lang.String::hashCode@27 (line 2358)
                      ; - com.badlogic.gdx.utils.ObjectIntMap::place@1 (line 120)
                      ; - com.badlogic.gdx.utils.ObjectIntMap::locateKey@21 (line 128)
                      ; - com.badlogic.gdx.utils.ObjectIntMap::get@2 (line 187)
                      ; - com.badlogic.gdx.graphics.glutils.ShaderProgram::fetchAttributeLocation@11 (line 286)
                      ; - com.badlogic.gdx.graphics.glutils.ShaderProgram::disableVertexAttribute@10 (line 729)
                      ; - com.badlogic.gdx.graphics.glutils.VertexBufferObject::unbind@40 (line 230)
                      ; - com.badlogic.gdx.graphics.Mesh::unbind@6 (line 535)
                      ; - com.badlogic.gdx.graphics.Mesh::unbind@4 (line 525)
                      ; - com.badlogic.gdx.graphics.Mesh::render@320 (line 657)
  0x0000022e17b97914: e8cc 9fff 

  0x0000022e17b97918: ;   {other}
  0x0000022e17b97918: 0f1f 8400 | 0837 0090 

  0x0000022e17b97920: ;   {internal_word}
  0x0000022e17b97920: 49ba aa4d | b917 2e02 | 0000 4d89 | 9768 0400 

  0x0000022e17b97930: ;   {runtime_call SafepointBlob}
  0x0000022e17b97930: 00e9 cadd 

  0x0000022e17b97934: ;   {runtime_call StubRoutines (final stubs)}
  0x0000022e17b97934: 9fff e825 | d49d ffe9 | 3ece ffff 
[Stub Code]
  0x0000022e17b97940: ;   {no_reloc}
  0x0000022e17b97940: 48bb 0000 | 0000 0000 

  0x0000022e17b97948: ;   {runtime_call}
  0x0000022e17b97948: 0000 e9fb 

  0x0000022e17b9794c: ;   {static_stub}
  0x0000022e17b9794c: ffff ff48 | bb00 0000 | 0000 0000 

  0x0000022e17b97958: ;   {runtime_call}
  0x0000022e17b97958: 00e9 fbff 

  0x0000022e17b9795c: ;   {static_stub}
  0x0000022e17b9795c: ffff 48bb | 0000 0000 | 0000 0000 

  0x0000022e17b97968: ;   {runtime_call}
  0x0000022e17b97968: e9fb ffff 

  0x0000022e17b9796c: ;   {static_stub}
  0x0000022e17b9796c: ff48 bb00 | 0000 0000 

  0x0000022e17b97974: ;   {runtime_call}
  0x0000022e17b97974: 0000 00e9 | fbff ffff 

  0x0000022e17b9797c: ;   {static_stub}
  0x0000022e17b9797c: 48bb 0000 | 0000 0000 

  0x0000022e17b97984: ;   {runtime_call}
  0x0000022e17b97984: 0000 e9fb 

  0x0000022e17b97988: ;   {static_stub}
  0x0000022e17b97988: ffff ff48 | bb00 0000 | 0000 0000 

  0x0000022e17b97994: ;   {runtime_call}
  0x0000022e17b97994: 00e9 fbff 

  0x0000022e17b97998: ;   {static_stub}
  0x0000022e17b97998: ffff 48bb | 0000 0000 | 0000 0000 

  0x0000022e17b979a4: ;   {runtime_call}
  0x0000022e17b979a4: e9fb ffff 

  0x0000022e17b979a8: ;   {static_stub}
  0x0000022e17b979a8: ff48 bb00 | 0000 0000 

  0x0000022e17b979b0: ;   {runtime_call}
  0x0000022e17b979b0: 0000 00e9 | fbff ffff 
[Exception Handler]
  0x0000022e17b979b8: ;   {runtime_call ExceptionBlob}
  0x0000022e17b979b8: e9c3 4dac | ffe8 0000 | 0000 4883 

  0x0000022e17b979c4: ;   {runtime_call DeoptimizationBlob}
  0x0000022e17b979c4: 2c24 05e9 | d4cf 9fff | f4f4 f4f4 
[/MachCode]


Compiled method (c1)   12279 1688       3       com.badlogic.gdx.graphics.Mesh::render (14 bytes)
 total in heap  [0x0000022e10309d10,0x0000022e1030a090] = 896
 relocation     [0x0000022e10309e70,0x0000022e10309eb0] = 64
 main code      [0x0000022e10309ec0,0x0000022e10309fc0] = 256
 stub code      [0x0000022e10309fc0,0x0000022e1030a008] = 72
 oops           [0x0000022e1030a008,0x0000022e1030a010] = 8
 metadata       [0x0000022e1030a010,0x0000022e1030a020] = 16
 scopes data    [0x0000022e1030a020,0x0000022e1030a048] = 40
 scopes pcs     [0x0000022e1030a048,0x0000022e1030a088] = 64
 dependencies   [0x0000022e1030a088,0x0000022e1030a090] = 8

[Constant Pool (empty)]

[MachCode]
[Entry Point]
  # {method} {0x0000022e6eb44bb8} 'render' '(Lcom/badlogic/gdx/graphics/glutils/ShaderProgram;III)V' in 'com/badlogic/gdx/graphics/Mesh'
  # this:     rdx:rdx   = 'com/badlogic/gdx/graphics/Mesh'
  # parm0:    r8:r8     = 'com/badlogic/gdx/graphics/glutils/ShaderProgram'
  # parm1:    r9        = int
  # parm2:    rdi       = int
  # parm3:    rsi       = int
  #           [sp+0x50]  (sp of caller)
  0x0000022e10309ec0: 448b 5208 | 49bb 0000 | 002d 2e02 | 0000 4d03 | d34c 3bd0 

  0x0000022e10309ed4: ;   {runtime_call ic_miss_stub}
  0x0000022e10309ed4: 0f85 a648 | 2807 660f | 1f44 0000 
[Verified Entry Point]
  0x0000022e10309ee0: 8984 2400 | 80ff ff55 | 4883 ec40 | 4181 7f20 | 0100 0000 

  0x0000022e10309ef4: ;   {runtime_call StubRoutines (final stubs)}
  0x0000022e10309ef4: 7405 e865 

  0x0000022e10309ef8: ;   {metadata(method data for {method} {0x0000022e6eb44bb8} 'render' '(Lcom/badlogic/gdx/graphics/glutils/ShaderProgram;III)V' in 'com/badlogic/gdx/graphics/Mesh')}
  0x0000022e10309ef8: ae26 0748 | b9b8 58c2 | 6e2e 0200 | 008b 99cc | 0000 0083 | c302 8999 | cc00 0000 | 81e3 fe07 
  0x0000022e10309f18: 0000 85db | 0f84 3d00 | 0000 0fbe | 4a0c 488b 

  0x0000022e10309f28: ;   {metadata(method data for {method} {0x0000022e6eb44bb8} 'render' '(Lcom/badlogic/gdx/graphics/glutils/ShaderProgram;III)V' in 'com/badlogic/gdx/graphics/Mesh')}
  0x0000022e10309f28: da48 b8b8 | 58c2 6e2e | 0200 0048 | 8380 2801 | 0000 010f 

  0x0000022e10309f3c: ;   {optimized virtual_call}
  0x0000022e10309f3c: 1f40 00e8 

  0x0000022e10309f40: ; ImmutableOopMap {}
                      ;*invokevirtual render {reexecute=0 rethrow=0 return_oop=0}
                      ; - com.badlogic.gdx.graphics.Mesh::render@10 (line 589)
  0x0000022e10309f40: 1ca8 8807 

  0x0000022e10309f44: ;   {other}
  0x0000022e10309f44: 0f1f 8400 | 3402 0000 | 4883 c440 

  0x0000022e10309f50: ;   {poll_return}
  0x0000022e10309f50: 5d49 3ba7 | 5004 0000 | 0f87 1f00 

  0x0000022e10309f5c: ;   {metadata({method} {0x0000022e6eb44bb8} 'render' '(Lcom/badlogic/gdx/graphics/glutils/ShaderProgram;III)V' in 'com/badlogic/gdx/graphics/Mesh')}
  0x0000022e10309f5c: 0000 c349 | bab0 4bb4 | 6e2e 0200 | 004c 8954 | 2408 48c7 | 0424 ffff 

  0x0000022e10309f74: ;   {runtime_call counter_overflow Runtime1 stub}
  0x0000022e10309f74: ffff e805 

  0x0000022e10309f78: ; ImmutableOopMap {rdx=Oop r8=Oop }
                      ;*synchronization entry
                      ; - com.badlogic.gdx.graphics.Mesh::render@-1 (line 589)
  0x0000022e10309f78: ff34 07eb 

  0x0000022e10309f7c: ;   {internal_word}
  0x0000022e10309f7c: a549 ba51 | 9f30 102e | 0200 004d | 8997 6804 

  0x0000022e10309f8c: ;   {runtime_call SafepointBlob}
  0x0000022e10309f8c: 0000 e96d | b728 0749 | 8b87 0005 | 0000 49c7 | 8700 0500 | 0000 0000 | 0049 c787 | 0805 0000 
  0x0000022e10309fac: 0000 0000 | 4883 c440 

  0x0000022e10309fb4: ;   {runtime_call unwind_exception Runtime1 stub}
  0x0000022e10309fb4: 5de9 c686 | 3407 f4f4 | f4f4 f4f4 
[Stub Code]
  0x0000022e10309fc0: ;   {no_reloc}
  0x0000022e10309fc0: 0f1f 4400 

  0x0000022e10309fc4: ;   {static_stub}
  0x0000022e10309fc4: 0048 bb00 | 0000 0000 

  0x0000022e10309fcc: ;   {runtime_call}
  0x0000022e10309fcc: 0000 00e9 | fbff ffff 
[Exception Handler]
  0x0000022e10309fd4: ;   {runtime_call handle_exception_from_callee Runtime1 stub}
  0x0000022e10309fd4: e8a7 bc34 

  0x0000022e10309fd8: ;   {external_word}
  0x0000022e10309fd8: 0748 b910 | f971 d9fd | 7f00 0048 

  0x0000022e10309fe4: ;   {runtime_call}
  0x0000022e10309fe4: 83e4 f048 | b840 8839 | d9fd 7f00 | 00ff d0f4 
[Deopt Handler Code]
  0x0000022e10309ff4: ;   {section_word}
  0x0000022e10309ff4: 49ba f49f | 3010 2e02 | 0000 4152 

  0x0000022e1030a000: ;   {runtime_call DeoptimizationBlob}
  0x0000022e1030a000: e99b a928 | 07f4 f4f4 
[/MachCode]


---------------  P R O C E S S  ---------------

Threads class SMR info:
_java_thread_list=0x0000022e782e7e90, length=16, elements={
0x0000022e062057e0, 0x0000022e2c78c8f0, 0x0000022e2c78ef70, 0x0000022e2c791950,
0x0000022e2c7920f0, 0x0000022e2c796b80, 0x0000022e2c797680, 0x0000022e2c7ab7b0,
0x0000022e2c7b1810, 0x0000022e2c92b4a0, 0x0000022e2c955e80, 0x0000022e722d2730,
0x0000022e7218e4f0, 0x0000022e775d1f60, 0x0000022e775d2c80, 0x0000022e775d4030
}

Java Threads: ( => current thread )
=>0x0000022e062057e0 JavaThread "main"                              [_thread_in_native, id=26676, stack(0x00000033b3e00000,0x00000033b3f00000) (1024K)]
  0x0000022e2c78c8f0 JavaThread "Reference Handler"          daemon [_thread_blocked, id=25452, stack(0x00000033b4600000,0x00000033b4700000) (1024K)]
  0x0000022e2c78ef70 JavaThread "Finalizer"                  daemon [_thread_blocked, id=26704, stack(0x00000033b4700000,0x00000033b4800000) (1024K)]
  0x0000022e2c791950 JavaThread "Signal Dispatcher"          daemon [_thread_blocked, id=24748, stack(0x00000033b4800000,0x00000033b4900000) (1024K)]
  0x0000022e2c7920f0 JavaThread "Attach Listener"            daemon [_thread_blocked, id=6420, stack(0x00000033b4900000,0x00000033b4a00000) (1024K)]
  0x0000022e2c796b80 JavaThread "Service Thread"             daemon [_thread_blocked, id=16892, stack(0x00000033b4a00000,0x00000033b4b00000) (1024K)]
  0x0000022e2c797680 JavaThread "Monitor Deflation Thread"   daemon [_thread_blocked, id=14444, stack(0x00000033b4b00000,0x00000033b4c00000) (1024K)]
  0x0000022e2c7ab7b0 JavaThread "C2 CompilerThread0"         daemon [_thread_blocked, id=12876, stack(0x00000033b4c00000,0x00000033b4d00000) (1024K)]
  0x0000022e2c7b1810 JavaThread "C1 CompilerThread0"         daemon [_thread_blocked, id=24928, stack(0x00000033b4d00000,0x00000033b4e00000) (1024K)]
  0x0000022e2c92b4a0 JavaThread "Notification Thread"        daemon [_thread_blocked, id=6676, stack(0x00000033b4e00000,0x00000033b4f00000) (1024K)]
  0x0000022e2c955e80 JavaThread "Common-Cleaner"             daemon [_thread_blocked, id=28024, stack(0x00000033b4f00000,0x00000033b5000000) (1024K)]
  0x0000022e722d2730 JavaThread "Java2D Disposer"            daemon [_thread_blocked, id=23648, stack(0x00000033b5100000,0x00000033b5200000) (1024K)]
  0x0000022e7218e4f0 JavaThread "AWT-Windows"                daemon [_thread_in_native, id=25648, stack(0x00000033b5300000,0x00000033b5400000) (1024K)]
  0x0000022e775d1f60 JavaThread "D3D Screen Updater"         daemon [_thread_blocked, id=5444, stack(0x00000033b5760000,0x00000033b5860000) (1024K)]
  0x0000022e775d2c80 JavaThread "Thread-0"                   daemon [_thread_blocked, id=17832, stack(0x00000033b5fd0000,0x00000033b60d0000) (1024K)]
  0x0000022e775d4030 JavaThread "LWJGL3 Timer"               daemon [_thread_blocked, id=23688, stack(0x00000033b6dd0000,0x00000033b6ed0000) (1024K)]
Total: 16

Other Threads:
  0x0000022e29cbebc0 VMThread "VM Thread"                           [id=27476, stack(0x00000033b4500000,0x00000033b4600000) (1024K)]
  0x0000022e29cabbb0 WatcherThread "VM Periodic Task Thread"        [id=27184, stack(0x00000033b4400000,0x00000033b4500000) (1024K)]
  0x0000022e062a8cf0 WorkerThread "GC Thread#0"                     [id=22872, stack(0x00000033b3f00000,0x00000033b4000000) (1024K)]
  0x0000022e782cbf00 WorkerThread "GC Thread#1"                     [id=11168, stack(0x00000033b58d0000,0x00000033b59d0000) (1024K)]
  0x0000022e782cc2b0 WorkerThread "GC Thread#2"                     [id=18576, stack(0x00000033b64d0000,0x00000033b65d0000) (1024K)]
  0x0000022e782cc660 WorkerThread "GC Thread#3"                     [id=27032, stack(0x00000033b65d0000,0x00000033b66d0000) (1024K)]
  0x0000022e782a9a00 WorkerThread "GC Thread#4"                     [id=23856, stack(0x00000033b66d0000,0x00000033b67d0000) (1024K)]
  0x0000022e782a9db0 WorkerThread "GC Thread#5"                     [id=11456, stack(0x00000033b67d0000,0x00000033b68d0000) (1024K)]
  0x0000022e782ab020 WorkerThread "GC Thread#6"                     [id=28472, stack(0x00000033b68d0000,0x00000033b69d0000) (1024K)]
  0x0000022e782aa510 WorkerThread "GC Thread#7"                     [id=23324, stack(0x00000033b69d0000,0x00000033b6ad0000) (1024K)]
  0x0000022e782aa160 WorkerThread "GC Thread#8"                     [id=27684, stack(0x00000033b6ad0000,0x00000033b6bd0000) (1024K)]
  0x0000022e782a9650 WorkerThread "GC Thread#9"                     [id=5684, stack(0x00000033b6bd0000,0x00000033b6cd0000) (1024K)]
  0x0000022e062b9b30 ConcurrentGCThread "G1 Main Marker"            [id=26612, stack(0x00000033b4000000,0x00000033b4100000) (1024K)]
  0x0000022e062bb4c0 WorkerThread "G1 Conc#0"                       [id=5288, stack(0x00000033b4100000,0x00000033b4200000) (1024K)]
  0x0000022e29b6b220 ConcurrentGCThread "G1 Refine#0"               [id=1092, stack(0x00000033b4200000,0x00000033b4300000) (1024K)]
  0x0000022e29b6c770 ConcurrentGCThread "G1 Service"                [id=24776, stack(0x00000033b4300000,0x00000033b4400000) (1024K)]
Total: 16

Threads with active compile tasks:
Total: 0

VM state: not at safepoint (normal execution)

VM Mutex/Monitor currently owned by a thread: None

Heap address: 0x0000000603400000, size: 8140 MB, Compressed Oops mode: Zero based, Oop shift amount: 3

CDS archive(s) mapped at: [0x0000022e2d000000-0x0000022e2dc90000-0x0000022e2dc90000), size 13172736, SharedBaseAddress: 0x0000022e2d000000, ArchiveRelocationMode: 1.
Compressed class space mapped at: 0x0000022e2e000000-0x0000022e6e000000, reserved size: 1073741824
Narrow klass base: 0x0000022e2d000000, Narrow klass shift: 0, Narrow klass range: 0x100000000

GC Precious Log:
 CardTable entry size: 512
 Card Set container configuration: InlinePtr #cards 4 size 8 Array Of Cards #cards 32 size 80 Howl #buckets 8 coarsen threshold 7372 Howl Bitmap #cards 1024 size 144 coarsen threshold 921 Card regions per heap region 1 cards per card region 8192
 CPUs: 12 total, 12 available
 Memory: 32554M
 Large Page Support: Disabled
 NUMA Support: Disabled
 Compressed Oops: Enabled (Zero based)
 Heap Region Size: 4M
 Heap Min Capacity: 8M
 Heap Initial Capacity: 512M
 Heap Max Capacity: 8140M
 Pre-touch: Disabled
 Parallel Workers: 10
 Concurrent Workers: 3
 Concurrent Refinement Workers: 10
 Periodic GC: Disabled

Heap:
 garbage-first heap   total 524288K, used 23581K [0x0000000603400000, 0x0000000800000000)
  region size 4096K, 4 young (16384K), 1 survivors (4096K)
 Metaspace       used 13522K, committed 13760K, reserved 1114112K
  class space    used 1237K, committed 1344K, reserved 1048576K

Heap Regions: E=young(eden), S=young(survivor), O=old, HS=humongous(starts), HC=humongous(continues), CS=collection set, F=free, TAMS=top-at-mark-start, PB=parsable bottom
|   0|0x0000000603400000, 0x0000000603800000, 0x0000000603800000|100%|HS|  |TAMS 0x0000000603400000| PB 0x0000000603400000| Complete 
|   1|0x0000000603800000, 0x0000000603c00000, 0x0000000603c00000|100%|HS|  |TAMS 0x0000000603800000| PB 0x0000000603800000| Complete 
|   2|0x0000000603c00000, 0x0000000604000000, 0x0000000604000000|100%|HS|  |TAMS 0x0000000603c00000| PB 0x0000000603c00000| Complete 
|   3|0x0000000604000000, 0x0000000604000000, 0x0000000604400000|  0%| F|  |TAMS 0x0000000604000000| PB 0x0000000604000000| Untracked 
|   4|0x0000000604400000, 0x0000000604400000, 0x0000000604800000|  0%| F|  |TAMS 0x0000000604400000| PB 0x0000000604400000| Untracked 
|   5|0x0000000604800000, 0x0000000604800000, 0x0000000604c00000|  0%| F|  |TAMS 0x0000000604800000| PB 0x0000000604800000| Untracked 
|   6|0x0000000604c00000, 0x0000000604c00000, 0x0000000605000000|  0%| F|  |TAMS 0x0000000604c00000| PB 0x0000000604c00000| Untracked 
|   7|0x0000000605000000, 0x0000000605000000, 0x0000000605400000|  0%| F|  |TAMS 0x0000000605000000| PB 0x0000000605000000| Untracked 
|   8|0x0000000605400000, 0x0000000605400000, 0x0000000605800000|  0%| F|  |TAMS 0x0000000605400000| PB 0x0000000605400000| Untracked 
|   9|0x0000000605800000, 0x0000000605800000, 0x0000000605c00000|  0%| F|  |TAMS 0x0000000605800000| PB 0x0000000605800000| Untracked 
|  10|0x0000000605c00000, 0x0000000605c00000, 0x0000000606000000|  0%| F|  |TAMS 0x0000000605c00000| PB 0x0000000605c00000| Untracked 
|  11|0x0000000606000000, 0x0000000606000000, 0x0000000606400000|  0%| F|  |TAMS 0x0000000606000000| PB 0x0000000606000000| Untracked 
|  12|0x0000000606400000, 0x0000000606400000, 0x0000000606800000|  0%| F|  |TAMS 0x0000000606400000| PB 0x0000000606400000| Untracked 
|  13|0x0000000606800000, 0x0000000606800000, 0x0000000606c00000|  0%| F|  |TAMS 0x0000000606800000| PB 0x0000000606800000| Untracked 
|  14|0x0000000606c00000, 0x0000000606c00000, 0x0000000607000000|  0%| F|  |TAMS 0x0000000606c00000| PB 0x0000000606c00000| Untracked 
|  15|0x0000000607000000, 0x0000000607000000, 0x0000000607400000|  0%| F|  |TAMS 0x0000000607000000| PB 0x0000000607000000| Untracked 
|  16|0x0000000607400000, 0x0000000607400000, 0x0000000607800000|  0%| F|  |TAMS 0x0000000607400000| PB 0x0000000607400000| Untracked 
|  17|0x0000000607800000, 0x0000000607800000, 0x0000000607c00000|  0%| F|  |TAMS 0x0000000607800000| PB 0x0000000607800000| Untracked 
|  18|0x0000000607c00000, 0x0000000607c00000, 0x0000000608000000|  0%| F|  |TAMS 0x0000000607c00000| PB 0x0000000607c00000| Untracked 
|  19|0x0000000608000000, 0x0000000608000000, 0x0000000608400000|  0%| F|  |TAMS 0x0000000608000000| PB 0x0000000608000000| Untracked 
|  20|0x0000000608400000, 0x0000000608400000, 0x0000000608800000|  0%| F|  |TAMS 0x0000000608400000| PB 0x0000000608400000| Untracked 
|  21|0x0000000608800000, 0x0000000608800000, 0x0000000608c00000|  0%| F|  |TAMS 0x0000000608800000| PB 0x0000000608800000| Untracked 
|  22|0x0000000608c00000, 0x0000000608c00000, 0x0000000609000000|  0%| F|  |TAMS 0x0000000608c00000| PB 0x0000000608c00000| Untracked 
|  23|0x0000000609000000, 0x0000000609000000, 0x0000000609400000|  0%| F|  |TAMS 0x0000000609000000| PB 0x0000000609000000| Untracked 
|  24|0x0000000609400000, 0x0000000609400000, 0x0000000609800000|  0%| F|  |TAMS 0x0000000609400000| PB 0x0000000609400000| Untracked 
|  25|0x0000000609800000, 0x0000000609800000, 0x0000000609c00000|  0%| F|  |TAMS 0x0000000609800000| PB 0x0000000609800000| Untracked 
|  26|0x0000000609c00000, 0x0000000609c00000, 0x000000060a000000|  0%| F|  |TAMS 0x0000000609c00000| PB 0x0000000609c00000| Untracked 
|  27|0x000000060a000000, 0x000000060a000000, 0x000000060a400000|  0%| F|  |TAMS 0x000000060a000000| PB 0x000000060a000000| Untracked 
|  28|0x000000060a400000, 0x000000060a400000, 0x000000060a800000|  0%| F|  |TAMS 0x000000060a400000| PB 0x000000060a400000| Untracked 
|  29|0x000000060a800000, 0x000000060a800000, 0x000000060ac00000|  0%| F|  |TAMS 0x000000060a800000| PB 0x000000060a800000| Untracked 
|  30|0x000000060ac00000, 0x000000060ac00000, 0x000000060b000000|  0%| F|  |TAMS 0x000000060ac00000| PB 0x000000060ac00000| Untracked 
|  31|0x000000060b000000, 0x000000060b000000, 0x000000060b400000|  0%| F|  |TAMS 0x000000060b000000| PB 0x000000060b000000| Untracked 
|  32|0x000000060b400000, 0x000000060b400000, 0x000000060b800000|  0%| F|  |TAMS 0x000000060b400000| PB 0x000000060b400000| Untracked 
|  33|0x000000060b800000, 0x000000060b800000, 0x000000060bc00000|  0%| F|  |TAMS 0x000000060b800000| PB 0x000000060b800000| Untracked 
|  34|0x000000060bc00000, 0x000000060bc00000, 0x000000060c000000|  0%| F|  |TAMS 0x000000060bc00000| PB 0x000000060bc00000| Untracked 
|  35|0x000000060c000000, 0x000000060c000000, 0x000000060c400000|  0%| F|  |TAMS 0x000000060c000000| PB 0x000000060c000000| Untracked 
|  36|0x000000060c400000, 0x000000060c400000, 0x000000060c800000|  0%| F|  |TAMS 0x000000060c400000| PB 0x000000060c400000| Untracked 
|  37|0x000000060c800000, 0x000000060c800000, 0x000000060cc00000|  0%| F|  |TAMS 0x000000060c800000| PB 0x000000060c800000| Untracked 
|  38|0x000000060cc00000, 0x000000060cc00000, 0x000000060d000000|  0%| F|  |TAMS 0x000000060cc00000| PB 0x000000060cc00000| Untracked 
|  39|0x000000060d000000, 0x000000060d000000, 0x000000060d400000|  0%| F|  |TAMS 0x000000060d000000| PB 0x000000060d000000| Untracked 
|  40|0x000000060d400000, 0x000000060d400000, 0x000000060d800000|  0%| F|  |TAMS 0x000000060d400000| PB 0x000000060d400000| Untracked 
|  41|0x000000060d800000, 0x000000060d800000, 0x000000060dc00000|  0%| F|  |TAMS 0x000000060d800000| PB 0x000000060d800000| Untracked 
|  42|0x000000060dc00000, 0x000000060dc00000, 0x000000060e000000|  0%| F|  |TAMS 0x000000060dc00000| PB 0x000000060dc00000| Untracked 
|  43|0x000000060e000000, 0x000000060e000000, 0x000000060e400000|  0%| F|  |TAMS 0x000000060e000000| PB 0x000000060e000000| Untracked 
|  44|0x000000060e400000, 0x000000060e400000, 0x000000060e800000|  0%| F|  |TAMS 0x000000060e400000| PB 0x000000060e400000| Untracked 
|  45|0x000000060e800000, 0x000000060e800000, 0x000000060ec00000|  0%| F|  |TAMS 0x000000060e800000| PB 0x000000060e800000| Untracked 
|  46|0x000000060ec00000, 0x000000060ec00000, 0x000000060f000000|  0%| F|  |TAMS 0x000000060ec00000| PB 0x000000060ec00000| Untracked 
|  47|0x000000060f000000, 0x000000060f000000, 0x000000060f400000|  0%| F|  |TAMS 0x000000060f000000| PB 0x000000060f000000| Untracked 
|  48|0x000000060f400000, 0x000000060f400000, 0x000000060f800000|  0%| F|  |TAMS 0x000000060f400000| PB 0x000000060f400000| Untracked 
|  49|0x000000060f800000, 0x000000060f800000, 0x000000060fc00000|  0%| F|  |TAMS 0x000000060f800000| PB 0x000000060f800000| Untracked 
|  50|0x000000060fc00000, 0x000000060fc00000, 0x0000000610000000|  0%| F|  |TAMS 0x000000060fc00000| PB 0x000000060fc00000| Untracked 
|  51|0x0000000610000000, 0x0000000610000000, 0x0000000610400000|  0%| F|  |TAMS 0x0000000610000000| PB 0x0000000610000000| Untracked 
|  52|0x0000000610400000, 0x0000000610400000, 0x0000000610800000|  0%| F|  |TAMS 0x0000000610400000| PB 0x0000000610400000| Untracked 
|  53|0x0000000610800000, 0x0000000610800000, 0x0000000610c00000|  0%| F|  |TAMS 0x0000000610800000| PB 0x0000000610800000| Untracked 
|  54|0x0000000610c00000, 0x0000000610c00000, 0x0000000611000000|  0%| F|  |TAMS 0x0000000610c00000| PB 0x0000000610c00000| Untracked 
|  55|0x0000000611000000, 0x0000000611000000, 0x0000000611400000|  0%| F|  |TAMS 0x0000000611000000| PB 0x0000000611000000| Untracked 
|  56|0x0000000611400000, 0x0000000611400000, 0x0000000611800000|  0%| F|  |TAMS 0x0000000611400000| PB 0x0000000611400000| Untracked 
|  57|0x0000000611800000, 0x0000000611800000, 0x0000000611c00000|  0%| F|  |TAMS 0x0000000611800000| PB 0x0000000611800000| Untracked 
|  58|0x0000000611c00000, 0x0000000611c00000, 0x0000000612000000|  0%| F|  |TAMS 0x0000000611c00000| PB 0x0000000611c00000| Untracked 
|  59|0x0000000612000000, 0x0000000612000000, 0x0000000612400000|  0%| F|  |TAMS 0x0000000612000000| PB 0x0000000612000000| Untracked 
|  60|0x0000000612400000, 0x0000000612400000, 0x0000000612800000|  0%| F|  |TAMS 0x0000000612400000| PB 0x0000000612400000| Untracked 
|  61|0x0000000612800000, 0x0000000612800000, 0x0000000612c00000|  0%| F|  |TAMS 0x0000000612800000| PB 0x0000000612800000| Untracked 
|  62|0x0000000612c00000, 0x0000000612c00000, 0x0000000613000000|  0%| F|  |TAMS 0x0000000612c00000| PB 0x0000000612c00000| Untracked 
|  63|0x0000000613000000, 0x0000000613000000, 0x0000000613400000|  0%| F|  |TAMS 0x0000000613000000| PB 0x0000000613000000| Untracked 
|  64|0x0000000613400000, 0x0000000613400000, 0x0000000613800000|  0%| F|  |TAMS 0x0000000613400000| PB 0x0000000613400000| Untracked 
|  65|0x0000000613800000, 0x0000000613800000, 0x0000000613c00000|  0%| F|  |TAMS 0x0000000613800000| PB 0x0000000613800000| Untracked 
|  66|0x0000000613c00000, 0x0000000613c00000, 0x0000000614000000|  0%| F|  |TAMS 0x0000000613c00000| PB 0x0000000613c00000| Untracked 
|  67|0x0000000614000000, 0x0000000614000000, 0x0000000614400000|  0%| F|  |TAMS 0x0000000614000000| PB 0x0000000614000000| Untracked 
|  68|0x0000000614400000, 0x0000000614400000, 0x0000000614800000|  0%| F|  |TAMS 0x0000000614400000| PB 0x0000000614400000| Untracked 
|  69|0x0000000614800000, 0x0000000614800000, 0x0000000614c00000|  0%| F|  |TAMS 0x0000000614800000| PB 0x0000000614800000| Untracked 
|  70|0x0000000614c00000, 0x0000000614c00000, 0x0000000615000000|  0%| F|  |TAMS 0x0000000614c00000| PB 0x0000000614c00000| Untracked 
|  71|0x0000000615000000, 0x0000000615000000, 0x0000000615400000|  0%| F|  |TAMS 0x0000000615000000| PB 0x0000000615000000| Untracked 
|  72|0x0000000615400000, 0x0000000615400000, 0x0000000615800000|  0%| F|  |TAMS 0x0000000615400000| PB 0x0000000615400000| Untracked 
|  73|0x0000000615800000, 0x0000000615800000, 0x0000000615c00000|  0%| F|  |TAMS 0x0000000615800000| PB 0x0000000615800000| Untracked 
|  74|0x0000000615c00000, 0x0000000615c00000, 0x0000000616000000|  0%| F|  |TAMS 0x0000000615c00000| PB 0x0000000615c00000| Untracked 
|  75|0x0000000616000000, 0x0000000616000000, 0x0000000616400000|  0%| F|  |TAMS 0x0000000616000000| PB 0x0000000616000000| Untracked 
|  76|0x0000000616400000, 0x0000000616400000, 0x0000000616800000|  0%| F|  |TAMS 0x0000000616400000| PB 0x0000000616400000| Untracked 
|  77|0x0000000616800000, 0x0000000616800000, 0x0000000616c00000|  0%| F|  |TAMS 0x0000000616800000| PB 0x0000000616800000| Untracked 
|  78|0x0000000616c00000, 0x0000000616c00000, 0x0000000617000000|  0%| F|  |TAMS 0x0000000616c00000| PB 0x0000000616c00000| Untracked 
|  79|0x0000000617000000, 0x0000000617000000, 0x0000000617400000|  0%| F|  |TAMS 0x0000000617000000| PB 0x0000000617000000| Untracked 
|  80|0x0000000617400000, 0x0000000617400000, 0x0000000617800000|  0%| F|  |TAMS 0x0000000617400000| PB 0x0000000617400000| Untracked 
|  81|0x0000000617800000, 0x0000000617800000, 0x0000000617c00000|  0%| F|  |TAMS 0x0000000617800000| PB 0x0000000617800000| Untracked 
|  82|0x0000000617c00000, 0x0000000617c00000, 0x0000000618000000|  0%| F|  |TAMS 0x0000000617c00000| PB 0x0000000617c00000| Untracked 
|  83|0x0000000618000000, 0x0000000618000000, 0x0000000618400000|  0%| F|  |TAMS 0x0000000618000000| PB 0x0000000618000000| Untracked 
|  84|0x0000000618400000, 0x0000000618400000, 0x0000000618800000|  0%| F|  |TAMS 0x0000000618400000| PB 0x0000000618400000| Untracked 
|  85|0x0000000618800000, 0x0000000618800000, 0x0000000618c00000|  0%| F|  |TAMS 0x0000000618800000| PB 0x0000000618800000| Untracked 
|  86|0x0000000618c00000, 0x0000000618c00000, 0x0000000619000000|  0%| F|  |TAMS 0x0000000618c00000| PB 0x0000000618c00000| Untracked 
|  87|0x0000000619000000, 0x0000000619000000, 0x0000000619400000|  0%| F|  |TAMS 0x0000000619000000| PB 0x0000000619000000| Untracked 
|  88|0x0000000619400000, 0x0000000619400000, 0x0000000619800000|  0%| F|  |TAMS 0x0000000619400000| PB 0x0000000619400000| Untracked 
|  89|0x0000000619800000, 0x0000000619800000, 0x0000000619c00000|  0%| F|  |TAMS 0x0000000619800000| PB 0x0000000619800000| Untracked 
|  90|0x0000000619c00000, 0x0000000619c00000, 0x000000061a000000|  0%| F|  |TAMS 0x0000000619c00000| PB 0x0000000619c00000| Untracked 
|  91|0x000000061a000000, 0x000000061a000000, 0x000000061a400000|  0%| F|  |TAMS 0x000000061a000000| PB 0x000000061a000000| Untracked 
|  92|0x000000061a400000, 0x000000061a400000, 0x000000061a800000|  0%| F|  |TAMS 0x000000061a400000| PB 0x000000061a400000| Untracked 
|  93|0x000000061a800000, 0x000000061a800000, 0x000000061ac00000|  0%| F|  |TAMS 0x000000061a800000| PB 0x000000061a800000| Untracked 
|  94|0x000000061ac00000, 0x000000061ac00000, 0x000000061b000000|  0%| F|  |TAMS 0x000000061ac00000| PB 0x000000061ac00000| Untracked 
|  95|0x000000061b000000, 0x000000061b000000, 0x000000061b400000|  0%| F|  |TAMS 0x000000061b000000| PB 0x000000061b000000| Untracked 
|  96|0x000000061b400000, 0x000000061b400000, 0x000000061b800000|  0%| F|  |TAMS 0x000000061b400000| PB 0x000000061b400000| Untracked 
|  97|0x000000061b800000, 0x000000061b800000, 0x000000061bc00000|  0%| F|  |TAMS 0x000000061b800000| PB 0x000000061b800000| Untracked 
|  98|0x000000061bc00000, 0x000000061bc00000, 0x000000061c000000|  0%| F|  |TAMS 0x000000061bc00000| PB 0x000000061bc00000| Untracked 
|  99|0x000000061c000000, 0x000000061c000000, 0x000000061c400000|  0%| F|  |TAMS 0x000000061c000000| PB 0x000000061c000000| Untracked 
| 100|0x000000061c400000, 0x000000061c400000, 0x000000061c800000|  0%| F|  |TAMS 0x000000061c400000| PB 0x000000061c400000| Untracked 
| 101|0x000000061c800000, 0x000000061c800000, 0x000000061cc00000|  0%| F|  |TAMS 0x000000061c800000| PB 0x000000061c800000| Untracked 
| 102|0x000000061cc00000, 0x000000061cc00000, 0x000000061d000000|  0%| F|  |TAMS 0x000000061cc00000| PB 0x000000061cc00000| Untracked 
| 103|0x000000061d000000, 0x000000061d000000, 0x000000061d400000|  0%| F|  |TAMS 0x000000061d000000| PB 0x000000061d000000| Untracked 
| 104|0x000000061d400000, 0x000000061d400000, 0x000000061d800000|  0%| F|  |TAMS 0x000000061d400000| PB 0x000000061d400000| Untracked 
| 105|0x000000061d800000, 0x000000061d800000, 0x000000061dc00000|  0%| F|  |TAMS 0x000000061d800000| PB 0x000000061d800000| Untracked 
| 106|0x000000061dc00000, 0x000000061dc00000, 0x000000061e000000|  0%| F|  |TAMS 0x000000061dc00000| PB 0x000000061dc00000| Untracked 
| 107|0x000000061e000000, 0x000000061e000000, 0x000000061e400000|  0%| F|  |TAMS 0x000000061e000000| PB 0x000000061e000000| Untracked 
| 108|0x000000061e400000, 0x000000061e400000, 0x000000061e800000|  0%| F|  |TAMS 0x000000061e400000| PB 0x000000061e400000| Untracked 
| 109|0x000000061e800000, 0x000000061e800000, 0x000000061ec00000|  0%| F|  |TAMS 0x000000061e800000| PB 0x000000061e800000| Untracked 
| 110|0x000000061ec00000, 0x000000061ec00000, 0x000000061f000000|  0%| F|  |TAMS 0x000000061ec00000| PB 0x000000061ec00000| Untracked 
| 111|0x000000061f000000, 0x000000061f000000, 0x000000061f400000|  0%| F|  |TAMS 0x000000061f000000| PB 0x000000061f000000| Untracked 
| 112|0x000000061f400000, 0x000000061f400000, 0x000000061f800000|  0%| F|  |TAMS 0x000000061f400000| PB 0x000000061f400000| Untracked 
| 113|0x000000061f800000, 0x000000061f800000, 0x000000061fc00000|  0%| F|  |TAMS 0x000000061f800000| PB 0x000000061f800000| Untracked 
| 114|0x000000061fc00000, 0x000000061fc00000, 0x0000000620000000|  0%| F|  |TAMS 0x000000061fc00000| PB 0x000000061fc00000| Untracked 
| 115|0x0000000620000000, 0x0000000620000000, 0x0000000620400000|  0%| F|  |TAMS 0x0000000620000000| PB 0x0000000620000000| Untracked 
| 116|0x0000000620400000, 0x0000000620400000, 0x0000000620800000|  0%| F|  |TAMS 0x0000000620400000| PB 0x0000000620400000| Untracked 
| 117|0x0000000620800000, 0x0000000620800000, 0x0000000620c00000|  0%| F|  |TAMS 0x0000000620800000| PB 0x0000000620800000| Untracked 
| 118|0x0000000620c00000, 0x0000000620c00000, 0x0000000621000000|  0%| F|  |TAMS 0x0000000620c00000| PB 0x0000000620c00000| Untracked 
| 119|0x0000000621000000, 0x0000000621000000, 0x0000000621400000|  0%| F|  |TAMS 0x0000000621000000| PB 0x0000000621000000| Untracked 
| 120|0x0000000621400000, 0x0000000621400000, 0x0000000621800000|  0%| F|  |TAMS 0x0000000621400000| PB 0x0000000621400000| Untracked 
| 121|0x0000000621800000, 0x0000000621b07680, 0x0000000621c00000| 75%| S|CS|TAMS 0x0000000621800000| PB 0x0000000621800000| Complete 
| 122|0x0000000621c00000, 0x0000000621c00000, 0x0000000622000000|  0%| F|  |TAMS 0x0000000621c00000| PB 0x0000000621c00000| Untracked 
| 123|0x0000000622000000, 0x0000000622000000, 0x0000000622400000|  0%| F|  |TAMS 0x0000000622000000| PB 0x0000000622000000| Untracked 
| 124|0x0000000622400000, 0x0000000622400000, 0x0000000622800000|  0%| F|  |TAMS 0x0000000622400000| PB 0x0000000622400000| Untracked 
| 125|0x0000000622800000, 0x0000000622b94cd0, 0x0000000622c00000| 89%| E|  |TAMS 0x0000000622800000| PB 0x0000000622800000| Complete 
| 126|0x0000000622c00000, 0x0000000623000000, 0x0000000623000000|100%| E|CS|TAMS 0x0000000622c00000| PB 0x0000000622c00000| Complete 
| 127|0x0000000623000000, 0x0000000623400000, 0x0000000623400000|100%| E|CS|TAMS 0x0000000623000000| PB 0x0000000623000000| Complete 

Card table byte_map: [0x0000022e20ba0000,0x0000022e21b90000] _byte_map_base: 0x0000022e1db86000

Marking Bits: (CMBitMap*) 0x0000022e062a9400
 Bits: [0x0000022e21b90000, 0x0000022e29ac0000)

Polling page: 0x0000022e062c0000

Metaspace:

Usage:
  Non-class:     12.00 MB used.
      Class:      1.21 MB used.
       Both:     13.21 MB used.

Virtual space:
  Non-class space:       64.00 MB reserved,      12.12 MB ( 19%) committed,  1 nodes.
      Class space:        1.00 GB reserved,       1.31 MB ( <1%) committed,  1 nodes.
             Both:        1.06 GB reserved,      13.44 MB (  1%) committed. 

Chunk freelists:
   Non-Class:  3.47 MB
       Class:  14.53 MB
        Both:  18.00 MB

MaxMetaspaceSize: unlimited
CompressedClassSpaceSize: 1.00 GB
Initial GC threshold: 21.00 MB
Current GC threshold: 21.00 MB
CDS: on
 - commit_granule_bytes: 65536.
 - commit_granule_words: 8192.
 - virtual_space_node_default_size: 8388608.
 - enlarge_chunks_in_place: 1.
 - use_allocation_guard: 0.


Internal statistics:

num_allocs_failed_limit: 0.
num_arena_births: 220.
num_arena_deaths: 0.
num_vsnodes_births: 2.
num_vsnodes_deaths: 0.
num_space_committed: 213.
num_space_uncommitted: 0.
num_chunks_returned_to_freelist: 0.
num_chunks_taken_from_freelist: 457.
num_chunk_merges: 0.
num_chunk_splits: 287.
num_chunks_enlarged: 177.
num_inconsistent_stats: 0.

CodeHeap 'non-profiled nmethods': size=120000Kb used=787Kb max_used=787Kb free=119212Kb
 bounds [0x0000022e17ae0000, 0x0000022e17d50000, 0x0000022e1f010000]
CodeHeap 'profiled nmethods': size=120000Kb used=3393Kb max_used=3393Kb free=116606Kb
 bounds [0x0000022e10010000, 0x0000022e10370000, 0x0000022e17540000]
CodeHeap 'non-nmethods': size=5760Kb used=2375Kb max_used=2401Kb free=3384Kb
 bounds [0x0000022e17540000, 0x0000022e177b0000, 0x0000022e17ae0000]
 total_blobs=3214 nmethods=1922 adapters=1197
 compilation: enabled
              stopped_count=0, restarted_count=0
 full_count=0

Compilation events (20 events):
Event: 10.717 Thread 0x0000022e2c7ab7b0 1913       4       com.badlogic.gdx.math.Vector3::sub (23 bytes)
Event: 10.718 Thread 0x0000022e2c7ab7b0 nmethod 1913 0x0000022e17ba2090 code [0x0000022e17ba2220, 0x0000022e17ba22d8]
Event: 10.729 Thread 0x0000022e2c7ab7b0 1914       4       com.badlogic.gdx.math.Matrix4::setToOrtho (191 bytes)
Event: 10.731 Thread 0x0000022e2c7ab7b0 nmethod 1914 0x0000022e17ba2390 code [0x0000022e17ba2560, 0x0000022e17ba2708]
Event: 11.008 Thread 0x0000022e2c7ab7b0 1915       4       java.nio.FloatBuffer::put (69 bytes)
Event: 11.010 Thread 0x0000022e2c7ab7b0 nmethod 1915 0x0000022e17ba2810 code [0x0000022e17ba29c0, 0x0000022e17ba2d48]
Event: 11.141 Thread 0x0000022e2c7ab7b0 1916       4       com.badlogic.gdx.graphics.glutils.ShaderProgram::setUniformMatrix (25 bytes)
Event: 11.145 Thread 0x0000022e2c7ab7b0 nmethod 1916 0x0000022e17ba3210 code [0x0000022e17ba33e0, 0x0000022e17ba3738]
Event: 11.214 Thread 0x0000022e2c7b1810 1917       3       sun.misc.Unsafe::getInt (9 bytes)
Event: 11.214 Thread 0x0000022e2c7b1810 nmethod 1917 0x0000022e1035f410 code [0x0000022e1035f5a0, 0x0000022e1035f6b0]
Event: 11.238 Thread 0x0000022e2c7ab7b0 1918       4       com.badlogic.gdx.utils.Array::clear (19 bytes)
Event: 11.240 Thread 0x0000022e2c7ab7b0 nmethod 1918 0x0000022e17ba3c10 code [0x0000022e17ba3da0, 0x0000022e17ba3f60]
Event: 11.372 Thread 0x0000022e2c7b1810 1919       3       org.lwjgl.system.MemoryUtil::memGetInt (9 bytes)
Event: 11.372 Thread 0x0000022e2c7b1810 nmethod 1919 0x0000022e1035f790 code [0x0000022e1035f940, 0x0000022e1035fb18]
Event: 11.384 Thread 0x0000022e2c7b1810 1920       3       java.nio.ByteBuffer::<init> (47 bytes)
Event: 11.384 Thread 0x0000022e2c7b1810 nmethod 1920 0x0000022e1035fc10 code [0x0000022e1035fdc0, 0x0000022e1035fff0]
Event: 11.384 Thread 0x0000022e2c7b1810 1922       3       java.lang.ref.PhantomReference::<init> (7 bytes)
Event: 11.384 Thread 0x0000022e2c7b1810 nmethod 1922 0x0000022e10360110 code [0x0000022e103602c0, 0x0000022e103605a0]
Event: 11.444 Thread 0x0000022e2c7ab7b0 1924       4       com.badlogic.gdx.utils.Array::iterator (43 bytes)
Event: 11.445 Thread 0x0000022e2c7ab7b0 nmethod 1924 0x0000022e17ba4890 code [0x0000022e17ba4a20, 0x0000022e17ba4b78]

GC Heap History (2 events):
Event: 2.369 GC heap before
{Heap before GC invocations=0 (full 0):
 garbage-first heap   total 524288K, used 20480K [0x0000000603400000, 0x0000000800000000)
  region size 4096K, 6 young (24576K), 0 survivors (0K)
 Metaspace       used 10595K, committed 10880K, reserved 1114112K
  class space    used 1074K, committed 1216K, reserved 1048576K
}
Event: 2.375 GC heap after
{Heap after GC invocations=1 (full 0):
 garbage-first heap   total 524288K, used 3101K [0x0000000603400000, 0x0000000800000000)
  region size 4096K, 1 young (4096K), 1 survivors (4096K)
 Metaspace       used 10595K, committed 10880K, reserved 1114112K
  class space    used 1074K, committed 1216K, reserved 1048576K
}

Dll operation events (12 events):
Event: 0.006 Loaded shared library C:\Program Files\Java\jdk-21.0.10\bin\java.dll
Event: 0.027 Loaded shared library C:\Program Files\Java\jdk-21.0.10\bin\jsvml.dll
Event: 0.069 Loaded shared library C:\Program Files\Java\jdk-21.0.10\bin\net.dll
Event: 0.071 Loaded shared library C:\Program Files\Java\jdk-21.0.10\bin\nio.dll
Event: 0.074 Loaded shared library C:\Program Files\Java\jdk-21.0.10\bin\zip.dll
Event: 0.120 Loaded shared library C:\Program Files\Java\jdk-21.0.10\bin\jimage.dll
Event: 0.126 Loaded shared library C:\ProgramData\libGDX-temp\libgdxUser_105010623_GDX1_12_1\2a9d7f76\gdx64.dll
Event: 0.147 Loaded shared library C:\Program Files\Java\jdk-21.0.10\bin\awt.dll
Event: 0.283 Loaded shared library C:\Program Files\Java\jdk-21.0.10\bin\freetype.dll
Event: 0.284 Loaded shared library C:\Program Files\Java\jdk-21.0.10\bin\fontmanager.dll
Event: 1.799 Loaded shared library C:\Users\novak\AppData\Local\Temp\lwjgl_novak\3.3.3+5\x64\lwjgl.dll
Event: 2.478 Loaded shared library C:\Users\novak\AppData\Local\Temp\lwjgl_novak\3.3.3+5\x64\lwjgl_opengl.dll

Deoptimization events (20 events):
Event: 3.609 Thread 0x0000022e062057e0 DEOPT PACKING pc=0x0000022e102b3736 sp=0x00000033b3eff2f0
Event: 3.609 Thread 0x0000022e062057e0 DEOPT UNPACKING pc=0x0000022e17594e42 sp=0x00000033b3efe730 mode 0
Event: 3.609 Thread 0x0000022e062057e0 DEOPT PACKING pc=0x0000022e102a43cb sp=0x00000033b3eff350
Event: 3.609 Thread 0x0000022e062057e0 DEOPT UNPACKING pc=0x0000022e17594e42 sp=0x00000033b3efe7f8 mode 0
Event: 3.610 Thread 0x0000022e062057e0 DEOPT PACKING pc=0x0000022e102b3736 sp=0x00000033b3eff2f0
Event: 3.610 Thread 0x0000022e062057e0 DEOPT UNPACKING pc=0x0000022e17594e42 sp=0x00000033b3efe730 mode 0
Event: 3.611 Thread 0x0000022e062057e0 DEOPT PACKING pc=0x0000022e102a43cb sp=0x00000033b3eff350
Event: 3.611 Thread 0x0000022e062057e0 DEOPT UNPACKING pc=0x0000022e17594e42 sp=0x00000033b3efe7f8 mode 0
Event: 3.808 Thread 0x0000022e062057e0 DEOPT PACKING pc=0x0000022e102a43cb sp=0x00000033b3eff350
Event: 3.808 Thread 0x0000022e062057e0 DEOPT UNPACKING pc=0x0000022e17594e42 sp=0x00000033b3efe7f8 mode 0
Event: 4.929 Thread 0x0000022e062057e0 Uncommon trap: trap_request=0xffffff45 fr.pc=0x0000022e17b8345c relative=0x00000000000000bc
Event: 4.929 Thread 0x0000022e062057e0 Uncommon trap: reason=unstable_if action=reinterpret pc=0x0000022e17b8345c method=com.badlogic.gdx.math.Rectangle.overlaps(Lcom/badlogic/gdx/math/Rectangle;)Z @ 65 c2
Event: 4.929 Thread 0x0000022e062057e0 DEOPT PACKING pc=0x0000022e17b8345c sp=0x00000033b3eff410
Event: 4.929 Thread 0x0000022e062057e0 DEOPT UNPACKING pc=0x0000022e175946a2 sp=0x00000033b3eff390 mode 2
Event: 5.142 Thread 0x0000022e062057e0 DEOPT PACKING pc=0x0000022e1031e92e sp=0x00000033b3eff450
Event: 5.142 Thread 0x0000022e062057e0 DEOPT UNPACKING pc=0x0000022e17594e42 sp=0x00000033b3efe908 mode 0
Event: 5.602 Thread 0x0000022e062057e0 DEOPT PACKING pc=0x0000022e1033820a sp=0x00000033b3eff430
Event: 5.602 Thread 0x0000022e062057e0 DEOPT UNPACKING pc=0x0000022e17594e42 sp=0x00000033b3efe8c8 mode 0
Event: 6.384 Thread 0x0000022e062057e0 DEOPT PACKING pc=0x0000022e1032a83c sp=0x00000033b3eff4b0
Event: 6.384 Thread 0x0000022e062057e0 DEOPT UNPACKING pc=0x0000022e17594e42 sp=0x00000033b3efe950 mode 0

Classes loaded (20 events):
Event: 2.988 Loading class java/io/Externalizable
Event: 2.988 Loading class java/io/Externalizable done
Event: 2.988 Loading class java/io/ObjectStreamClass$2
Event: 2.988 Loading class java/io/ObjectStreamClass$2 done
Event: 2.988 Loading class java/io/ClassCache$CacheRef
Event: 2.988 Loading class java/io/ClassCache$CacheRef done
Event: 2.988 Loading class java/io/ObjectStreamClass$FieldReflectorKey
Event: 2.988 Loading class java/io/ObjectStreamClass$FieldReflectorKey done
Event: 2.988 Loading class java/io/ObjectStreamClass$FieldReflector
Event: 2.988 Loading class java/io/ObjectStreamClass$FieldReflector done
Event: 2.988 Loading class java/io/ObjectStreamClass$ExceptionInfo
Event: 2.988 Loading class java/io/ObjectStreamClass$ExceptionInfo done
Event: 3.033 Loading class java/lang/SecurityException
Event: 3.033 Loading class java/lang/SecurityException done
Event: 3.033 Loading class java/lang/reflect/InvocationTargetException
Event: 3.033 Loading class java/lang/reflect/InvocationTargetException done
Event: 3.385 Loading class sun/awt/AppContext$PostShutdownEventRunnable
Event: 3.385 Loading class sun/awt/AppContext$PostShutdownEventRunnable done
Event: 3.386 Loading class sun/awt/AWTAutoShutdown$1
Event: 3.386 Loading class sun/awt/AWTAutoShutdown$1 done

Classes unloaded (0 events):
No events

Classes redefined (0 events):
No events

Internal exceptions (20 events):
Event: 1.839 Thread 0x0000022e062057e0 Exception <a 'java/lang/NoSuchMethodError'{0x0000000622455af0}: 'int java.lang.invoke.DirectMethodHandle$Holder.invokeStaticInit(java.lang.Object, java.lang.Object, int, long)'> (0x0000000622455af0) 
thrown [s\open\src\hotspot\share\interpreter\linkResolver.cpp, line 773]
Event: 1.840 Thread 0x0000022e062057e0 Exception <a 'java/lang/NoSuchMethodError'{0x000000062245ab38}: 'java.lang.Object java.lang.invoke.DirectMethodHandle$Holder.newInvokeSpecial(java.lang.Object, java.lang.Object, int)'> (0x000000062245ab38) 
thrown [s\open\src\hotspot\share\interpreter\linkResolver.cpp, line 773]
Event: 1.842 Thread 0x0000022e062057e0 Exception <a 'java/lang/NoSuchMethodError'{0x000000062246c360}: 'int java.lang.invoke.DirectMethodHandle$Holder.invokeStaticInit(java.lang.Object, java.lang.Object, long, long)'> (0x000000062246c360) 
thrown [s\open\src\hotspot\share\interpreter\linkResolver.cpp, line 773]
Event: 1.842 Thread 0x0000022e062057e0 Exception <a 'java/lang/NoSuchMethodError'{0x0000000622471860}: 'java.lang.Object java.lang.invoke.DirectMethodHandle$Holder.newInvokeSpecial(java.lang.Object, java.lang.Object, long)'> (0x0000000622471860) 
thrown [s\open\src\hotspot\share\interpreter\linkResolver.cpp, line 773]
Event: 1.842 Thread 0x0000022e062057e0 Exception <a 'java/lang/NoSuchMethodError'{0x0000000622474e78}: 'java.lang.Object java.lang.invoke.Invokers$Holder.linkToTargetMethod(java.lang.Object, long, java.lang.Object)'> (0x0000000622474e78) 
thrown [s\open\src\hotspot\share\interpreter\linkResolver.cpp, line 773]
Event: 1.843 Thread 0x0000022e062057e0 Exception <a 'java/lang/NoSuchMethodError'{0x000000062247c070}: 'int java.lang.invoke.DirectMethodHandle$Holder.invokeStaticInit(java.lang.Object, java.lang.Object, java.lang.Object, long)'> (0x000000062247c070) 
thrown [s\open\src\hotspot\share\interpreter\linkResolver.cpp, line 773]
Event: 1.859 Thread 0x0000022e062057e0 Exception <a 'sun/nio/fs/WindowsException'{0x0000000622503c80}> (0x0000000622503c80) 
thrown [s\open\src\hotspot\share\prims\jni.cpp, line 520]
Event: 1.859 Thread 0x0000022e062057e0 Exception <a 'sun/nio/fs/WindowsException'{0x0000000622504010}> (0x0000000622504010) 
thrown [s\open\src\hotspot\share\prims\jni.cpp, line 520]
Event: 1.883 Thread 0x0000022e062057e0 Exception <a 'sun/nio/fs/WindowsException'{0x00000006225b0f20}> (0x00000006225b0f20) 
thrown [s\open\src\hotspot\share\prims\jni.cpp, line 520]
Event: 1.883 Thread 0x0000022e062057e0 Exception <a 'sun/nio/fs/WindowsException'{0x00000006225b1280}> (0x00000006225b1280) 
thrown [s\open\src\hotspot\share\prims\jni.cpp, line 520]
Event: 1.950 Thread 0x0000022e062057e0 Exception <a 'sun/nio/fs/WindowsException'{0x000000062269f310}> (0x000000062269f310) 
thrown [s\open\src\hotspot\share\prims\jni.cpp, line 520]
Event: 1.951 Thread 0x0000022e062057e0 Exception <a 'sun/nio/fs/WindowsException'{0x000000062269f690}> (0x000000062269f690) 
thrown [s\open\src\hotspot\share\prims\jni.cpp, line 520]
Event: 1.989 Thread 0x0000022e062057e0 Exception <a 'java/lang/NoSuchMethodError'{0x00000006226dcef8}: 'java.lang.Object java.lang.invoke.DirectMethodHandle$Holder.newInvokeSpecial(java.lang.Object, long)'> (0x00000006226dcef8) 
thrown [s\open\src\hotspot\share\interpreter\linkResolver.cpp, line 773]
Event: 2.404 Thread 0x0000022e062057e0 Exception <a 'java/lang/NoSuchMethodError'{0x000000062322bbe8}: 'void java.lang.invoke.DirectMethodHandle$Holder.invokeStatic(java.lang.Object, long)'> (0x000000062322bbe8) 
thrown [s\open\src\hotspot\share\interpreter\linkResolver.cpp, line 773]
Event: 2.471 Thread 0x0000022e062057e0 Exception <a 'java/lang/NoSuchMethodError'{0x000000062324a028}: 'void java.lang.System.load(java.lang.String, java.lang.Class)'> (0x000000062324a028) 
thrown [s\open\src\hotspot\share\interpreter\linkResolver.cpp, line 773]
Event: 2.471 Thread 0x0000022e062057e0 Exception <a 'java/lang/NoSuchMethodError'{0x000000062324ca00}: 'void java.lang.System.loadLibrary(java.lang.String, java.lang.Class)'> (0x000000062324ca00) 
thrown [s\open\src\hotspot\share\interpreter\linkResolver.cpp, line 773]
Event: 2.475 Thread 0x0000022e062057e0 Exception <a 'sun/nio/fs/WindowsException'{0x000000062325c1c8}> (0x000000062325c1c8) 
thrown [s\open\src\hotspot\share\prims\jni.cpp, line 520]
Event: 2.476 Thread 0x0000022e062057e0 Exception <a 'sun/nio/fs/WindowsException'{0x000000062325c568}> (0x000000062325c568) 
thrown [s\open\src\hotspot\share\prims\jni.cpp, line 520]
Event: 2.480 Thread 0x0000022e062057e0 Exception <a 'sun/nio/fs/WindowsException'{0x0000000623265fc8}> (0x0000000623265fc8) 
thrown [s\open\src\hotspot\share\prims\jni.cpp, line 520]
Event: 2.480 Thread 0x0000022e062057e0 Exception <a 'sun/nio/fs/WindowsException'{0x0000000623266298}> (0x0000000623266298) 
thrown [s\open\src\hotspot\share\prims\jni.cpp, line 520]

ZGC Phase Switch (0 events):
No events

VM Operations (20 events):
Event: 1.285 Executing VM operation: Cleanup
Event: 1.285 Executing VM operation: Cleanup done
Event: 1.778 Executing VM operation: HandshakeAllThreads (Deoptimize)
Event: 1.778 Executing VM operation: HandshakeAllThreads (Deoptimize) done
Event: 1.804 Executing VM operation: HandshakeAllThreads (Deoptimize)
Event: 1.804 Executing VM operation: HandshakeAllThreads (Deoptimize) done
Event: 2.369 Executing VM operation: G1CollectForAllocation (G1 Evacuation Pause)
Event: 2.375 Executing VM operation: G1CollectForAllocation (G1 Evacuation Pause) done
Event: 3.385 Executing VM operation: Cleanup
Event: 3.385 Executing VM operation: Cleanup done
Event: 3.893 Executing VM operation: HandshakeAllThreads (Deoptimize)
Event: 3.893 Executing VM operation: HandshakeAllThreads (Deoptimize) done
Event: 3.900 Executing VM operation: HandshakeAllThreads (Deoptimize)
Event: 3.900 Executing VM operation: HandshakeAllThreads (Deoptimize) done
Event: 4.900 Executing VM operation: Cleanup
Event: 4.901 Executing VM operation: Cleanup done
Event: 5.901 Executing VM operation: Cleanup
Event: 5.901 Executing VM operation: Cleanup done
Event: 6.902 Executing VM operation: Cleanup
Event: 6.902 Executing VM operation: Cleanup done

Events (20 events):
Event: 0.065 Thread 0x0000022e2c955e80 Thread added: 0x0000022e2c955e80
Event: 0.088 Thread 0x0000022e2c7b1140 Thread added: 0x0000022e2c7b1140
Event: 0.186 Thread 0x0000022e722d2730 Thread added: 0x0000022e722d2730
Event: 0.187 Thread 0x0000022e2cb56060 Thread added: 0x0000022e2cb56060
Event: 0.188 Thread 0x0000022e7218e4f0 Thread added: 0x0000022e7218e4f0
Event: 0.265 Thread 0x0000022e72322ec0 Thread added: 0x0000022e72322ec0
Event: 0.535 Thread 0x0000022e2c7b1140 Thread exited: 0x0000022e2c7b1140
Event: 0.553 Thread 0x0000022e775d4d50 Thread added: 0x0000022e775d4d50
Event: 0.676 Thread 0x0000022e775d1f60 Thread added: 0x0000022e775d1f60
Event: 1.835 Thread 0x0000022e2c7b1ee0 Thread added: 0x0000022e2c7b1ee0
Event: 2.000 Thread 0x0000022e775d2c80 Thread added: 0x0000022e775d2c80
Event: 2.284 Thread 0x0000022e2c7b1ee0 Thread exited: 0x0000022e2c7b1ee0
Event: 3.022 Thread 0x0000022e2c7b25b0 Thread added: 0x0000022e2c7b25b0
Event: 3.040 Thread 0x0000022e775d4030 Thread added: 0x0000022e775d4030
Event: 3.192 Thread 0x0000022e2c7b25b0 Thread exited: 0x0000022e2c7b25b0
Event: 3.386 Thread 0x0000022e2cb56060 Thread exited: 0x0000022e2cb56060
Event: 3.386 Thread 0x0000022e775d4d50 Thread exited: 0x0000022e775d4d50
Event: 3.881 Thread 0x0000022e2c7b25b0 Thread added: 0x0000022e2c7b25b0
Event: 4.275 Thread 0x0000022e2c7b25b0 Thread exited: 0x0000022e2c7b25b0
Event: 5.282 Thread 0x0000022e72322ec0 Thread exited: 0x0000022e72322ec0


Dynamic libraries:
0x00007ff6f4d80000 - 0x00007ff6f4d90000 	C:\Program Files\Java\jdk-21.0.10\bin\java.exe
0x00007ffebfe20000 - 0x00007ffec0087000 	C:\WINDOWS\SYSTEM32\ntdll.dll
0x00007ffebdc70000 - 0x00007ffebdd39000 	C:\WINDOWS\System32\KERNEL32.DLL
0x00007ffebd7a0000 - 0x00007ffebdb97000 	C:\WINDOWS\System32\KERNELBASE.dll
0x00007ffebd2f0000 - 0x00007ffebd43b000 	C:\WINDOWS\System32\ucrtbase.dll
0x00007ffe9e590000 - 0x00007ffe9e5ae000 	C:\Program Files\Java\jdk-21.0.10\bin\VCRUNTIME140.dll
0x00007ffe9ea50000 - 0x00007ffe9ea69000 	C:\Program Files\Java\jdk-21.0.10\bin\jli.dll
0x00007ffebfc20000 - 0x00007ffebfcd6000 	C:\WINDOWS\System32\ADVAPI32.dll
0x00007ffebe8f0000 - 0x00007ffebe999000 	C:\WINDOWS\System32\msvcrt.dll
0x00007ffebfb70000 - 0x00007ffebfc17000 	C:\WINDOWS\System32\sechost.dll
0x00007ffebddb0000 - 0x00007ffebdec8000 	C:\WINDOWS\System32\RPCRT4.dll
0x00007ffebf0c0000 - 0x00007ffebf286000 	C:\WINDOWS\System32\USER32.dll
0x00007ffebd630000 - 0x00007ffebd657000 	C:\WINDOWS\System32\win32u.dll
0x00007ffe9b490000 - 0x00007ffe9b722000 	C:\WINDOWS\WinSxS\amd64_microsoft.windows.common-controls_6595b64144ccf1df_6.0.26100.8457_none_3e0b2faee331e92d\COMCTL32.dll
0x00007ffebdf60000 - 0x00007ffebdf8b000 	C:\WINDOWS\System32\GDI32.dll
0x00007ffebd500000 - 0x00007ffebd62c000 	C:\WINDOWS\System32\gdi32full.dll
0x00007ffebc850000 - 0x00007ffebc8f3000 	C:\WINDOWS\System32\msvcp_win.dll
0x00007ffeb6590000 - 0x00007ffeb659b000 	C:\WINDOWS\SYSTEM32\VERSION.dll
0x00007ffebe6d0000 - 0x00007ffebe702000 	C:\WINDOWS\System32\IMM32.DLL
0x00007ffe9e580000 - 0x00007ffe9e58c000 	C:\Program Files\Java\jdk-21.0.10\bin\vcruntime140_1.dll
0x00007ffe9bf60000 - 0x00007ffe9bfed000 	C:\Program Files\Java\jdk-21.0.10\bin\msvcp140.dll
0x00007ffdd8d70000 - 0x00007ffdd9a97000 	C:\Program Files\Java\jdk-21.0.10\bin\server\jvm.dll
0x00007ffebded0000 - 0x00007ffebdf50000 	C:\WINDOWS\System32\WS2_32.dll
0x00007ffebc500000 - 0x00007ffebc55e000 	C:\WINDOWS\SYSTEM32\POWRPROF.dll
0x00007ffeae210000 - 0x00007ffeae246000 	C:\WINDOWS\SYSTEM32\WINMM.dll
0x00007ffebc420000 - 0x00007ffebc434000 	C:\WINDOWS\SYSTEM32\UMPDC.dll
0x00007ffebb5e0000 - 0x00007ffebb5fb000 	C:\WINDOWS\SYSTEM32\kernel.appcore.dll
0x00007ffe9e4c0000 - 0x00007ffe9e4ca000 	C:\Program Files\Java\jdk-21.0.10\bin\jimage.dll
0x00007ffebaa60000 - 0x00007ffebaca2000 	C:\WINDOWS\SYSTEM32\DBGHELP.DLL
0x00007ffebe9a0000 - 0x00007ffebed23000 	C:\WINDOWS\System32\combase.dll
0x00007ffebed40000 - 0x00007ffebee19000 	C:\WINDOWS\System32\OLEAUT32.dll
0x00007ffe9f180000 - 0x00007ffe9f1bb000 	C:\WINDOWS\SYSTEM32\dbgcore.DLL
0x00007ffebd660000 - 0x00007ffebd708000 	C:\WINDOWS\System32\bcryptPrimitives.dll
0x00007ffe9df10000 - 0x00007ffe9df31000 	C:\Program Files\Java\jdk-21.0.10\bin\java.dll
0x00007ffebf290000 - 0x00007ffebf9fe000 	C:\WINDOWS\System32\SHELL32.dll
0x00007ffebca80000 - 0x00007ffebd2ec000 	C:\WINDOWS\System32\windows.storage.dll
0x00007ffebfa70000 - 0x00007ffebfb66000 	C:\WINDOWS\System32\SHCORE.dll
0x00007ffebdd40000 - 0x00007ffebdda6000 	C:\WINDOWS\System32\shlwapi.dll
0x00007ffebc770000 - 0x00007ffebc799000 	C:\WINDOWS\SYSTEM32\profapi.dll
0x00007ffe853f0000 - 0x00007ffe854c7000 	C:\Program Files\Java\jdk-21.0.10\bin\jsvml.dll
0x00007ffe9dc20000 - 0x00007ffe9dc31000 	C:\Program Files\Java\jdk-21.0.10\bin\net.dll
0x00007ffeb5980000 - 0x00007ffeb5aa9000 	C:\WINDOWS\SYSTEM32\WINHTTP.dll
0x00007ffebbb50000 - 0x00007ffebbbbc000 	C:\WINDOWS\system32\mswsock.dll
0x00007ffe9dc00000 - 0x00007ffe9dc16000 	C:\Program Files\Java\jdk-21.0.10\bin\nio.dll
0x00007ffe9df70000 - 0x00007ffe9df88000 	C:\Program Files\Java\jdk-21.0.10\bin\zip.dll
0x000000006e700000 - 0x000000006e72d000 	C:\ProgramData\libGDX-temp\libgdxUser_105010623_GDX1_12_1\2a9d7f76\gdx64.dll
0x00007ffe350f0000 - 0x00007ffe35284000 	C:\Program Files\Java\jdk-21.0.10\bin\awt.dll
0x00007ffeb9f20000 - 0x00007ffeb9fc0000 	C:\WINDOWS\SYSTEM32\apphelp.dll
0x00007ffeba040000 - 0x00007ffeba0ea000 	C:\WINDOWS\system32\uxtheme.dll
0x00007ffebe520000 - 0x00007ffebe67c000 	C:\WINDOWS\System32\MSCTF.dll
0x00007ffebee20000 - 0x00007ffebefb7000 	C:\WINDOWS\System32\ole32.dll
0x00007ffeba2e0000 - 0x00007ffeba30f000 	C:\WINDOWS\system32\DWMAPI.DLL
0x00007ffe35ba0000 - 0x00007ffe35c27000 	C:\Program Files\Java\jdk-21.0.10\bin\freetype.dll
0x00007ffe34ff0000 - 0x00007ffe350e1000 	C:\Program Files\Java\jdk-21.0.10\bin\fontmanager.dll
0x00007ffe14ba0000 - 0x00007ffe14caf000 	C:\WINDOWS\system32\opengl32.dll
0x00007ffe18210000 - 0x00007ffe1823d000 	C:\WINDOWS\SYSTEM32\GLU32.dll
0x00007ffeba120000 - 0x00007ffeba165000 	C:\WINDOWS\SYSTEM32\dxcore.dll
0x00007ffe81180000 - 0x00007ffe81333000 	C:\WINDOWS\system32\d3d9.dll
0x00007ffeb65a0000 - 0x00007ffeb666a000 	C:\WINDOWS\System32\DriverStore\FileRepository\nv_dispi.inf_amd64_c8bc842500fab35b\nvldumdx.dll
0x00007ffebbea0000 - 0x00007ffebbeb3000 	C:\WINDOWS\SYSTEM32\msasn1.dll
0x00007ffeb5df0000 - 0x00007ffeb5e2b000 	C:\WINDOWS\SYSTEM32\cryptnet.dll
0x00007ffebc900000 - 0x00007ffebca78000 	C:\WINDOWS\System32\CRYPT32.dll
0x00007ffebbe30000 - 0x00007ffebbe3c000 	C:\WINDOWS\SYSTEM32\cryptbase.dll
0x00007ffebbf80000 - 0x00007ffebbfea000 	C:\WINDOWS\SYSTEM32\wldp.dll
0x00007ffeb5c70000 - 0x00007ffeb5de8000 	C:\WINDOWS\SYSTEM32\drvstore.dll
0x00007ffebc440000 - 0x00007ffebc46d000 	C:\WINDOWS\SYSTEM32\devobj.dll
0x00007ffebc470000 - 0x00007ffebc4c1000 	C:\WINDOWS\SYSTEM32\cfgmgr32.dll
0x00007ffebd710000 - 0x00007ffebd792000 	C:\WINDOWS\System32\wintrust.dll
0x00007ffebfd90000 - 0x00007ffebfdb0000 	C:\WINDOWS\System32\imagehlp.dll
0x00007ffebbe40000 - 0x00007ffebbe5b000 	C:\WINDOWS\SYSTEM32\CRYPTSP.dll
0x00007ffebb540000 - 0x00007ffebb579000 	C:\WINDOWS\system32\rsaenh.dll
0x00007ffebc740000 - 0x00007ffebc76a000 	C:\WINDOWS\SYSTEM32\bcrypt.dll
0x00007ffeaf340000 - 0x00007ffeb514d000 	C:\WINDOWS\System32\DriverStore\FileRepository\nv_dispi.inf_amd64_c8bc842500fab35b\nvgpucomp64.dll
0x00007ffeade60000 - 0x00007ffeadf9b000 	C:\WINDOWS\System32\DriverStore\FileRepository\nv_dispi.inf_amd64_c8bc842500fab35b\NvMemMapStoragex.dll
0x00007ffe2d2b0000 - 0x00007ffe2fc1b000 	C:\WINDOWS\System32\DriverStore\FileRepository\nv_dispi.inf_amd64_c8bc842500fab35b\nvd3dumx.dll
0x00007ffeb7bc0000 - 0x00007ffeb7c21000 	C:\WINDOWS\SYSTEM32\directxdatabasehelper.dll
0x00007ffe3fd10000 - 0x00007ffe3fe57000 	C:\WINDOWS\system32\nvspcap64.dll
0x00007ffebb700000 - 0x00007ffebb736000 	C:\WINDOWS\SYSTEM32\ntmarta.dll
0x00007ffebbbc0000 - 0x00007ffebbbef000 	C:\WINDOWS\SYSTEM32\gpapi.dll
0x00007ffe75290000 - 0x00007ffe759b7000 	C:\WINDOWS\System32\DriverStore\FileRepository\nv_dispi.inf_amd64_c8bc842500fab35b\nvppex.dll
0x00007ffe88680000 - 0x00007ffe887c6000 	C:\WINDOWS\SYSTEM32\textinputframework.dll
0x00007ffeb9b40000 - 0x00007ffeb9c67000 	C:\WINDOWS\SYSTEM32\CoreMessaging.dll
0x00007ffeb7340000 - 0x00007ffeb7622000 	C:\WINDOWS\SYSTEM32\CoreUIComponents.dll
0x00007ffeb7120000 - 0x00007ffeb728a000 	C:\WINDOWS\SYSTEM32\wintypes.dll
0x00007ffe34f70000 - 0x00007ffe34feb000 	C:\Users\novak\AppData\Local\Temp\lwjgl_novak\3.3.3+5\x64\lwjgl.dll
0x00007ffdde220000 - 0x00007ffdde490000 	C:\Users\novak\AppData\Local\Temp\lwjgl_novak\3.3.3+5\x64\jemalloc.dll
0x00007ffe34ee0000 - 0x00007ffe34f62000 	C:\Users\novak\AppData\Local\Temp\lwjgl_novak\3.3.3+5\x64\glfw.dll
0x00007ffe75050000 - 0x00007ffe7509b000 	C:\WINDOWS\SYSTEM32\dinput8.dll
0x00007ffe953c0000 - 0x00007ffe953dc000 	C:\WINDOWS\SYSTEM32\xinput1_4.dll
0x00007ffe8f170000 - 0x00007ffe8f353000 	C:\WINDOWS\SYSTEM32\inputhost.dll
0x00007ffdde690000 - 0x00007ffdde857000 	C:\Users\novak\AppData\Local\Temp\lwjgl_novak\3.3.3+5\x64\OpenAL.dll
0x00007ffebdba0000 - 0x00007ffebdc4e000 	C:\WINDOWS\System32\clbcatq.dll
0x00007ffeae0b0000 - 0x00007ffeae149000 	C:\WINDOWS\System32\MMDevApi.dll
0x00007ffea76e0000 - 0x00007ffea7893000 	C:\WINDOWS\SYSTEM32\AUDIOSES.DLL
0x00007ffeba660000 - 0x00007ffeba674000 	C:\WINDOWS\SYSTEM32\resourcepolicyclient.dll
0x00007ffeadfd0000 - 0x00007ffeadfed000 	C:\WINDOWS\SYSTEM32\windows.staterepositorycore.dll
0x00007ffe04640000 - 0x00007ffe074c5000 	C:\WINDOWS\System32\DriverStore\FileRepository\nv_dispi.inf_amd64_c8bc842500fab35b\nvoglv64.dll
0x00007ffebe090000 - 0x00007ffebe517000 	C:\WINDOWS\System32\SETUPAPI.dll
0x00007ffeb9fe0000 - 0x00007ffeba009000 	C:\WINDOWS\SYSTEM32\WTSAPI32.dll
0x00007ffebb880000 - 0x00007ffebb8c9000 	C:\WINDOWS\SYSTEM32\SspiCli.dll
0x00007ffebbf10000 - 0x00007ffebbf72000 	C:\WINDOWS\SYSTEM32\WINSTA.dll
0x00007ffea1ff0000 - 0x00007ffea20af000 	C:\WINDOWS\SYSTEM32\mscms.dll
0x00007ffe33d90000 - 0x00007ffe33dd9000 	C:\WINDOWS\SYSTEM32\icm32.dll
0x00007ffe321b0000 - 0x00007ffe3220e000 	C:\Users\novak\AppData\Local\Temp\lwjgl_novak\3.3.3+5\x64\lwjgl_opengl.dll

dbghelp: loaded successfully - version: 4.0.5 - missing functions: none
symbol engine: initialized successfully - sym options: 0x614 - pdb path: .;C:\Program Files\Java\jdk-21.0.10\bin;C:\WINDOWS\SYSTEM32;C:\WINDOWS\WinSxS\amd64_microsoft.windows.common-controls_6595b64144ccf1df_6.0.26100.8457_none_3e0b2faee331e92d;C:\Program Files\Java\jdk-21.0.10\bin\server;C:\ProgramData\libGDX-temp\libgdxUser_105010623_GDX1_12_1\2a9d7f76;C:\WINDOWS\System32\DriverStore\FileRepository\nv_dispi.inf_amd64_c8bc842500fab35b;C:\Users\novak\AppData\Local\Temp\lwjgl_novak\3.3.3+5\x64

VM Arguments:
jvm_args: -Dfile.encoding=UTF-8 -Duser.country=BR -Duser.language=pt -Duser.variant 
java_command: io.github.relichunter.lwjgl3.Lwjgl3Launcher
java_class_path (initial): C:\Users\novak\Documents\GitHub\PRJ.POO-Relic-Hunter\lwjgl3\build\classes\java\main;C:\Users\novak\Documents\GitHub\PRJ.POO-Relic-Hunter\lwjgl3\build\resources\main;C:\Users\novak\.gradle\caches\modules-2\files-2.1\com.badlogicgames.gdx\gdx-backend-lwjgl3\1.12.1\12a144cacb34f0392cd8354f798d99e4836a51a8\gdx-backend-lwjgl3-1.12.1.jar;C:\Users\novak\.gradle\caches\modules-2\files-2.1\com.badlogicgames.gdx\gdx-box2d-platform\1.12.1\4e82228fcdd2e8a7673fe7952588acfdb33d7820\gdx-box2d-platform-1.12.1-natives-desktop.jar;C:\Users\novak\.gradle\caches\modules-2\files-2.1\com.badlogicgames.gdx\gdx-platform\1.12.1\5737be5ce3a4e8f9f77c2d9ab95ab479f9c3705f\gdx-platform-1.12.1-natives-desktop.jar;C:\Users\novak\Documents\GitHub\PRJ.POO-Relic-Hunter\core\build\libs\core-1.0.jar;C:\Users\novak\.gradle\caches\modules-2\files-2.1\org.lwjgl\lwjgl-glfw\3.3.3\efa1eb78c5ccd840e9f329717109b5e892d72f8e\lwjgl-glfw-3.3.3.jar;C:\Users\novak\.gradle\caches\modules-2\files-2.1\org.lwjgl\lwjgl-glfw\3.3.3\a03684c5e4b1b1dbbe0d29dbbdc27b985b6840f2\lwjgl-glfw-3.3.3-natives-linux.jar;C:\Users\novak\.gradle\caches\modules-2\files-2.1\org.lwjgl\lwjgl-glfw\3.3.3\d9af485c32545b37dd5359b163161d42d7534dcf\lwjgl-glfw-3.3.3-natives-linux-arm32.jar;C:\Users\novak\.gradle\caches\modules-2\files-2.1\org.lwjgl\lwjgl-glfw\3.3.3\492a0f11f85b85899a6568f07511160c1b87cd38\lwjgl-glfw-3.3.3-natives-linux-arm64.jar;C:\Users\novak\.gradle\caches\modules-2\files-2.1\org.lwjgl\lwjgl-glfw\3.3.3\a1bf400f6bc64e6195596cb1430dafda46090751\lwjgl-glfw-3.3.3-natives-macos.jar;C:\Users\novak\.gradle\caches\modules-2\files-2.1\org.lwjgl\lwjgl-glfw\3.3.3\ee8cc78d0a4a5b3b4600fade6d927c9fc320c858\lwjgl-glfw-3.3.3-natives-macos-arm64.jar;C:\Users\novak\.gradle\caches\modules-2\files-2.1\org.lwjgl\lwjgl-glfw\3.3.3\e449e28b4891fc423c54c85fbc5bb0b9efece67a\lwjgl-glfw-3.3.3-natives-windows.jar;C:\Users\novak\.gradle\caches\modules-2\files-2.1\org.lwjgl\lwjgl-glfw\3.3.3\32334f3fd5270a59bad9939a93115acb6de36dcf\lwjgl-glfw-3.3.3-natives-windows-x86.jar;C:\Users\novak\.gradle\caches\modules-2\files-2.1\org.lwjgl\lwjgl-jemalloc\3.3.3\b543467b7ff3c6920539a88ee602d34098628be5\lwjgl-jemalloc-3.3.3.jar;C:\Users\novak\.gradle\caches\modules-2\files-2.1\org.lwjgl\lwjgl-jemalloc\3.3.3\4f86728bf449b1dd61251c4e0ac01df1389cb51e\lwjgl-jemalloc-3.3.3-natives-linux.jar;C:\Users\novak\.gradle\caches\modules-2\files-2.1\org.lwjgl\lwjgl-jemalloc\3.3.3\109b6931880d02d4e65ced38928a16e41d19873e\lwjgl-jemalloc-3.3.3-natives-linux-arm32.jar;C:\Users\novak\.gradle\caches\modules-2\files-2.1\org.lwjgl\lwjgl-jemalloc\3.3.3\eff8b86798191192fe2cba2dc2776109f30c239d\lwjgl-jemalloc-3.3.3-natives-linux-arm64.jar;C:\Users\novak\.gradle\caches\modules-2\files-2.1\org.lwjgl\lwjgl-jemalloc\3.3.3\2906637657a57579847238c9c72d2c4bde7083f8\lwjgl-jemalloc-3.3.3-natives-macos.jar;C:\Users\novak\.gradle\caches\modules-2\files-2.1\org.lwjgl\lwjgl-jemalloc\3.3.3\e9412c3ff8cb3a3bad1d3f52909ad74d8a5bdad1\lwjgl-jemalloc-3.3.3-natives-macos-arm64.jar;C:\Users\novak\.gradle\caches\modules-2\files-2.1\org.lwjgl\lwjgl-jemalloc\3.3.3\426222fc027602a5f21b9c0fe79cde6a4c7a011f\lwjgl-jemalloc-3.3.3-natives-windows.jar;C:\Users\novak\.gradle\caches\modules-2\files-2.1\org.lwjgl\lwjgl-jemalloc\3.3.3\f6063b6e0f23be483c5c88d84ce51b39dc69126c\lwjgl-jemalloc-3.3.3-natives-windows-x86.jar;C:\Users\novak\.gradle\caches\modules-2\files-2.1\org.lwjgl\lwjgl-openal\3.3.3\daada81ceb5fc0c291fbfdd4433cb8d9423577f2\lwjgl-openal-3.3.3.jar;C:\Users\novak\.gradle\caches\modules-2\files-2.1\org.lwjgl\lwjgl-openal\3.3.3\3037360cc4595079bea240af250b6d1a527e0905\lwjgl-openal-3.3.3-natives-linux.jar;C:\Users\novak\.gradle\caches\modules-2\files-2.1\org.lwjgl\lwjgl-openal\3.3.3\e1702aa09d20359d6cf5cb2999fa7685a785eca7\lwjgl-openal-3.3.3-natives-linux-arm32.jar;C:\Users\novak\.gradle\caches\modules-2\files-2.1\org.lwjgl\lwjgl-openal\3.3.3\ad8f302118a65bb8d615f8a2a680db58fb8f835e\lwjgl-openal-3.3.3-natives-linux-arm64.jar;C:\Users\novak\.gradle\caches\modules-2\files-2.1\org.lwjgl\lwjgl-openal\3.3.3\8df8338bfa77f2ebabef4e58964bd04d24805cbf\lwjgl-openal-3.3.3-natives-macos.jar;C:\Users\novak\.gradle\caches\modules-2\files-2.1\org.lwjgl\lwjgl-openal\3.3.3\c78b078de2fb52f45aa55d04db889a560f3544f\lwjgl-openal-3.3.3-natives-macos-arm64.jar;C:\Users\novak\.gradle\caches\modules-2\files-2.1\org.lwjgl\lwjgl-openal\3.3.3\cf83862ae95d98496b26915024c7e666d8ab1c8f\lwjgl-openal-3.3.3-natives-windows.jar;C:\Users\novak\.gradle\caches\modules-2\files-2.1\org.lwjgl\lwjgl-openal\3.3.3\87b8d5050e3adb46bb58fe1cb2669a4a48fce10d\lwjgl-openal-3.3.3-natives-windows-x86.jar;C:\Users\novak\.gradle\caches\modules-2\files-2.1\org.lwjgl\lwjgl-opengl\3.3.3\2f6b0147078396a58979125a4c947664e98293a\lwjgl-opengl-3.3.3.jar;C:\Users\novak\.gradle\caches\modules-2\files-2.1\org.lwjgl\lwjgl-opengl\3.3.3\62c70a4b00ca5391882b0f4b787c1588d24f1c86\lwjgl-opengl-3.3.3-natives-linux.jar;C:\Users\novak\.gradle\caches\modules-2\files-2.1\org.lwjgl\lwjgl-opengl\3.3.3\dbba17fc5ac0985d14a57c11f9537617d67b9952\lwjgl-opengl-3.3.3-natives-linux-arm32.jar;C:\Users\novak\.gradle\caches\modules-2\files-2.1\org.lwjgl\lwjgl-opengl\3.3.3\2096f6b94b2d68745d858fbfe53aacf5f0c8074c\lwjgl-opengl-3.3.3-natives-linux-arm64.jar;C:\Users\novak\.gradle\caches\modules-2\files-2.1\org.lwjgl\lwjgl-opengl\3.3.3\1bd45997551ae8a28469f3a2b678f4b7289e12c0\lwjgl-opengl-3.3.3-natives-macos.jar;C:\Users\novak\.gradle\caches\modules-2\files-2.1\org.lwjgl\lwjgl-opengl\3.3.3\d213ddef27637b1af87961ffa94d6b27036becc8\lwjgl-opengl-3.3.3-natives-macos-arm64.jar;C:\Users\novak\.gradle\caches\modules-2\files-2.1\org.lwjgl\lwjgl-opengl\3.3.3\e6c1eec8be8a71951b830a4d69efc01c6531900c\lwjgl-opengl-3.3.3-natives-windows.jar;C:\Users\novak\.gradle\caches\modules-2\files-2.1\org.lwjgl\lwjgl-opengl\3.3.3\d32d833dcaa2f355a886eaf21f0408b5f03241d\lwjgl-opengl-3.3.3-natives-windows-x86.jar;C:\Users\novak\.gradle\caches\modules-2\files-2.1\org.lwjgl\lwjgl-stb\3.3.3\25dd6161988d7e65f71d5065c99902402ee32746\lwjgl-stb-3.3.3.jar;C:\Users\novak\.gradle\caches\modules-2\files-2.1\org.lwjgl\lwjgl-stb\3.3.3\fd1271ccd9d85eff2fa31f3fd543e02ccfaf5041\lwjgl-stb-3.3.3-natives-linux.jar;C:\Users\novak\.gradle\caches\modules-2\files-2.1\org.lwjgl\lwjgl-stb\3.3.3\1ae28ff044699ff29b0e980ffabd73fba8a664b3\lwjgl-stb-3.3.3-natives-linux-arm32.jar;C:\Users\novak\.gradle\caches\modules-2\files-2.1\org.lwjgl\lwjgl-stb\3.3.3\ddc177afc2be1ee8d93684b11363b80589a13fe1\lwjgl-stb-3.3.3-natives-linux-arm64.jar;C:\Users\novak\.gradle\caches\modules-2\files-2.1\org.lwjgl\lwjgl-stb\3.3.3\472792c98fb2c1557c060cb9da5fca6a9773621f\lwjgl-stb-3.3.3-natives-macos.jar;C:\Users\novak\.gradle\caches\modules-2\files-2.1\org.lwjgl\lwjgl-stb\3.3.3\51c6955571fbcdb7bb538c6aa589b953b584c6af\lwjgl-stb-3.3.3-natives-macos-arm64.jar;C:\Users\novak\.gradle\caches\modules-2\files-2.1\org.lwjgl\lwjgl-stb\3.3.3\1d9facdf6541de114b0f963be33505b7679c78cb\lwjgl-stb-3.3.3-natives-windows.jar;C:\Users\novak\.gradle\caches\modules-2\files-2.1\org.lwjgl\lwjgl-stb\3.3.3\b5c874687b9aac1a936501d4ed2c49567fd1b575\lwjgl-stb-3.3.3-natives-windows-x86.jar;C:\Users\novak\.gradle\caches\modules-2\files-2.1\org.lwjgl\lwjgl\3.3.3\29589b5f87ed335a6c7e7ee6a5775f81f97ecb84\lwjgl-3.3.3.jar;C:\Users\novak\.gradle\caches\modules-2\files-2.1\org.lwjgl\lwjgl\3.3.3\1713758e3660ba66e1e954396fd18126038b33c0\lwjgl-3.3.3-natives-linux.jar;C:\Users\novak\.gradle\caches\modules-2\files-2.1\org.lwjgl\lwjgl\3.3.3\2075c51a80f0ef0f22ba616ba54007ac2b0debd4\lwjgl-3.3.3-natives-linux-arm32.jar;C:\Users\novak\.gradle\caches\modules-2\files-2.1\org.lwjgl\lwjgl\3.3.3\f35d8b6ffe1ac1e3a5eb1d4e33de80f044ad5fd8\lwjgl-3.3.3-natives-linux-arm64.jar;C:\Users\novak\.gradle\caches\modules-2\files-2.1\org.lwjgl\lwjgl\3.3.3\33a6efa288390490ce6eb6c3df47ac21ecf648cf\lwjgl-3.3.3-natives-macos.jar;C:\Users\novak\.gradle\caches\modules-2\files-2.1\org.lwjgl\lwjgl\3.3.3\226246e75f6bd8d4e1895bdce8638ef87808d114\lwjgl-3.3.3-natives-macos-arm64.jar;C:\Users\novak\.gradle\caches\modules-2\files-2.1\org.lwjgl\lwjgl\3.3.3\a5ed18a2b82fc91b81f40d717cb1f64c9dcb0540\lwjgl-3.3.3-natives-windows.jar;C:\Users\novak\.gradle\caches\modules-2\files-2.1\org.lwjgl\lwjgl\3.3.3\9e670718e050aeaeea0c2d5b907cffb142f2e58f\lwjgl-3.3.3-natives-windows-x86.jar;C:\Users\novak\.gradle\caches\modules-2\files-2.1\com.badlogicgames.gdx\gdx-box2d\1.12.1\6c37ed04f97d062f1bdc4afe1f583182e539a269\gdx-box2d-1.12.1.jar;C:\Users\novak\.gradle\caches\modules-2\files-2.1\com.badlogicgames.gdx\gdx\1.12.1\a2d066c09329c457045c284c42d6f37122840aa\gdx-1.12.1.jar;C:\Users\novak\.gradle\caches\modules-2\files-2.1\com.badlogicgames.jlayer\jlayer\1.0.1-gdx\7cca83cec5c1b2f011362f4d85aabd71a73b049d\jlayer-1.0.1-gdx.jar;C:\Users\novak\.gradle\caches\modules-2\files-2.1\org.jcraft\jorbis\0.0.17\8872d22b293e8f5d7d56ff92be966e6dc28ebdc6\jorbis-0.0.17.jar;C:\Users\novak\.gradle\caches\modules-2\files-2.1\com.badlogicgames.gdx\gdx-jnigen-loader\2.3.1\2d472f69243631fbcb3d4c3f93dd2e137a6cb084\gdx-jnigen-loader-2.3.1.jar
Launcher Type: SUN_STANDARD

[Global flags]
     intx CICompilerCount                          = 4                                         {product} {ergonomic}
     uint ConcGCThreads                            = 3                                         {product} {ergonomic}
     uint G1ConcRefinementThreads                  = 10                                        {product} {ergonomic}
   size_t G1HeapRegionSize                         = 4194304                                   {product} {ergonomic}
    uintx GCDrainStackTargetSize                   = 64                                        {product} {ergonomic}
   size_t InitialHeapSize                          = 536870912                                 {product} {ergonomic}
   size_t MarkStackSize                            = 4194304                                   {product} {ergonomic}
   size_t MaxHeapSize                              = 8535408640                                {product} {ergonomic}
   size_t MaxNewSize                               = 5121245184                                {product} {ergonomic}
   size_t MinHeapDeltaBytes                        = 4194304                                   {product} {ergonomic}
   size_t MinHeapSize                              = 8388608                                   {product} {ergonomic}
    uintx NonNMethodCodeHeapSize                   = 5839372                                {pd product} {ergonomic}
    uintx NonProfiledCodeHeapSize                  = 122909434                              {pd product} {ergonomic}
    uintx ProfiledCodeHeapSize                     = 122909434                              {pd product} {ergonomic}
    uintx ReservedCodeCacheSize                    = 251658240                              {pd product} {ergonomic}
     bool SegmentedCodeCache                       = true                                      {product} {ergonomic}
   size_t SoftMaxHeapSize                          = 8535408640                             {manageable} {ergonomic}
     bool UseCompressedOops                        = true                           {product lp64_product} {ergonomic}
     bool UseG1GC                                  = true                                      {product} {ergonomic}
     bool UseLargePagesIndividualAllocation        = false                                  {pd product} {ergonomic}

Logging:
Log output configuration:
 #0: stdout all=warning uptime,level,tags foldmultilines=false
 #1: stderr all=off uptime,level,tags foldmultilines=false

Environment Variables:
PATH=C:\Program Files\Common Files\Oracle\Java\javapath;C:\WINDOWS\system32;C:\WINDOWS;C:\WINDOWS\System32\Wbem;C:\WINDOWS\System32\WindowsPowerShell\v1.0\;C:\WINDOWS\System32\OpenSSH\;C:\Program Files\NVIDIA Corporation\NVIDIA App\NvDLISR;C:\Program Files\Git\cmd;C:\Program Files (x86)\NVIDIA Corporation\PhysX\Common;C:\Program Files\dotnet\;C:\Users\novak\AppData\Local\Microsoft\WindowsApps;C:\Users\novak\AppData\Local\Programs\Microsoft VS Code\bin;C:\Users\novak\AppData\Local\GitHubDesktop\bin
USERNAME=novak
OS=Windows_NT
PROCESSOR_IDENTIFIER=AMD64 Family 23 Model 96 Stepping 1, AuthenticAMD
TMP=C:\Users\novak\AppData\Local\Temp
TEMP=C:\Users\novak\AppData\Local\Temp




Periodic native trim disabled

---------------  S Y S T E M  ---------------

OS:
 Windows 11 , 64 bit Build 26100 (10.0.26100.8328)
OS uptime: 0 days 9:49 hours

CPU: total 12 (initial active 12) (12 cores per cpu, 2 threads per core) family 23 model 96 stepping 1 microcode 0x860010d, cx8, cmov, fxsr, ht, mmx, 3dnowpref, sse, sse2, sse3, ssse3, sse4a, sse4.1, sse4.2, popcnt, lzcnt, tsc, tscinvbit, avx, avx2, aes, clmul, bmi1, bmi2, adx, sha, fma, vzeroupper, clflush, clflushopt, rdtscp, rdpid, f16c
Processor Information for all 12 processors :
  Max Mhz: 3701, Current Mhz: 3701, Mhz Limit: 3701

Memory: 4k page, system-wide physical 32554M (16312M free)
TotalPageFile size 45354M (AvailPageFile size 17998M)
current process WorkingSet (physical memory assigned to process): 193M, peak: 214M
current process commit charge ("private bytes"): 779M, peak: 790M

vm_info: Java HotSpot(TM) 64-Bit Server VM (21.0.10+8-LTS-217) for windows-amd64 JRE (21.0.10+8-LTS-217), built on 2025-12-18T14:59:28Z by "mach5run" with MS VC++ 17.13 (VS2022)

END.
