#
# A fatal error has been detected by the Java Runtime Environment:
#
#  EXCEPTION_ACCESS_VIOLATION (0xc0000005) at pc=0x00007ffbce2d063b, pid=10424, tid=18240
#
# JRE version: OpenJDK Runtime Environment Temurin-21.0.9+10 (21.0.9+10) (build 21.0.9+10-LTS)
# Java VM: OpenJDK 64-Bit Server VM Temurin-21.0.9+10 (21.0.9+10-LTS, mixed mode, sharing, tiered, compressed oops, compressed class ptrs, g1 gc, windows-amd64)
# Problematic frame:
# C  [igxelpicd64.dll+0xc4063b]
#
# No core dump will be written. Minidumps are not enabled by default on client versions of Windows
#
# If you would like to submit a bug report, please visit:
#   https://github.com/adoptium/adoptium-support/issues
# The crash happened outside the Java Virtual Machine in native code.
# See problematic frame for where to report the bug.
#

---------------  S U M M A R Y ------------

Command Line: -Dfile.encoding=UTF-8 -Duser.country=BR -Duser.language=pt -Duser.variant io.github.relichunter.lwjgl3.Lwjgl3Launcher

Host: 13th Gen Intel(R) Core(TM) i5-1334U, 12 cores, 7G,  Windows 11 , 64 bit Build 26100 (10.0.26100.8521)
Time: Fri Jun 12 00:12:45 2026 Hora Padrão de Buenos Aires elapsed time: 48.711326 seconds (0d 0h 0m 48s)

---------------  T H R E A D  ---------------

Current thread (0x000001ddbf427a20):  JavaThread "main"             [_thread_in_native, id=18240, stack(0x0000001654b00000,0x0000001654c00000) (1024K)]

Stack: [0x0000001654b00000,0x0000001654c00000],  sp=0x0000001654bf86c8,  free space=993k
Native frames: (J=compiled Java code, j=interpreted, Vv=VM code, C=native code)
C  [igxelpicd64.dll+0xc4063b]

Java frames: (J=compiled Java code, j=interpreted, Vv=VM code)
J 1213  org.lwjgl.opengl.GL11C.nglDrawElements(IIIJ)V (0 bytes) @ 0x000001ddcf670726 [0x000001ddcf6706c0+0x0000000000000066]
J 1384 c2 com.badlogic.gdx.graphics.Mesh.render(Lcom/badlogic/gdx/graphics/glutils/ShaderProgram;IIIZ)V (324 bytes) @ 0x000001ddcf687b88 [0x000001ddcf6879a0+0x00000000000001e8]
J 1589 c2 com.badlogic.gdx.graphics.g2d.SpriteBatch.end()V (66 bytes) @ 0x000001ddcf6d09d0 [0x000001ddcf6d0580+0x0000000000000450]
j  io.github.relichunter.screens.GameOverScreen.render(F)V+86
J 1426 c1 com.badlogic.gdx.backends.lwjgl3.Lwjgl3Window.update()Z (217 bytes) @ 0x000001ddc7db7144 [0x000001ddc7db6100+0x0000000000001044]
j  com.badlogic.gdx.backends.lwjgl3.Lwjgl3Application.loop()V+111
j  com.badlogic.gdx.backends.lwjgl3.Lwjgl3Application.<init>(Lcom/badlogic/gdx/ApplicationListener;Lcom/badlogic/gdx/backends/lwjgl3/Lwjgl3ApplicationConfiguration;)V+269
j  io.github.relichunter.lwjgl3.Lwjgl3Launcher.createApplication()Lcom/badlogic/gdx/backends/lwjgl3/Lwjgl3Application;+14
j  io.github.relichunter.lwjgl3.Lwjgl3Launcher.main([Ljava/lang/String;)V+7
v  ~StubRoutines::call_stub 0x000001ddcf06100d

siginfo: EXCEPTION_ACCESS_VIOLATION (0xc0000005), reading address 0x000001de2b1e7010


Registers:
RAX=0x0000000000000000, RBX=0x000001de23741f40, RCX=0x000001de258e0438, RDX=0x000001de2b1e7010
RSP=0x0000001654bf86c8, RBP=0x0000001654bf87d0, RSI=0x000001de23771938, RDI=0x000001de23d00cb0
R8 =0x00000000000000bd, R9 =0x0000000000000014, R10=0x00007ffbcd690000, R11=0x000001de2398b168
R12=0x0000001654bfbda0, R13=0x0000000000000014, R14=0x000000000002f4ac, R15=0x0000000000000004
RIP=0x00007ffbce2d063b, EFLAGS=0x0000000000010206

XMM[0]=0x0000000000000000 0x0000000000000000
XMM[1]=0x0000000000000000 0x0000000000018974
XMM[2]=0x0000000000000000 0x0000000000000000
XMM[3]=0x0000000000000000 0x0000000000000000
XMM[4]=0x3f8000003f800000 0x4240000041a00000
XMM[5]=0x00000000c0000000 0x0000000000000000
XMM[6]=0x0000000000000000 0x000000003ad1b717
XMM[7]=0x0000000000000000 0x00000000c0000000
XMM[8]=0x0000000000000000 0x0000000000000000
XMM[9]=0x0000000000000000 0x0000000000000000
XMM[10]=0x0000000000000000 0x0000000000000000
XMM[11]=0x0000000000000000 0x000000003b2aaaab
XMM[12]=0x0000000000000000 0x0000000000000000
XMM[13]=0x0000000000000000 0x0000000000000000
XMM[14]=0x0000000000000000 0x000000008b27bc28
XMM[15]=0x0000000000000000 0x000000008c768d10
  MXCSR=0x00001fa0


Register to memory mapping:

RAX=0x0 is null
RBX=0x000001de23741f40 points into unknown readable memory: 0x000001de236fa940 | 40 a9 6f 23 de 01 00 00
RCX=0x000001de258e0438 points into unknown readable memory: 0x43b0000044a00000 | 00 00 a0 44 00 00 b0 43
RDX=0x000001de2b1e7010 is an unknown value
RSP=0x0000001654bf86c8 is pointing into the stack for thread: 0x000001ddbf427a20
RBP=0x0000001654bf87d0 is pointing into the stack for thread: 0x000001ddbf427a20
RSI=0x000001de23771938 points into unknown readable memory: 0x0000000000000000 | 00 00 00 00 00 00 00 00
RDI=0x000001de23d00cb0 points into unknown readable memory: 0x00007ffbce4f10d0 | d0 10 4f ce fb 7f 00 00
R8 =0x00000000000000bd is an unknown value
R9 =0x0000000000000014 is an unknown value
R10=0x00007ffbcd690000 igxelpicd64.dll
R11=0x000001de2398b168 points into unknown readable memory: 0x000001de2b0fb778 | 78 b7 0f 2b de 01 00 00
R12=0x0000001654bfbda0 is pointing into the stack for thread: 0x000001ddbf427a20
R13=0x0000000000000014 is an unknown value
R14=0x000000000002f4ac is an unknown value
R15=0x0000000000000004 is an unknown value

Top of Stack: (sp=0x0000001654bf86c8)
0x0000001654bf86c8:   00007ffbcda0475a 000001de23741f40
0x0000001654bf86d8:   000001de23771938 0000000010000000
0x0000001654bf86e8:   000001de23741f40 0000000000000000
0x0000001654bf86f8:   0000001000000000 0111010001100000
0x0000001654bf8708:   0101000010000000 0001100000000000
0x0000001654bf8718:   0000000110010000 0000bd2b00000100
0x0000001654bf8728:   0000100000000000 4000000000000001
0x0000001654bf8738:   0000000001000000 0000000054bfdf80
0x0000001654bf8748:   0000000000000003 0000000000000000
0x0000001654bf8758:   0000000100000000 000001de23741f40
0x0000001654bf8768:   000001de23974c20 0000000000000000
0x0000001654bf8778:   0000001654bfbda0 000001de23771938
0x0000001654bf8788:   0000000000000001 000001de26a8897c
0x0000001654bf8798:   000001de2398b168 0000010000000000
0x0000001654bf87a8:   000001dddc9b10d0 000001de23987c80
0x0000001654bf87b8:   000001de26a88980 1000100100000000
0x0000001654bf87c8:   0000000000000af0 0000001654bfbaa0
0x0000001654bf87d8:   000001de23987c84 0000000000000000
0x0000001654bf87e8:   00007ffc1e80c296 0003000300030003
0x0000001654bf87f8:   000001de23987c8c 000300030001897c
0x0000001654bf8808:   0000000300030003 0000000000000000
0x0000001654bf8818:   0000000000000000 0000000000000000
0x0000001654bf8828:   0000000000000000 0000000000000000
0x0000001654bf8838:   0000000000000001 000001ddbf427a20
0x0000001654bf8848:   0000000000000000 00000101ffffffff
0x0000001654bf8858:   0000000000000001 000089ce39c82524
0x0000001654bf8868:   0000001654bf62c0 00007ffc1eb1d88f
0x0000001654bf8878:   0000000000000000 000001ddbf427a20
0x0000001654bf8888:   00007ffc1e786f50 000001ddbf4280c0
0x0000001654bf8898:   0000001654bfafb0 000001ddbf427a20
0x0000001654bf88a8:   000001ddbd0dedf0 000001ddbd0dedf0
0x0000001654bf88b8:   00007ffc1eb1df22 000001dddd0c4458 

Instructions: (pc=0x00007ffbce2d063b)
0x00007ffbce2d053b:   24 b0 08 00 00 49 8b 5b 38 49 8b 73 40 49 8b 7b
0x00007ffbce2d054b:   48 49 8b e3 41 5f 41 5e 41 5d 41 5c 5d c3 48 8d
0x00007ffbce2d055b:   0d 88 4f 3c 00 e8 ab ea d6 ff cc 40 55 48 83 ec
0x00007ffbce2d056b:   20 48 8b ea 48 8d 15 7e 7c 36 00 48 8b 8d c0 00
0x00007ffbce2d057b:   00 00 e8 8e 41 d9 ff 48 83 c4 20 5d c3 48 8d 8a
0x00007ffbce2d058b:   a0 00 00 00 e9 dc 1c 3f ff 48 8d 8a b0 00 00 00
0x00007ffbce2d059b:   e9 d0 1c 3f ff 45 85 c0 74 16 45 8b c9 45 8b c0
0x00007ffbce2d05ab:   8a 02 49 03 d1 88 01 48 ff c1 49 83 e8 01 75 f0
0x00007ffbce2d05bb:   c3 cc cc cc cc cc cc cc cc cc cc cc cc cc cc cc
0x00007ffbce2d05cb:   cc cc cc cc cc 45 85 c0 74 19 45 8b c9 45 8b c0
0x00007ffbce2d05db:   0f b7 02 49 03 d1 66 89 01 48 8d 49 02 49 83 e8
0x00007ffbce2d05eb:   01 75 ed c3 cc cc cc cc cc cc cc cc cc cc cc cc
0x00007ffbce2d05fb:   cc cc cc cc cc 45 85 c0 74 1f 45 8b c9 45 8b c0
0x00007ffbce2d060b:   0f b7 02 66 89 01 48 8d 49 03 8a 42 02 49 03 d1
0x00007ffbce2d061b:   88 41 ff 49 83 e8 01 75 e7 c3 cc cc cc cc cc cc
0x00007ffbce2d062b:   cc cc cc cc cc 45 85 c0 74 17 45 8b c9 45 8b c0
0x00007ffbce2d063b:   8b 02 49 03 d1 89 01 48 8d 49 04 49 83 e8 01 75
0x00007ffbce2d064b:   ef c3 cc cc cc cc cc cc cc cc cc cc cc cc cc cc
0x00007ffbce2d065b:   cc cc cc cc cc 45 85 c0 74 1f 45 8b c9 45 8b c0
0x00007ffbce2d066b:   8b 02 89 01 48 8d 49 06 0f b7 42 04 49 03 d1 66
0x00007ffbce2d067b:   89 41 fe 49 83 e8 01 75 e7 c3 cc cc cc cc cc cc
0x00007ffbce2d068b:   cc cc cc cc cc 45 85 c0 74 19 45 8b c9 45 8b c0
0x00007ffbce2d069b:   48 8b 02 49 03 d1 48 89 01 48 8d 49 08 49 83 e8
0x00007ffbce2d06ab:   01 75 ed c3 cc cc cc cc cc cc cc cc cc cc cc cc
0x00007ffbce2d06bb:   cc cc cc cc cc 45 85 c0 74 1f 45 8b c9 45 8b c0
0x00007ffbce2d06cb:   48 8b 02 48 89 01 48 8d 49 0c 8b 42 08 49 03 d1
0x00007ffbce2d06db:   89 41 fc 49 83 e8 01 75 e7 c3 cc cc cc cc cc cc
0x00007ffbce2d06eb:   cc cc cc cc cc 48 89 5c 24 08 45 85 c0 74 33 41
0x00007ffbce2d06fb:   8b d9 45 8b c8 4c 8b d2 4c 8b c1 4c 2b d1 41 bb
0x00007ffbce2d070b:   02 00 00 00 4b 8b 04 10 49 89 00 4d 8d 40 08 49
0x00007ffbce2d071b:   83 eb 01 75 ef 48 83 c1 10 48 03 d3 49 83 e9 01
0x00007ffbce2d072b:   75 d3 48 8b 5c 24 08 c3 cc cc cc cc cc cc cc cc 


Stack slot to memory mapping:

stack at sp + 0 slots: 0x00007ffbcda0475a igxelpicd64.dll
stack at sp + 1 slots: 0x000001de23741f40 points into unknown readable memory: 0x000001de236fa940 | 40 a9 6f 23 de 01 00 00
stack at sp + 2 slots: 0x000001de23771938 points into unknown readable memory: 0x0000000000000000 | 00 00 00 00 00 00 00 00
stack at sp + 3 slots: 0x0000000010000000 is an unknown value
stack at sp + 4 slots: 0x000001de23741f40 points into unknown readable memory: 0x000001de236fa940 | 40 a9 6f 23 de 01 00 00
stack at sp + 5 slots: 0x0 is null
stack at sp + 6 slots: 0x0000001000000000 is an unknown value
stack at sp + 7 slots: 0x0111010001100000 is an unknown value


Compiled method (n/a) 48807 1213     n 0       org.lwjgl.opengl.GL11C::nglDrawElements (native)
 total in heap  [0x000001ddcf670510,0x000001ddcf6708f0] = 992
 relocation     [0x000001ddcf670670,0x000001ddcf6706a8] = 56
 main code      [0x000001ddcf6706c0,0x000001ddcf6708e5] = 549
 stub code      [0x000001ddcf6708e5,0x000001ddcf6708e8] = 3
 oops           [0x000001ddcf6708e8,0x000001ddcf6708f0] = 8

[Constant Pool (empty)]

[MachCode]
[Entry Point]
  # {method} {0x000001de1e666690} 'nglDrawElements' '(IIIJ)V' in 'org/lwjgl/opengl/GL11C'
  # parm0:    rdx       = int
  # parm1:    r8        = int
  # parm2:    r9        = int
  # parm3:    rdi:rdi   = long
  #           [sp+0x80]  (sp of caller)
  0x000001ddcf6706c0: 448b 5208 | 49bb 0000 | 00dd dd01 | 0000 4d03 | d349 3bc2 | 0f84 0600 

  0x000001ddcf6706d8: ;   {runtime_call ic_miss_stub}
  0x000001ddcf6706d8: 0000 e9a1 | e0a3 ff90 
[Verified Entry Point]
  0x000001ddcf6706e0: 8984 2400 | 80ff ff55 | 488b ec48 | 83ec 7090 | 4181 7f20 | 0100 0000 

  0x000001ddcf6706f8: ;   {runtime_call StubRoutines (final stubs)}
  0x000001ddcf6706f8: 7405 e8a1 | 5da2 ff48 | 897c 2428 | 4c89 4c24 | 204d 8bc8 

  0x000001ddcf67070c: ;   {oop(a 'java/lang/Class'{0x000000008b17fa60} = 'org/lwjgl/opengl/GL11C')}
  0x000001ddcf67070c: 4c8b c249 | be60 fa17 | 8b00 0000 | 004c 8974 | 2460 4c8d | 7424 6049 | 8bd6 c5f8 

  0x000001ddcf670728: ;   {internal_word}
  0x000001ddcf670728: 7749 ba26 | 0767 cfdd | 0100 004d | 8997 a003 | 0000 4989 | a798 0300 

  0x000001ddcf670740: ;   {external_word}
  0x000001ddcf670740: 0049 bacf | 4d08 1ffc | 7f00 0041 | 803a 000f | 844e 0000 | 0052 4150 

  0x000001ddcf670758: ;   {metadata({method} {0x000001de1e666690} 'nglDrawElements' '(IIIJ)V' in 'org/lwjgl/opengl/GL11C')}
  0x000001ddcf670758: 4151 48ba | 8866 661e | de01 0000 | 498b cf48 | 83ec 2040 | f6c4 0f0f | 8419 0000 | 0048 83ec 
  0x000001ddcf670778: ;   {runtime_call}
  0x000001ddcf670778: 0848 b840 | d5b1 1efc | 7f00 00ff | d048 83c4 | 08e9 0c00 

  0x000001ddcf67078c: ;   {runtime_call}
  0x000001ddcf67078c: 0000 48b8 | 40d5 b11e | fc7f 0000 | ffd0 4883 | c420 4159 | 4158 5a49 | 8d8f b803 | 0000 41c7 
  0x000001ddcf6707ac: 8744 0400 | 0004 0000 

  0x000001ddcf6707b4: ;   {runtime_call}
  0x000001ddcf6707b4: 0048 b8e0 | c6a6 aefc | 7f00 00ff | d0c5 f877 | 41c7 8744 | 0400 0005 | 0000 00f0 | 8344 24c0 
  0x000001ddcf6707d4: 0049 3baf | 4804 0000 | 0f87 0e00 | 0000 4183 | bf40 0400 | 0000 0f84 | 2300 0000 | c5f8 7749 
  0x000001ddcf6707f4: 8bcf 4c8b | e448 83ec | 2048 83e4 

  0x000001ddcf670800: ;   {runtime_call}
  0x000001ddcf670800: f048 b8e0 | 4b7d 1efc | 7f00 00ff | d049 8be4 | 4d33 e441 | c787 4404 | 0000 0800 | 0000 4183 
  0x000001ddcf670820: bfc0 0400 | 0002 0f84 | 9400 0000 

  0x000001ddcf67082c: ;   {external_word}
  0x000001ddcf67082c: 49ba cf4d | 081f fc7f | 0000 4180 | 3a00 0f84 | 4400 0000 

  0x000001ddcf670840: ;   {metadata({method} {0x000001de1e666690} 'nglDrawElements' '(IIIJ)V' in 'org/lwjgl/opengl/GL11C')}
  0x000001ddcf670840: 48ba 8866 | 661e de01 | 0000 498b | cf48 83ec | 2040 f6c4 | 0f0f 8419 | 0000 0048 

  0x000001ddcf67085c: ;   {runtime_call}
  0x000001ddcf67085c: 83ec 0848 | b840 d5b1 | 1efc 7f00 | 00ff d048 | 83c4 08e9 | 0c00 0000 

  0x000001ddcf670874: ;   {runtime_call}
  0x000001ddcf670874: 48b8 40d5 | b11e fc7f | 0000 ffd0 | 4883 c420 | 49c7 8798 | 0300 0000 | 0000 0049 | c787 a003 
  0x000001ddcf670894: 0000 0000 | 0000 c5f8 | 7749 8b8f | 2804 0000 | c781 0001 | 0000 0000 | 0000 c949 | 837f 0800 
  0x000001ddcf6708b4: 0f85 0100 

  0x000001ddcf6708b8: ;   {runtime_call StubRoutines (initial stubs)}
  0x000001ddcf6708b8: 0000 c3e9 | 4006 9fff | c5f8 774c | 8be4 4883 | ec20 4883 

  0x000001ddcf6708cc: ;   {runtime_call}
  0x000001ddcf6708cc: e4f0 48b8 | 900c b21e | fc7f 0000 | ffd0 498b | e44d 33e4 | e947 ffff | fff4 f4f4 
[/MachCode]


Compiled method (c2) 48813 1384       4       com.badlogic.gdx.graphics.Mesh::render (324 bytes)
 total in heap  [0x000001ddcf687590,0x000001ddcf68ad38] = 14248
 relocation     [0x000001ddcf6876f0,0x000001ddcf6879a0] = 688
 main code      [0x000001ddcf6879a0,0x000001ddcf6894a0] = 6912
 stub code      [0x000001ddcf6894a0,0x000001ddcf689560] = 192
 oops           [0x000001ddcf689560,0x000001ddcf689568] = 8
 metadata       [0x000001ddcf689568,0x000001ddcf689728] = 448
 scopes data    [0x000001ddcf689728,0x000001ddcf68a400] = 3288
 scopes pcs     [0x000001ddcf68a400,0x000001ddcf68aa80] = 1664
 dependencies   [0x000001ddcf68aa80,0x000001ddcf68aad0] = 80
 handler table  [0x000001ddcf68aad0,0x000001ddcf68ac20] = 336
 nul chk table  [0x000001ddcf68ac20,0x000001ddcf68ad38] = 280

[Constant Pool (empty)]

[MachCode]
[Entry Point]
  # {method} {0x000001de1e6ce968} 'render' '(Lcom/badlogic/gdx/graphics/glutils/ShaderProgram;IIIZ)V' in 'com/badlogic/gdx/graphics/Mesh'
  # this:     rdx:rdx   = 'com/badlogic/gdx/graphics/Mesh'
  # parm0:    r8:r8     = 'com/badlogic/gdx/graphics/glutils/ShaderProgram'
  # parm1:    r9        = int
  # parm2:    rdi       = int
  # parm3:    rsi       = int
  # parm4:    rcx       = boolean
  #           [sp+0x80]  (sp of caller)
  0x000001ddcf6879a0: 448b 5208 | 49bb 0000 | 00dd dd01 | 0000 4d03 | d349 3bc2 

  0x000001ddcf6879b4: ;   {runtime_call ic_miss_stub}
  0x000001ddcf6879b4: 0f85 c66d | a2ff 6690 | 0f1f 4000 
[Verified Entry Point]
  0x000001ddcf6879c0: 8984 2400 | 80ff ff55 | 4883 ec70 | 4181 7f20 | 0100 0000 | 0f85 b81a | 0000 897c | 2418 4489 
  0x000001ddcf6879e0: 4c24 204c | 8944 2430 | 4c8b ca85 | f60f 84e1 | 0f00 0085 | c90f 84f1 | 0f00 0044 | 8b5a 1045 
  0x000001ddcf687a00: 8b53 0849 

  0x000001ddcf687a04: ;   {metadata('com/badlogic/gdx/graphics/glutils/VertexArray')}
  0x000001ddcf687a04: 8bd3 4181 | fa00 9b03 | 010f 851d | 0700 004c | 894c 2408 | 894c 2428 | 8974 2424 | 4533 c949 
  0x000001ddcf687a24: 8be8 6690 

  0x000001ddcf687a28: ;   {optimized virtual_call}
  0x000001ddcf687a28: c5f8 77e8 

  0x000001ddcf687a2c: ; ImmutableOopMap {rbp=Oop [8]=Oop [48]=Oop }
                      ;*invokeinterface bind {reexecute=0 rethrow=0 return_oop=0}
                      ; - com.badlogic.gdx.graphics.Mesh::bind@6 (line 515)
                      ; - com.badlogic.gdx.graphics.Mesh::bind@4 (line 505)
                      ; - com.badlogic.gdx.graphics.Mesh::render@13 (line 620)
  0x000001ddcf687a2c: d03d ffff 

  0x000001ddcf687a30: ;   {other}
  0x000001ddcf687a30: 0f1f 8400 | a004 0000 | 488b 4c24 | 0844 8b51 | 1845 85d2 | 0f85 c60f | 0000 448b | 5114 418b 
  0x000001ddcf687a50: 5a08 4d8b 

  0x000001ddcf687a54: ;   {metadata('com/badlogic/gdx/graphics/glutils/IndexArray')}
  0x000001ddcf687a54: ca81 fb10 | a003 010f | 85e1 0700 | 004d 8bc1 | 450f b658 | 0c45 85db | 0f85 ce13 | 0000 458b 
  0x000001ddcf687a74: 5810 458b | 431c 4585 

  0x000001ddcf687a7c: ;   {metadata('com/badlogic/gdx/graphics/glutils/IndexArray')}
  0x000001ddcf687a7c: c07e 0c81 | fb10 a003 | 010f 8571 

  0x000001ddcf687a88: ;   {oop(a 'java/lang/Class'{0x000000008b202be8} = 'com/badlogic/gdx/Gdx')}
  0x000001ddcf687a88: 0e00 0049 | bbe8 2b20 | 8b00 0000 | 0045 8b83 | 8c00 0000 | 440f b659 | 0d45 85db | 0f84 6608 
  0x000001ddcf687aa8: ;   {metadata('com/badlogic/gdx/graphics/glutils/IndexArray')}
  0x000001ddcf687aa8: 0000 81fb | 10a0 0301 | 0f85 d60d | 0000 450f | b651 0c45 | 85d2 0f85 | b00f 0000 | 458b 5110 
  0x000001ddcf687ac8: ; implicit exception: dispatches to 0x000001ddcf689240
  0x000001ddcf687ac8: 458b 5a1c | 4585 db0f | 8ed3 0e00 | 0041 8b6a | 188b 5c24 | 1841 3bdb | 0f8f ba0f | 0000 85db 
  0x000001ddcf687ae8: 0f8c 0210 | 0000 458b | 4a0c 443b | cb0f 8f41 | 1000 0041 | 895a 1841 

  0x000001ddcf687b00: ;   {metadata('com/badlogic/gdx/backends/lwjgl3/Lwjgl3GL20')}
  0x000001ddcf687b00: 8b78 0881 | ffd0 2703 | 010f 85a9 | 0d00 0045 | 8b42 208b | fb03 7c24 | 2441 3bf8 | 0f8f 6a10 
  0x000001ddcf687b20: 0000 85ff | 0f8c ae10 | 0000 4189 | 7a1c 3bdf | 0f8f ea10 | 0000 443b | cf0f 8f2d | 1100 004d 
  0x000001ddcf687b40: 8b42 1044 | 8bcb 4b8d | 3c48 498b | da41 b903 | 1400 0044 | 8b44 2424 | 4585 c00f | 8ee8 0900 
  0x000001ddcf687b60: 0044 895c | 2418 4489 | 5424 0448 | ff74 2408 | 488f 4424 | 3848 895c | 2410 8b54 | 2420 6690 
  0x000001ddcf687b80: ;   {static_call}
  0x000001ddcf687b80: c5f8 77e8 

  0x000001ddcf687b84: ; ImmutableOopMap {[4]=NarrowOop [16]=Oop [48]=Oop [56]=Oop }
                      ;*invokestatic nglDrawElements {reexecute=0 rethrow=0 return_oop=0}
                      ; - org.lwjgl.opengl.GL11C::glDrawElements@12 (line 586)
                      ; - org.lwjgl.opengl.GL11::glDrawElements@2 (line 1913)
                      ; - com.badlogic.gdx.backends.lwjgl3.Lwjgl3GL20::glDrawElements@49 (line 284)
                      ; - com.badlogic.gdx.graphics.Mesh::render@79 (line 628)
  0x000001ddcf687b84: 588b feff 

  0x000001ddcf687b88: ;   {other}
  0x000001ddcf687b88: 0f1f 8400 | f805 0001 | 448b 5c24 | 0445 8b43 | 2044 8b54 | 2418 453b | d00f 8f11 | 1100 0045 
  0x000001ddcf687ba8: 85d2 0f8c | 4411 0000 | 4589 531c | 458b 4318 | 453b c20f | 8f6b 1100 | 0045 8b43 | 0c45 3bc2 
  0x000001ddcf687bc8: 0f8f 9a11 | 0000 413b | ea0f 8fd1 | 1100 0085 | ed0f 8cf5 | 1100 0044 | 3bc5 0f8f | 1012 0000 
  0x000001ddcf687be8: 4189 6b18 | 4c8b 5424 | 3845 8b5a | 1045 8b53 | 084d 8bc3 

  0x000001ddcf687bfc: ;   {metadata('com/badlogic/gdx/graphics/glutils/VertexArray')}
  0x000001ddcf687bfc: 4181 fa00 | 9b03 010f | 855e 0600 | 004c 8944 | 2418 458b | 5810 458b | 5320 458b | 420c 4585 
  0x000001ddcf687c1c: c00f 8614 | 0200 0048 | 8b74 2430 | 4885 f60f | 84f7 0c00 | 0045 33db | e97b 0200 | 00c4 c179 
  0x000001ddcf687c3c: 7ec0 448b | dd41 895e | 0c66 6666 | 0f1f 8400 | 0000 0000 | c4c1 796e | dac5 797e | ff44 8b57 
  0x000001ddcf687c5c: 1848 63db | 48bf 157c | 4a7f b979 | 379e 480f | afdf c462 | abf7 d345 | 8bd2 418b | 7d0c 443b 
  0x000001ddcf687c7c: d70f 8309 | 0900 0043 | 8b7c 9510 | 85ff 0f84 | 8f04 0000 | c4c1 796e | cbc4 c179 | 6ed0 c4e1 
  0x000001ddcf687c9c: f96e c644 

  0x000001ddcf687ca0: ;   {metadata('java/lang/String')}
  0x000001ddcf687ca0: 8b5f 0841 | 81fb 78e8 | 0000 0f85 | b809 0000 | 488b df4d | 8bde 493b | db0f 84ed | 0000 0044 
  0x000001ddcf687cc0: 0fbe 5b10 | 443b d90f | 855f 0b00 | 0045 8b41 | 0c8b 5b14 | 8b4b 0c41 | 3bc8 0f85 | e809 0000 
  0x000001ddcf687ce0: 4c8b db48 | 8d7b 104d | 8bd9 498d | 7110 85c9 | 0f84 9d00 | 0000 8bc1 | 83e0 1f83 | e1e0 0f84 
  0x000001ddcf687d00: 4b00 0000 | 488d 3c0f | 488d 340e | 48f7 d9c5 | fe6f 2c0f | c5fe 6f24 | 0ec5 d5ef | ecc4 e27d 
  0x000001ddcf687d20: 17ed 0f85 | 7200 0000 | 4883 c120 | 75e1 85c0 | 0f84 5d00 | 0000 c5fe | 6f6c 07e0 | c5fe 6f64 
  0x000001ddcf687d40: 06e0 c5d5 | efec c4e2 | 7d17 ed75 | 4deb 448b | c883 e1fc | 7419 488d | 3c0f 488d | 340e 48f7 
  0x000001ddcf687d60: d98b 1c0f | 3b1c 0e75 | 3148 83c1 | 0475 f2a8 | 0274 120f | b71f 0fb7 | 0e3b d975 | 1d48 8d7f 
  0x000001ddcf687d80: 0248 8d76 | 02a8 0174 | 0a0f b61f | 0fb6 0e3b | d975 07b8 | 0100 0000 | eb02 33c0 | c5d5 efed 
  0x000001ddcf687da0: ;   {no_reloc}
  0x000001ddcf687da0: c5dd efe4 | 85c0 0f84 | 2009 0000 | c4e1 f97e | c6c4 c179 | 7ed0 c4c1 | 797e cb45 | 85d2 0f8c 
  0x000001ddcf687dc0: a409 0000 | c441 797e | f945 8b49 | 2441 8b59 | 0c44 3bd3 | 0f83 0608 | 0000 438b | 5491 1083 
  0x000001ddcf687de0: fafe 0f84 | c809 0000 | 83fa ff0f | 8407 0a00 | 00c4 c179 | 7eda 418b 

  0x000001ddcf687df8: ;   {metadata('com/badlogic/gdx/backends/lwjgl3/Lwjgl3GL20')}
  0x000001ddcf687df8: 4a08 81f9 | d027 0301 | 0f85 2a08 | 0000 4489 | 5c24 0844 | 8944 2404 | 4889 7424 | 3048 8bee 
  0x000001ddcf687e18: ;   {static_call}
  0x000001ddcf687e18: c5f8 77e8 

  0x000001ddcf687e1c: ; ImmutableOopMap {rbp=Oop [24]=Oop [48]=Oop [56]=Oop }
                      ;*invokestatic glDisableVertexAttribArray {reexecute=0 rethrow=0 return_oop=0}
                      ; - org.lwjgl.opengl.GL20::glDisableVertexAttribArray@1 (line 1948)
                      ; - com.badlogic.gdx.backends.lwjgl3.Lwjgl3GL20::glDisableVertexAttribArray@1 (line 271)
                      ; - com.badlogic.gdx.graphics.glutils.ShaderProgram::disableVertexAttribute@22 (line 731)
                      ; - com.badlogic.gdx.graphics.glutils.VertexArray::unbind@34 (line 166)
                      ; - com.badlogic.gdx.graphics.Mesh::unbind@6 (line 535)
                      ; - com.badlogic.gdx.graphics.Mesh::unbind@4 (line 525)
                      ; - com.badlogic.gdx.graphics.Mesh::render@320 (line 657)
  0x000001ddcf687e1c: 4075 fdff 

  0x000001ddcf687e20: ;   {other}
  0x000001ddcf687e20: 0f1f 8400 | 9008 0002 | 448b 5c24 | 0841 ffc3 | 443b 5c24 | 047c 754c | 8b54 2418 | 4588 620c 
  0x000001ddcf687e40: 4c8b 5424 | 3845 8b52 | 1845 85d2 | 0f85 060c | 0000 4c8b | 5424 3845 | 8b52 1445 | 8b42 084d 
  0x000001ddcf687e60: ;   {metadata('com/badlogic/gdx/graphics/glutils/IndexArray')}
  0x000001ddcf687e60: 8bda 4181 | f810 a003 | 010f 857f | 0400 0041 | 0fb6 4b0c | 85c9 0f85 | a80f 0000 | 458b 4b10 
  0x000001ddcf687e80: ; implicit exception: dispatches to 0x000001ddcf6892a8
  0x000001ddcf687e80: 458b 591c | 4585 db7e 

  0x000001ddcf687e88: ;   {metadata('com/badlogic/gdx/graphics/glutils/IndexArray')}
  0x000001ddcf687e88: 0d41 81f8 | 10a0 0301 | 0f85 4e0a | 0000 c5f8 | 7748 83c4 

  0x000001ddcf687e9c: ;   {poll_return}
  0x000001ddcf687e9c: 705d 493b | a748 0400 | 000f 87d1 | 1500 00c3 | 488b f544 | 8b44 2404 | 4c8b 5424 | 1845 8b4a 
  0x000001ddcf687ebc: 1045 8b51 | 2045 8b4a | 0c45 3bd9 | 0f83 8306 | 0000 478b | 549a 1045 | 8b72 280f 

  0x000001ddcf687ed8: ;   {oop(a 'java/lang/Class'{0x000000008b202be8} = 'com/badlogic/gdx/Gdx')}
  0x000001ddcf687ed8: b64e 1d49 | bae8 2b20 | 8b00 0000 | 0045 8b92 | 8c00 0000 | 85c9 0f85 | 2c08 0000 | 8b4e 34c5 
  0x000001ddcf687ef8: 796e f944 | 8b69 2045 | 8b4e 1441 | 0fbe 4e10 | 418b 5e0c | 85db 0f85 | 3cfd ffff | 410f b65e 
  0x000001ddcf687f18: 1185 db0f | 85b7 0500 | 0085 c90f | 8523 0a00 | 0041 8b51 | 0c49 8bd9 | 498d 7910 | 83fa 020f 
  0x000001ddcf687f38: 8ceb 0500 | 0041 8beb | c4c1 796e | c033 db83 | fa20 0f8c | 6801 0000 | 4533 dbc4 | 4135 efc9 
  0x000001ddcf687f58: c441 3def | c0c5 c5ef | ffc5 cdef 

  0x000001ddcf687f64: ;   {external_word}
  0x000001ddcf687f64: f649 b8a0 | 3de9 1efc | 7f00 0041 | 8b00 c579 | 6ed0 c442 | 7d58 d244 | 8bc2 4183 | e0e0 0faf 
  0x000001ddcf687f84: d8c4 a17a | 7e2c 1fc4 | a17a 7e64 | 1f08 c4a1 | 7a7e 5c1f | 10c4 a17a | 7e54 1f18 | c442 3540 
  0x000001ddcf687fa4: cac4 e27d | 31ed c535 | fecd c442 | 3d40 c2c4 | e27d 31e4 | c53d fec4 | c4c2 4540 | fac4 e27d 
  0x000001ddcf687fc4: 31db c5c5 | fefb c4c2 | 4d40 f2c4 | e27d 31d2 | c5cd fef2 | 4183 c320 | 453b d87c | a14a 8d3c 
  0x000001ddcf687fe4: 0741 2bd0 

  0x000001ddcf687fe8: ;   {external_word}
  0x000001ddcf687fe8: 49b8 a43d | e91e fc7f | 0000 c441 | 7e6f 18c4 | 4235 40cb 

  0x000001ddcf687ffc: ;   {external_word}
  0x000001ddcf687ffc: 49b8 c43d | e91e fc7f | 0000 c441 | 7e6f 28c4 | 423d 40c5 

  0x000001ddcf688010: ;   {external_word}
  0x000001ddcf688010: 49b8 e43d | e91e fc7f | 0000 c441 | 7e6f 20c4 | c245 40fc 

  0x000001ddcf688024: ;   {external_word}
  0x000001ddcf688024: 49b8 043e | e91e fc7f | 0000 c4c1 | 7e6f 08c4 | e24d 40f1 | c4c2 3502 | e9c4 e37d | 39ec 01c5 
  0x000001ddcf688044: d1fe ecc4 | e251 02ed | c5f9 6ee3 | c5d1 feec | c5f9 7eeb | c4c2 3d02 | d8c4 e37d | 39da 01c5 
  0x000001ddcf688064: e1fe dac4 | e261 02db | c5f9 6ed3 | c5e1 feda | c5f9 7edb | c4e2 4502 | efc4 e37d | 39ec 01c5 
  0x000001ddcf688084: d1fe ecc4 | e251 02ed | c5f9 6ee3 | c5d1 feec | c5f9 7eeb | c4e2 4d02 | dec4 e37d | 39da 01c5 
  0x000001ddcf6880a4: e1fe dac4 | e261 02db | c5f9 6ed3 | c5e1 feda | c5f9 7edb | 41bb 0100 | 0000 443b | da0f 8d29 
  0x000001ddcf6880c4: 0000 00b8 | c103 0000 | 0faf d846 | 0fb6 441f | ff41 8bc0 | c1e0 0541 | 2bc0 03d8 | 420f b604 
  0x000001ddcf6880e4: 1f03 d841 | 83c3 0244 | 3bda 7cd7 | 7f11 448b | c3c1 e305 | 412b d842 | 0fb6 441f | ff03 d885 
  0x000001ddcf688104: db0f 852e | fbff ffc4 | c179 7ec0 | 448b dd41 | c646 1101 | 33db e931 | fbff ff41 

  0x000001ddcf688120: ;   {no_reloc}
  0x000001ddcf688120: b9ff ffff | ff45 2bca | 458b d1e9 | 8bfc ffff 

  0x000001ddcf688130: ;   {metadata('com/badlogic/gdx/graphics/glutils/VertexBufferObject')}
  0x000001ddcf688130: 4181 fa50 | 3f09 010f | 8573 0d00 | 0048 8bda 

  0x000001ddcf688140: ;   {oop(a 'java/lang/Class'{0x000000008b202be8} = 'com/badlogic/gdx/Gdx')}
  0x000001ddcf688140: 49ba e82b | 208b 0000 | 0000 418b | aa8c 0000 | 0044 8b43 | 0c44 8b5d 

  0x000001ddcf688158: ;   {metadata('com/badlogic/gdx/backends/lwjgl3/Lwjgl3GL20')}
  0x000001ddcf688158: 0841 81fb | d027 0301 | 0f85 860d | 0000 4889 | 5c24 104c | 894c 2408 | 894c 2428 | 8974 2424 
  0x000001ddcf688178: 4c8b dd49 | 8beb ba92 | 8800 0090 

  0x000001ddcf688184: ;   {static_call}
  0x000001ddcf688184: c5f8 77e8 

  0x000001ddcf688188: ; ImmutableOopMap {rbp=Oop [8]=Oop [16]=Oop [48]=Oop }
                      ;*invokestatic glBindBuffer {reexecute=0 rethrow=0 return_oop=0}
                      ; - org.lwjgl.opengl.GL15::glBindBuffer@2 (line 129)
                      ; - com.badlogic.gdx.backends.lwjgl3.Lwjgl3GL20::glBindBuffer@2 (line 80)
                      ; - com.badlogic.gdx.graphics.glutils.VertexBufferObject::bind@11 (line 183)
                      ; - com.badlogic.gdx.graphics.Mesh::bind@6 (line 515)
                      ; - com.badlogic.gdx.graphics.Mesh::bind@4 (line 505)
                      ; - com.badlogic.gdx.graphics.Mesh::render@13 (line 620)
  0x000001ddcf688188: d4d5 feff 

  0x000001ddcf68818c: ;   {other}
  0x000001ddcf68818c: 0f1f 8400 | fc0b 0003 | 4c8b 4c24 | 1045 0fb6 | 5115 4585 | d274 6a45 | 8b51 1c45 | 8b42 1c45 
  0x000001ddcf6881ac: 8b59 2041 | c1e0 0249 | 8bd3 c5f8 | 7748 b878 | f91b dddd 

  0x000001ddcf6881c0: ;   {virtual_call}
  0x000001ddcf6881c0: 0100 00e8 

  0x000001ddcf6881c4: ; ImmutableOopMap {rbp=Oop [8]=Oop [16]=Oop [48]=Oop }
                      ;*invokevirtual limit {reexecute=0 rethrow=0 return_oop=1}
                      ; - com.badlogic.gdx.graphics.glutils.VertexBufferObject::bind@36 (line 185)
                      ; - com.badlogic.gdx.graphics.Mesh::bind@6 (line 515)
                      ; - com.badlogic.gdx.graphics.Mesh::bind@4 (line 505)
                      ; - com.badlogic.gdx.graphics.Mesh::render@13 (line 620)
  0x000001ddcf6881c4: d80b ffff 

  0x000001ddcf6881c8: ;   {other}
  0x000001ddcf6881c8: 0f1f 8400 | 380c 0004 | 4c8b 5c24 | 1045 8b53 | 2045 8b4a | 1c41 8b73 | 1049 8bfa | 488b d541 
  0x000001ddcf6881e8: b892 8800 | 0048 8b6c | 2408 6690 

  0x000001ddcf6881f4: ;   {optimized virtual_call}
  0x000001ddcf6881f4: c5f8 77e8 

  0x000001ddcf6881f8: ; ImmutableOopMap {rbp=Oop [8]=Oop [16]=Oop [48]=Oop }
                      ;*invokeinterface glBufferData {reexecute=0 rethrow=0 return_oop=0}
                      ; - com.badlogic.gdx.graphics.glutils.VertexBufferObject::bind@58 (line 186)
                      ; - com.badlogic.gdx.graphics.Mesh::bind@6 (line 515)
                      ; - com.badlogic.gdx.graphics.Mesh::bind@4 (line 505)
                      ; - com.badlogic.gdx.graphics.Mesh::render@13 (line 620)
  0x000001ddcf6881f8: 84b3 73f8 

  0x000001ddcf6881fc: ;   {other}
  0x000001ddcf6881fc: 0f1f 8400 | 6c0c 0005 | 4c8b 4c24 | 1045 8861 | 1545 8b51 | 1845 8b42 | 2041 8b68 | 0c85 ed76 
  0x000001ddcf68821c: 1b4c 8b5c | 2430 4d85 | db0f 84dd | 0d00 0045 | 33c0 e9cc | 0100 004c | 8b4c 2410 | 41c6 4116 
  0x000001ddcf68823c: 01e9 f6f7 

  0x000001ddcf688240: ;   {metadata('com/badlogic/gdx/graphics/glutils/IndexBufferObject')}
  0x000001ddcf688240: ffff 81fb | 7042 0901 | 0f85 de0c | 0000 4d8b | d945 0fb6 | 4318 4585 | c00f 8480 | 0200 0045 
  0x000001ddcf688260: 33c0 e913 

  0x000001ddcf688264: ;   {metadata('com/badlogic/gdx/graphics/glutils/VertexBufferObject')}
  0x000001ddcf688264: f8ff ff41 | 81fa 503f | 0901 0f85 | f80c 0000 | 4d8b d04c | 8954 2418 | 458b 5218 

  0x000001ddcf688280: ; implicit exception: dispatches to 0x000001ddcf6893a0
  0x000001ddcf688280: 458b 4220 

  0x000001ddcf688284: ; implicit exception: dispatches to 0x000001ddcf6893b8
  0x000001ddcf688284: 458b 480c 

  0x000001ddcf688288: ;   {oop(a 'java/lang/Class'{0x000000008b202be8} = 'com/badlogic/gdx/Gdx')}
  0x000001ddcf688288: 49bb e82b | 208b 0000 | 0000 418b | ab8c 0000 | 0045 85c9 | 7616 4c8b | 5c24 304d | 85db 0f84 
  0x000001ddcf6882a8: 8c0d 0000 | 4533 c0e9 | bf01 0000 

  0x000001ddcf6882b4: ; implicit exception: dispatches to 0x000001ddcf6893d0
  0x000001ddcf6882b4: 448b 5d08 

  0x000001ddcf6882b8: ;   {metadata('com/badlogic/gdx/backends/lwjgl3/Lwjgl3GL20')}
  0x000001ddcf6882b8: 4181 fbd0 | 2703 010f | 85df 0c00 | 00ba 9288 | 0000 4533 | c066 6690 

  0x000001ddcf6882d0: ;   {static_call}
  0x000001ddcf6882d0: c5f8 77e8 

  0x000001ddcf6882d4: ; ImmutableOopMap {[24]=Oop [48]=Oop [56]=Oop }
                      ;*invokestatic glBindBuffer {reexecute=0 rethrow=0 return_oop=0}
                      ; - org.lwjgl.opengl.GL15::glBindBuffer@2 (line 129)
                      ; - com.badlogic.gdx.backends.lwjgl3.Lwjgl3GL20::glBindBuffer@2 (line 80)
                      ; - com.badlogic.gdx.graphics.glutils.VertexBufferObject::unbind@89 (line 238)
                      ; - com.badlogic.gdx.graphics.Mesh::unbind@6 (line 535)
                      ; - com.badlogic.gdx.graphics.Mesh::unbind@4 (line 525)
                      ; - com.badlogic.gdx.graphics.Mesh::render@320 (line 657)
  0x000001ddcf6882d4: 88d4 feff 

  0x000001ddcf6882d8: ;   {other}
  0x000001ddcf6882d8: 0f1f 8400 | 480d 0006 | 4c8b 5424 | 1845 8862 | 16e9 52fb 

  0x000001ddcf6882ec: ;   {metadata('com/badlogic/gdx/graphics/glutils/IndexBufferObject')}
  0x000001ddcf6882ec: ffff 4181 | f870 4209 | 010f 858d | 0c00 0041 | 0fb6 4b18 | 85c9 0f84 | e401 0000 | 4533 dbe9 
  0x000001ddcf68830c: 74fb ffff | 0fb6 690e | 85ed 0f85 | 380d 0000 

  0x000001ddcf68831c: ;   {metadata('com/badlogic/gdx/graphics/glutils/IndexBufferObject')}
  0x000001ddcf68831c: 81fb 7042 | 0901 0f85 | 940c 0000 | 450f b651 | 1845 85d2 | 0f84 c301 | 0000 458b 

  0x000001ddcf688338: ;   {metadata('com/badlogic/gdx/backends/lwjgl3/Lwjgl3GL20')}
  0x000001ddcf688338: 5008 4181 | fad0 2703 | 010f 85a1 | 0c00 0048 | ff74 2408 | 488f 4424 | 388b 5424 | 2044 8b44 
  0x000001ddcf688358: 2418 448b | 4c24 2490 

  0x000001ddcf688360: ;   {static_call}
  0x000001ddcf688360: c5f8 77e8 

  0x000001ddcf688364: ; ImmutableOopMap {[8]=Oop [48]=Oop [56]=Oop }
                      ;*invokestatic glDrawArrays {reexecute=0 rethrow=0 return_oop=0}
                      ; - com.badlogic.gdx.backends.lwjgl3.Lwjgl3GL20::glDrawArrays@3 (line 275)
                      ; - com.badlogic.gdx.graphics.Mesh::render@308 (line 652)
  0x000001ddcf688364: b80e 0500 

  0x000001ddcf688368: ;   {other}
  0x000001ddcf688368: 0f1f 8400 | d80d 0007 | e977 f8ff | ff89 4424 | 1c48 8b54 | 2430 448b | c066 6690 

  0x000001ddcf688384: ;   {optimized virtual_call}
  0x000001ddcf688384: c5f8 77e8 

  0x000001ddcf688388: ; ImmutableOopMap {[8]=Oop [16]=Oop [48]=Oop [56]=Oop }
                      ;*invokevirtual enableVertexAttribute {reexecute=0 rethrow=0 return_oop=0}
                      ; - com.badlogic.gdx.graphics.glutils.VertexBufferObject::bind@124 (line 196)
                      ; - com.badlogic.gdx.graphics.Mesh::bind@6 (line 515)
                      ; - com.badlogic.gdx.graphics.Mesh::bind@4 (line 505)
                      ; - com.badlogic.gdx.graphics.Mesh::render@13 (line 620)
  0x000001ddcf688388: 54a3 0000 

  0x000001ddcf68838c: ;   {other}
  0x000001ddcf68838c: 0f1f 8400 | fc0d 0008 | 4c8b 5424 | 1045 8b5a | 1841 8b4b | 0c4c 8b54 | 2438 458b | 5a18 458b 
  0x000001ddcf6883ac: 4a10 418b | 7a14 410f | b672 2448 | 8b54 2430 | 448b 4424 | 1c44 891c | 2466 6690 

  0x000001ddcf6883c8: ;   {optimized virtual_call}
  0x000001ddcf6883c8: c5f8 77e8 

  0x000001ddcf6883cc: ; ImmutableOopMap {[8]=Oop [16]=Oop [48]=Oop }
                      ;*invokevirtual setVertexAttribute {reexecute=0 rethrow=0 return_oop=0}
                      ; - com.badlogic.gdx.graphics.glutils.VertexBufferObject::bind@157 (line 198)
                      ; - com.badlogic.gdx.graphics.Mesh::bind@6 (line 515)
                      ; - com.badlogic.gdx.graphics.Mesh::bind@4 (line 505)
                      ; - com.badlogic.gdx.graphics.Mesh::render@13 (line 620)
  0x000001ddcf6883cc: 10ae 0400 

  0x000001ddcf6883d0: ;   {other}
  0x000001ddcf6883d0: 0f1f 8400 | 400e 0009 | 0f1f 8400 | 0000 0000 | 448b 4424 | 0441 ffc0 | 443b c50f | 8d42 feff 
  0x000001ddcf6883f0: ff4c 8b4c | 2410 458b | 5118 4c8b | 5c24 3045 | 85d2 0f84 | 780a 0000 | 4489 4424 | 044c 894c 
  0x000001ddcf688410: 2410 4c89 | 5c24 3049 | 8bd2 6690 

  0x000001ddcf68841c: ;   {optimized virtual_call}
  0x000001ddcf68841c: c5f8 77e8 

  0x000001ddcf688420: ; ImmutableOopMap {[8]=Oop [16]=Oop [48]=Oop }
                      ;*invokevirtual get {reexecute=0 rethrow=0 return_oop=1}
                      ; - com.badlogic.gdx.graphics.glutils.VertexBufferObject::bind@97 (line 193)
                      ; - com.badlogic.gdx.graphics.Mesh::bind@6 (line 515)
                      ; - com.badlogic.gdx.graphics.Mesh::bind@4 (line 505)
                      ; - com.badlogic.gdx.graphics.Mesh::render@13 (line 620)
  0x000001ddcf688420: 9c8c feff 

  0x000001ddcf688424: ;   {other}
  0x000001ddcf688424: 0f1f 8400 | 940e 000a 

  0x000001ddcf68842c: ; implicit exception: dispatches to 0x000001ddcf689311
  0x000001ddcf68842c: 448b 5028 | 4889 4424 | 384d 8bc2 | 488b 5424 | 3066 6690 

  0x000001ddcf688440: ;   {optimized virtual_call}
  0x000001ddcf688440: c5f8 77e8 

  0x000001ddcf688444: ; ImmutableOopMap {[8]=Oop [16]=Oop [48]=Oop [56]=Oop }
                      ;*invokevirtual getAttributeLocation {reexecute=0 rethrow=0 return_oop=0}
                      ; - com.badlogic.gdx.graphics.glutils.VertexBufferObject::bind@108 (line 194)
                      ; - com.badlogic.gdx.graphics.Mesh::bind@6 (line 515)
                      ; - com.badlogic.gdx.graphics.Mesh::bind@4 (line 505)
                      ; - com.badlogic.gdx.graphics.Mesh::render@13 (line 620)
  0x000001ddcf688444: 58dd feff 

  0x000001ddcf688448: ;   {other}
  0x000001ddcf688448: 0f1f 8400 | b80e 000b | 85c0 0f8d | 1dff ffff | eb86 660f | 1f44 0000 | 4c8b 5424 | 1845 8b52 
  0x000001ddcf688468: 184c 8b5c | 2410 448b | 4c24 0445 | 85d2 0f84 | 1c0a 0000 | 4489 4424 | 0844 894c | 2404 4c89 
  0x000001ddcf688488: 5c24 3049 | 8bd2 4c89 | 5c24 104c | 895c 2420 

  0x000001ddcf688498: ;   {optimized virtual_call}
  0x000001ddcf688498: c5f8 77e8 

  0x000001ddcf68849c: ; ImmutableOopMap {rbp=NarrowOop [16]=Oop [24]=Oop [32]=Oop [48]=Oop [56]=Oop }
                      ;*invokevirtual get {reexecute=0 rethrow=0 return_oop=1}
                      ; - com.badlogic.gdx.graphics.glutils.VertexBufferObject::unbind@34 (line 230)
                      ; - com.badlogic.gdx.graphics.Mesh::unbind@6 (line 535)
                      ; - com.badlogic.gdx.graphics.Mesh::unbind@4 (line 525)
                      ; - com.badlogic.gdx.graphics.Mesh::render@320 (line 657)
  0x000001ddcf68849c: 208c feff 

  0x000001ddcf6884a0: ;   {other}
  0x000001ddcf6884a0: 0f1f 8400 | 100f 000c 

  0x000001ddcf6884a8: ; implicit exception: dispatches to 0x000001ddcf689328
  0x000001ddcf6884a8: 448b 5028 | 4d8b c248 | 8b54 2410 

  0x000001ddcf6884b4: ;   {optimized virtual_call}
  0x000001ddcf6884b4: c5f8 77e8 

  0x000001ddcf6884b8: ; ImmutableOopMap {rbp=NarrowOop [16]=Oop [24]=Oop [48]=Oop [56]=Oop }
                      ;*invokevirtual disableVertexAttribute {reexecute=0 rethrow=0 return_oop=0}
                      ; - com.badlogic.gdx.graphics.glutils.VertexBufferObject::unbind@40 (line 230)
                      ; - com.badlogic.gdx.graphics.Mesh::unbind@6 (line 535)
                      ; - com.badlogic.gdx.graphics.Mesh::unbind@4 (line 525)
                      ; - com.badlogic.gdx.graphics.Mesh::render@320 (line 657)
  0x000001ddcf6884b8: 8470 ffff 

  0x000001ddcf6884bc: ;   {other}
  0x000001ddcf6884bc: 0f1f 8400 | 2c0f 000d | 448b 4424 | 0841 ffc0 | 443b 4424 | 047c 8de9 | dcfd ffff | 33db e971 
  0x000001ddcf6884dc: f7ff ff45 | 8b43 1c45 | 8b40 1ce9 | 8ef5 ffff | 458b 4b1c 

  0x000001ddcf6884f0: ; implicit exception: dispatches to 0x000001ddcf68944c
  0x000001ddcf6884f0: 458b 591c | e98b f9ff | ff45 8b51 | 1c41 8b6a | 1c85 ed0f | 8e2d feff | ffba 45ff | ffff 448b 
  0x000001ddcf688510: 5424 2044 | 8954 2404 

  0x000001ddcf688518: ;   {runtime_call UncommonTrapBlob}
  0x000001ddcf688518: c5f8 77e8 

  0x000001ddcf68851c: ; ImmutableOopMap {[8]=Oop [48]=Oop }
                      ;*ifle {reexecute=1 rethrow=0 return_oop=0}
                      ; - (reexecute) com.badlogic.gdx.graphics.Mesh::render@140 (line 637)
  0x000001ddcf68851c: 60be a2ff 

  0x000001ddcf688520: ;   {other}
  0x000001ddcf688520: 0f1f 8400 | 900f 000e | 83fa 010f | 85e2 fbff | ff85 d20f | 863b 0b00 | 000f b61f | 85db 0f85 
  0x000001ddcf688540: fdf6 ffff | e9ca fbff | ff45 33c0 | e910 f6ff | ffba e4ff | ffff 4c8b | 4c24 184c | 894c 2410 
  0x000001ddcf688560: 4889 7424 | 1844 8944 | 2404 4889 | 7424 2844 | 8954 2424 | 4489 5c24 | 3066 6690 

  0x000001ddcf68857c: ;   {runtime_call UncommonTrapBlob}
  0x000001ddcf68857c: c5f8 77e8 

  0x000001ddcf688580: ; ImmutableOopMap {[16]=Oop [24]=Oop [36]=NarrowOop [40]=Oop [56]=Oop }
                      ;*aaload {reexecute=0 rethrow=0 return_oop=0}
                      ; - com.badlogic.gdx.graphics.VertexAttributes::get@5 (line 116)
                      ; - com.badlogic.gdx.graphics.glutils.VertexArray::unbind@28 (line 166)
                      ; - com.badlogic.gdx.graphics.Mesh::unbind@6 (line 535)
                      ; - com.badlogic.gdx.graphics.Mesh::unbind@4 (line 525)
                      ; - com.badlogic.gdx.graphics.Mesh::render@320 (line 657)
  0x000001ddcf688580: fcbd a2ff 

  0x000001ddcf688584: ;   {other}
  0x000001ddcf688584: 0f1f 8400 | f40f 000f | bae4 ffff | ff48 8b6c | 2438 4c8b | 4c24 184c | 894c 2410 | 4889 7424 
  0x000001ddcf6885a4: 1844 8944 | 2404 4489 | 5c24 2048 | 8974 2428 | c5fa 115c | 2434 c57a | 117c 243c | 4489 7424 
  0x000001ddcf6885c4: 4044 896c | 244c 4489 | 5424 5090 

  0x000001ddcf6885d0: ;   {runtime_call UncommonTrapBlob}
  0x000001ddcf6885d0: c5f8 77e8 

  0x000001ddcf6885d4: ; ImmutableOopMap {rbp=Oop [16]=Oop [24]=Oop [40]=Oop [52]=NarrowOop [60]=NarrowOop [64]=NarrowOop [76]=NarrowOop }
                      ;*aaload {reexecute=0 rethrow=0 return_oop=0}
                      ; - com.badlogic.gdx.utils.ObjectIntMap::locateKey@27 (line 129)
                      ; - com.badlogic.gdx.utils.ObjectIntMap::get@2 (line 187)
                      ; - com.badlogic.gdx.graphics.glutils.ShaderProgram::fetchAttributeLocation@11 (line 286)
                      ; - com.badlogic.gdx.graphics.glutils.ShaderProgram::disableVertexAttribute@10 (line 729)
                      ; - com.badlogic.gdx.graphics.glutils.VertexArray::unbind@34 (line 166)
                      ; - com.badlogic.gdx.graphics.Mesh::unbind@6 (line 535)
                      ; - com.badlogic.gdx.graphics.Mesh::unbind@4 (line 525)
                      ; - com.badlogic.gdx.graphics.Mesh::render@320 (line 657)
  0x000001ddcf6885d4: a8bd a2ff 

  0x000001ddcf6885d8: ;   {other}
  0x000001ddcf6885d8: 0f1f 8400 | 4810 0010 | bae4 ffff | ff48 8b6c | 2438 488b | 4c24 1848 | 894c 2410 | 4889 7424 
  0x000001ddcf6885f8: 1844 8944 | 2404 4489 | 5c24 2048 | 8974 2428 | 4489 7424 | 30c5 fa11 | 5c24 3444 | 894c 2438 
  0x000001ddcf688618: 4489 5424 | 3c66 6690 

  0x000001ddcf688620: ;   {runtime_call UncommonTrapBlob}
  0x000001ddcf688620: c5f8 77e8 

  0x000001ddcf688624: ; ImmutableOopMap {rbp=Oop [16]=Oop [24]=Oop [40]=Oop [48]=NarrowOop [52]=NarrowOop [56]=NarrowOop }
                      ;*iaload {reexecute=0 rethrow=0 return_oop=0}
                      ; - com.badlogic.gdx.utils.ObjectIntMap::get@19 (line 188)
                      ; - com.badlogic.gdx.graphics.glutils.ShaderProgram::fetchAttributeLocation@11 (line 286)
                      ; - com.badlogic.gdx.graphics.glutils.ShaderProgram::disableVertexAttribute@10 (line 729)
                      ; - com.badlogic.gdx.graphics.glutils.VertexArray::unbind@34 (line 166)
                      ; - com.badlogic.gdx.graphics.Mesh::unbind@6 (line 535)
                      ; - com.badlogic.gdx.graphics.Mesh::unbind@4 (line 525)
                      ; - com.badlogic.gdx.graphics.Mesh::render@320 (line 657)
  0x000001ddcf688624: 58bd a2ff 

  0x000001ddcf688628: ;   {other}
  0x000001ddcf688628: 0f1f 8400 | 9810 0011 | 4c8b 4c24 | 184c 894c | 2410 4889 | 7424 1844 | 8944 2404 | 4489 5c24 
  0x000001ddcf688648: 2044 8954 | 2424 8954 | 2428 bade | ffff ff90 

  0x000001ddcf688658: ;   {runtime_call UncommonTrapBlob}
  0x000001ddcf688658: c5f8 77e8 

  0x000001ddcf68865c: ; ImmutableOopMap {[16]=Oop [24]=Oop [36]=NarrowOop [56]=Oop }
                      ;*invokeinterface glDisableVertexAttribArray {reexecute=0 rethrow=0 return_oop=0}
                      ; - com.badlogic.gdx.graphics.glutils.ShaderProgram::disableVertexAttribute@22 (line 731)
                      ; - com.badlogic.gdx.graphics.glutils.VertexArray::unbind@34 (line 166)
                      ; - com.badlogic.gdx.graphics.Mesh::unbind@6 (line 535)
                      ; - com.badlogic.gdx.graphics.Mesh::unbind@4 (line 525)
                      ; - com.badlogic.gdx.graphics.Mesh::render@320 (line 657)
  0x000001ddcf68865c: 20bd a2ff 

  0x000001ddcf688660: ;   {other}
  0x000001ddcf688660: 0f1f 8400 | d010 0012 | bade ffff | ff48 8b6c | 2438 4c8b | 5c24 184c | 895c 2410 | 4889 7424 
  0x000001ddcf688680: 1844 8944 | 2404 c5fa | 114c 2420 | 4889 7424 | 28c5 fa11 | 5c24 34c5 | 7a11 7c24 | 3c44 8974 
  0x000001ddcf6886a0: 2440 4489 | 6c24 4444 | 8954 2448 | 897c 244c | 4489 7424 | 5066 6690 

  0x000001ddcf6886b8: ;   {runtime_call UncommonTrapBlob}
  0x000001ddcf6886b8: c5f8 77e8 

  0x000001ddcf6886bc: ; ImmutableOopMap {rbp=Oop [16]=Oop [24]=Oop [40]=Oop [52]=NarrowOop [60]=NarrowOop [64]=NarrowOop [68]=NarrowOop [76]=NarrowOop [80]=NarrowOop }
                      ;*invokevirtual equals {reexecute=0 rethrow=0 return_oop=0}
                      ; - com.badlogic.gdx.utils.ObjectIntMap::locateKey@43 (line 131)
                      ; - com.badlogic.gdx.utils.ObjectIntMap::get@2 (line 187)
                      ; - com.badlogic.gdx.graphics.glutils.ShaderProgram::fetchAttributeLocation@11 (line 286)
                      ; - com.badlogic.gdx.graphics.glutils.ShaderProgram::disableVertexAttribute@10 (line 729)
                      ; - com.badlogic.gdx.graphics.glutils.VertexArray::unbind@34 (line 166)
                      ; - com.badlogic.gdx.graphics.Mesh::unbind@6 (line 535)
                      ; - com.badlogic.gdx.graphics.Mesh::unbind@4 (line 525)
                      ; - com.badlogic.gdx.graphics.Mesh::render@320 (line 657)
  0x000001ddcf6886bc: c0bc a2ff 

  0x000001ddcf6886c0: ;   {other}
  0x000001ddcf6886c0: 0f1f 8400 | 3011 0013 | 33ed eb02 | 8be8 ba45 | ffff ff4c | 8b5c 2438 | 4c89 5c24 | 08c5 fb11 
  0x000001ddcf6886e0: 4424 20c5 | fa11 5424 | 04c5 fa11 | 4c24 28c5 | fb11 4424 | 30c5 fa11 | 5c24 3cc5 | 7a11 7c24 
  0x000001ddcf688700: 4444 8974 | 2448 4489 | 6c24 4c44 | 8954 2450 

  0x000001ddcf688710: ;   {runtime_call UncommonTrapBlob}
  0x000001ddcf688710: c5f8 77e8 

  0x000001ddcf688714: ; ImmutableOopMap {[8]=Oop [24]=Oop [32]=Oop [48]=Oop [60]=NarrowOop [68]=NarrowOop [72]=NarrowOop [76]=NarrowOop }
                      ;*ifeq {reexecute=1 rethrow=0 return_oop=0}
                      ; - (reexecute) com.badlogic.gdx.utils.ObjectIntMap::locateKey@46 (line 131)
                      ; - com.badlogic.gdx.utils.ObjectIntMap::get@2 (line 187)
                      ; - com.badlogic.gdx.graphics.glutils.ShaderProgram::fetchAttributeLocation@11 (line 286)
                      ; - com.badlogic.gdx.graphics.glutils.ShaderProgram::disableVertexAttribute@10 (line 729)
                      ; - com.badlogic.gdx.graphics.glutils.VertexArray::unbind@34 (line 166)
                      ; - com.badlogic.gdx.graphics.Mesh::unbind@6 (line 535)
                      ; - com.badlogic.gdx.graphics.Mesh::unbind@4 (line 525)
                      ; - com.badlogic.gdx.graphics.Mesh::render@320 (line 657)
  0x000001ddcf688714: 68bc a2ff 

  0x000001ddcf688718: ;   {other}
  0x000001ddcf688718: 0f1f 8400 | 8811 0014 | ba45 ffff | ff48 8b6c | 2438 4c8b | 4c24 184c | 894c 2410 | 4889 7424 
  0x000001ddcf688738: 1844 8944 | 2404 4489 | 5c24 2048 | 8974 2428 | 4489 7424 | 2444 8954 | 2430 894c | 2434 6690 
  0x000001ddcf688758: ;   {runtime_call UncommonTrapBlob}
  0x000001ddcf688758: c5f8 77e8 

  0x000001ddcf68875c: ; ImmutableOopMap {rbp=Oop [16]=Oop [24]=Oop [36]=NarrowOop [40]=Oop [48]=NarrowOop }
                      ;*ifeq {reexecute=1 rethrow=0 return_oop=0}
                      ; - (reexecute) com.badlogic.gdx.graphics.glutils.ShaderProgram::checkManaged@4 (line 758)
                      ; - com.badlogic.gdx.graphics.glutils.ShaderProgram::disableVertexAttribute@5 (line 728)
                      ; - com.badlogic.gdx.graphics.glutils.VertexArray::unbind@34 (line 166)
                      ; - com.badlogic.gdx.graphics.Mesh::unbind@6 (line 535)
                      ; - com.badlogic.gdx.graphics.Mesh::unbind@4 (line 525)
                      ; - com.badlogic.gdx.graphics.Mesh::render@320 (line 657)
  0x000001ddcf68875c: 20bc a2ff 

  0x000001ddcf688760: ;   {other}
  0x000001ddcf688760: 0f1f 8400 | d011 0015 | ba45 ffff | ff48 8b6c | 2438 4c8b | 4c24 184c | 894c 2410 | 4889 7424 
  0x000001ddcf688780: 1844 8944 | 2404 4489 | 5c24 2048 | 8974 2428 | 4489 7424 | 30c5 fa11 | 5c24 3444 | 8954 2438 
  0x000001ddcf6887a0: ;   {runtime_call UncommonTrapBlob}
  0x000001ddcf6887a0: c5f8 77e8 

  0x000001ddcf6887a4: ; ImmutableOopMap {rbp=Oop [16]=Oop [24]=Oop [40]=Oop [48]=NarrowOop [52]=NarrowOop }
                      ;*ifge {reexecute=1 rethrow=0 return_oop=0}
                      ; - (reexecute) com.badlogic.gdx.utils.ObjectIntMap::get@7 (line 188)
                      ; - com.badlogic.gdx.graphics.glutils.ShaderProgram::fetchAttributeLocation@11 (line 286)
                      ; - com.badlogic.gdx.graphics.glutils.ShaderProgram::disableVertexAttribute@10 (line 729)
                      ; - com.badlogic.gdx.graphics.glutils.VertexArray::unbind@34 (line 166)
                      ; - com.badlogic.gdx.graphics.Mesh::unbind@6 (line 535)
                      ; - com.badlogic.gdx.graphics.Mesh::unbind@4 (line 525)
                      ; - com.badlogic.gdx.graphics.Mesh::render@320 (line 657)
  0x000001ddcf6887a4: d8bb a2ff 

  0x000001ddcf6887a8: ;   {other}
  0x000001ddcf6887a8: 0f1f 8400 | 1812 0016 | 488b 6c24 | 384c 8b54 | 2418 4c89 | 5424 1048 | 8974 2418 | 4489 4424 
  0x000001ddcf6887c8: 0444 895c | 2420 4889 | 7424 2844 | 8974 2430 | c5fa 115c | 2434 8954 | 2438 ba45 | ffff ff90 
  0x000001ddcf6887e8: ;   {runtime_call UncommonTrapBlob}
  0x000001ddcf6887e8: c5f8 77e8 

  0x000001ddcf6887ec: ; ImmutableOopMap {rbp=Oop [16]=Oop [24]=Oop [40]=Oop [48]=NarrowOop [52]=NarrowOop }
                      ;*if_icmpne {reexecute=1 rethrow=0 return_oop=0}
                      ; - (reexecute) com.badlogic.gdx.graphics.glutils.ShaderProgram::fetchAttributeLocation@18 (line 286)
                      ; - com.badlogic.gdx.graphics.glutils.ShaderProgram::disableVertexAttribute@10 (line 729)
                      ; - com.badlogic.gdx.graphics.glutils.VertexArray::unbind@34 (line 166)
                      ; - com.badlogic.gdx.graphics.Mesh::unbind@6 (line 535)
                      ; - com.badlogic.gdx.graphics.Mesh::unbind@4 (line 525)
                      ; - com.badlogic.gdx.graphics.Mesh::render@320 (line 657)
  0x000001ddcf6887ec: 90bb a2ff 

  0x000001ddcf6887f0: ;   {other}
  0x000001ddcf6887f0: 0f1f 8400 | 6012 0017 | 4c8b 5424 | 184c 8954 | 2410 4889 | 7424 1844 | 8944 2404 | 4489 5c24 
  0x000001ddcf688810: 2089 5424 | 24ba 45ff | ffff 6690 

  0x000001ddcf68881c: ;   {runtime_call UncommonTrapBlob}
  0x000001ddcf68881c: c5f8 77e8 

  0x000001ddcf688820: ; ImmutableOopMap {[16]=Oop [24]=Oop [56]=Oop }
                      ;*if_icmpne {reexecute=1 rethrow=0 return_oop=0}
                      ; - (reexecute) com.badlogic.gdx.graphics.glutils.ShaderProgram::disableVertexAttribute@16 (line 730)
                      ; - com.badlogic.gdx.graphics.glutils.VertexArray::unbind@34 (line 166)
                      ; - com.badlogic.gdx.graphics.Mesh::unbind@6 (line 535)
                      ; - com.badlogic.gdx.graphics.Mesh::unbind@4 (line 525)
                      ; - com.badlogic.gdx.graphics.Mesh::render@320 (line 657)
  0x000001ddcf688820: 5cbb a2ff 

  0x000001ddcf688824: ;   {other}
  0x000001ddcf688824: 0f1f 8400 | 9412 0018 | ba45 ffff | ff48 8b6c | 2438 4c8b | 4424 184c | 8944 2410 | 4889 7424 
  0x000001ddcf688844: 18c5 fa11 | 5424 04c5 | fa11 4c24 | 2048 8974 | 2428 c5fa | 115c 2434 | c57a 117c | 243c 4489 
  0x000001ddcf688864: 7424 4044 | 896c 2444 | 4489 5424 | 4844 895c | 244c 894c | 2450 6690 

  0x000001ddcf68887c: ;   {runtime_call UncommonTrapBlob}
  0x000001ddcf68887c: c5f8 77e8 

  0x000001ddcf688880: ; ImmutableOopMap {rbp=Oop [16]=Oop [24]=Oop [40]=Oop [52]=NarrowOop [60]=NarrowOop [64]=NarrowOop [68]=NarrowOop }
                      ;*if_icmpne {reexecute=1 rethrow=0 return_oop=0}
                      ; - (reexecute) java.lang.String::equals@33 (line 1861)
                      ; - com.badlogic.gdx.utils.ObjectIntMap::locateKey@43 (line 131)
                      ; - com.badlogic.gdx.utils.ObjectIntMap::get@2 (line 187)
                      ; - com.badlogic.gdx.graphics.glutils.ShaderProgram::fetchAttributeLocation@11 (line 286)
                      ; - com.badlogic.gdx.graphics.glutils.ShaderProgram::disableVertexAttribute@10 (line 729)
                      ; - com.badlogic.gdx.graphics.glutils.VertexArray::unbind@34 (line 166)
                      ; - com.badlogic.gdx.graphics.Mesh::unbind@6 (line 535)
                      ; - com.badlogic.gdx.graphics.Mesh::unbind@4 (line 525)
                      ; - com.badlogic.gdx.graphics.Mesh::render@320 (line 657)
  0x000001ddcf688880: fcba a2ff 

  0x000001ddcf688884: ;   {other}
  0x000001ddcf688884: 0f1f 8400 | f412 0019 | bade ffff | ff48 8b6c | 2408 448b | 5c24 1844 | 895c 2410 | 4489 5424 
  0x000001ddcf6888a4: 1c66 6690 

  0x000001ddcf6888a8: ;   {runtime_call UncommonTrapBlob}
  0x000001ddcf6888a8: c5f8 77e8 

  0x000001ddcf6888ac: ; ImmutableOopMap {rbp=Oop [28]=NarrowOop [48]=Oop }
                      ;*invokeinterface getNumIndices {reexecute=0 rethrow=0 return_oop=0}
                      ; - com.badlogic.gdx.graphics.Mesh::render@27 (line 623)
  0x000001ddcf6888ac: d0ba a2ff 

  0x000001ddcf6888b0: ;   {other}
  0x000001ddcf6888b0: 0f1f 8400 | 2013 001a | bade ffff | ff44 8b5c | 2428 4489 | 5c24 0444 | 8944 241c | 4489 5424 
  0x000001ddcf6888d0: 2866 6690 

  0x000001ddcf6888d4: ;   {runtime_call UncommonTrapBlob}
  0x000001ddcf6888d4: c5f8 77e8 

  0x000001ddcf6888d8: ; ImmutableOopMap {[8]=Oop [28]=NarrowOop [40]=NarrowOop [48]=Oop }
                      ;*invokeinterface glDrawElements {reexecute=0 rethrow=0 return_oop=0}
                      ; - com.badlogic.gdx.graphics.Mesh::render@79 (line 628)
  0x000001ddcf6888d8: a4ba a2ff 

  0x000001ddcf6888dc: ;   {other}
  0x000001ddcf6888dc: 0f1f 8400 | 4c13 001b | bade ffff | ff41 8bea 

  0x000001ddcf6888ec: ;   {runtime_call UncommonTrapBlob}
  0x000001ddcf6888ec: c5f8 77e8 

  0x000001ddcf6888f0: ; ImmutableOopMap {rbp=NarrowOop }
                      ;*invokeinterface unbind {reexecute=0 rethrow=0 return_oop=0}
                      ; - com.badlogic.gdx.graphics.Mesh::unbind@57 (line 537)
                      ; - com.badlogic.gdx.graphics.Mesh::unbind@4 (line 525)
                      ; - com.badlogic.gdx.graphics.Mesh::render@320 (line 657)
  0x000001ddcf6888f0: 8cba a2ff 

  0x000001ddcf6888f4: ;   {other}
  0x000001ddcf6888f4: 0f1f 8400 | 6413 001c | bade ffff | ff48 8b6c | 2408 448b | 5c24 1844 | 895c 2410 | 4489 5424 
  0x000001ddcf688914: 1c66 6690 

  0x000001ddcf688918: ;   {runtime_call UncommonTrapBlob}
  0x000001ddcf688918: c5f8 77e8 

  0x000001ddcf68891c: ; ImmutableOopMap {rbp=Oop [28]=NarrowOop [48]=Oop }
                      ;*invokeinterface bind {reexecute=0 rethrow=0 return_oop=0}
                      ; - com.badlogic.gdx.graphics.Mesh::bind@57 (line 517)
                      ; - com.badlogic.gdx.graphics.Mesh::bind@4 (line 505)
                      ; - com.badlogic.gdx.graphics.Mesh::render@13 (line 620)
  0x000001ddcf68891c: 60ba a2ff 

  0x000001ddcf688920: ;   {other}
  0x000001ddcf688920: 0f1f 8400 | 9013 001d | ba76 ffff | ff4c 8b54 | 2418 4c89 | 5424 1044 | 8944 2420 

  0x000001ddcf68893c: ;   {runtime_call UncommonTrapBlob}
  0x000001ddcf68893c: c5f8 77e8 

  0x000001ddcf688940: ; ImmutableOopMap {[16]=Oop [48]=Oop [56]=Oop }
                      ;*if_icmpge {reexecute=1 rethrow=0 return_oop=0}
                      ; - (reexecute) com.badlogic.gdx.graphics.glutils.VertexArray::unbind@18 (line 165)
                      ; - com.badlogic.gdx.graphics.Mesh::unbind@6 (line 535)
                      ; - com.badlogic.gdx.graphics.Mesh::unbind@4 (line 525)
                      ; - com.badlogic.gdx.graphics.Mesh::render@320 (line 657)
  0x000001ddcf688940: 3cba a2ff 

  0x000001ddcf688944: ;   {other}
  0x000001ddcf688944: 0f1f 8400 | b413 001e | 33ed 85c9 | 400f 94c5 | ba45 ffff | ff4c 8b4c | 2438 4c89 | 4c24 0848 
  0x000001ddcf688964: 8974 2420 | 4489 4424 | 0444 895c | 2428 4889 | 7424 3044 | 8954 243c | c57a 117c | 2444 4489 
  0x000001ddcf688984: 7424 4844 | 896c 244c | c57a 117c | 2450 4489 | 7424 5490 

  0x000001ddcf688998: ;   {runtime_call UncommonTrapBlob}
  0x000001ddcf688998: c5f8 77e8 

  0x000001ddcf68899c: ; ImmutableOopMap {[8]=Oop [24]=Oop [32]=Oop [48]=Oop [60]=NarrowOop [68]=NarrowOop [72]=NarrowOop [76]=NarrowOop [80]=NarrowOop [84]=NarrowOop }
                      ;*ifeq {reexecute=1 rethrow=0 return_oop=0}
                      ; - (reexecute) java.lang.String::hashCode@20 (line 2369)
                      ; - com.badlogic.gdx.utils.ObjectIntMap::place@1 (line 120)
                      ; - com.badlogic.gdx.utils.ObjectIntMap::locateKey@21 (line 128)
                      ; - com.badlogic.gdx.utils.ObjectIntMap::get@2 (line 187)
                      ; - com.badlogic.gdx.graphics.glutils.ShaderProgram::fetchAttributeLocation@11 (line 286)
                      ; - com.badlogic.gdx.graphics.glutils.ShaderProgram::disableVertexAttribute@10 (line 729)
                      ; - com.badlogic.gdx.graphics.glutils.VertexArray::unbind@34 (line 166)
                      ; - com.badlogic.gdx.graphics.Mesh::unbind@6 (line 535)
                      ; - com.badlogic.gdx.graphics.Mesh::unbind@4 (line 525)
                      ; - com.badlogic.gdx.graphics.Mesh::render@320 (line 657)
  0x000001ddcf68899c: e0b9 a2ff 

  0x000001ddcf6889a0: ;   {other}
  0x000001ddcf6889a0: 0f1f 8400 | 1014 001f | ba45 ffff | ff48 8b6c | 2408 448b | 5424 1844 | 8954 2410 | 4489 5c24 
  0x000001ddcf6889c0: 1c66 6690 

  0x000001ddcf6889c4: ;   {runtime_call UncommonTrapBlob}
  0x000001ddcf6889c4: c5f8 77e8 

  0x000001ddcf6889c8: ; ImmutableOopMap {rbp=Oop [48]=Oop }
                      ;*ifle {reexecute=1 rethrow=0 return_oop=0}
                      ; - (reexecute) com.badlogic.gdx.graphics.Mesh::render@32 (line 623)
  0x000001ddcf6889c8: b4b9 a2ff 

  0x000001ddcf6889cc: ;   {other}
  0x000001ddcf6889cc: 0f1f 8400 | 3c14 0020 | ba45 ffff | ff8b ee90 

  0x000001ddcf6889dc: ;   {runtime_call UncommonTrapBlob}
  0x000001ddcf6889dc: c5f8 77e8 

  0x000001ddcf6889e0: ; ImmutableOopMap {}
                      ;*ifne {reexecute=1 rethrow=0 return_oop=0}
                      ; - (reexecute) com.badlogic.gdx.graphics.Mesh::render@2 (line 618)
  0x000001ddcf6889e0: 9cb9 a2ff 

  0x000001ddcf6889e4: ;   {other}
  0x000001ddcf6889e4: 0f1f 8400 | 5414 0021 | ba45 ffff | ff49 8be9 | 897c 2410 | 8974 2414 | 894c 241c 

  0x000001ddcf688a00: ;   {runtime_call UncommonTrapBlob}
  0x000001ddcf688a00: c5f8 77e8 

  0x000001ddcf688a04: ; ImmutableOopMap {rbp=Oop [48]=Oop }
                      ;*ifeq {reexecute=1 rethrow=0 return_oop=0}
                      ; - (reexecute) com.badlogic.gdx.graphics.Mesh::render@8 (line 620)
  0x000001ddcf688a04: 78b9 a2ff 

  0x000001ddcf688a08: ;   {other}
  0x000001ddcf688a08: 0f1f 8400 | 7814 0022 | ba45 ffff | ff44 8b5c | 2420 4489 | 5c24 0444 | 8b44 2418 | 4489 4424 
  0x000001ddcf688a28: 1044 8b5c | 2424 4489 | 5c24 1444 | 8b44 2428 | 4489 4424 | 1848 894c | 2420 4489 | 5424 1c90 
  0x000001ddcf688a48: ;   {runtime_call UncommonTrapBlob}
  0x000001ddcf688a48: c5f8 77e8 

  0x000001ddcf688a4c: ; ImmutableOopMap {[28]=NarrowOop [32]=Oop [48]=Oop }
                      ;*ifnull {reexecute=1 rethrow=0 return_oop=0}
                      ; - (reexecute) com.badlogic.gdx.graphics.Mesh::bind@15 (line 516)
                      ; - com.badlogic.gdx.graphics.Mesh::bind@4 (line 505)
                      ; - com.badlogic.gdx.graphics.Mesh::render@13 (line 620)
  0x000001ddcf688a4c: 30b9 a2ff 

  0x000001ddcf688a50: ;   {other}
  0x000001ddcf688a50: 0f1f 8400 | c014 0023 | ba45 ffff | ff44 8954 | 2404 6690 

  0x000001ddcf688a64: ;   {runtime_call UncommonTrapBlob}
  0x000001ddcf688a64: c5f8 77e8 

  0x000001ddcf688a68: ; ImmutableOopMap {[4]=NarrowOop [48]=Oop [56]=Oop }
                      ;*ifnull {reexecute=1 rethrow=0 return_oop=0}
                      ; - (reexecute) com.badlogic.gdx.graphics.Mesh::unbind@15 (line 536)
                      ; - com.badlogic.gdx.graphics.Mesh::unbind@4 (line 525)
                      ; - com.badlogic.gdx.graphics.Mesh::render@320 (line 657)
  0x000001ddcf688a68: 14b9 a2ff 

  0x000001ddcf688a6c: ;   {other}
  0x000001ddcf688a6c: 0f1f 8400 | dc14 0024 | ba45 ffff | ff48 8b6c | 2408 448b | 5c24 1844 | 895c 2410 | 4489 5424 
  0x000001ddcf688a8c: 1c66 6690 

  0x000001ddcf688a90: ;   {runtime_call UncommonTrapBlob}
  0x000001ddcf688a90: c5f8 77e8 

  0x000001ddcf688a94: ; ImmutableOopMap {rbp=Oop [48]=Oop }
                      ;*ifeq {reexecute=1 rethrow=0 return_oop=0}
                      ; - (reexecute) com.badlogic.gdx.graphics.glutils.IndexArray::getNumIndices@4 (line 50)
                      ; - com.badlogic.gdx.graphics.Mesh::render@27 (line 623)
  0x000001ddcf688a94: e8b8 a2ff 

  0x000001ddcf688a98: ;   {other}
  0x000001ddcf688a98: 0f1f 8400 | 0815 0025 | ba45 ffff | ff4c 8b44 | 2430 4c89 | 4424 1044 | 8b44 2420 | 4489 4424 
  0x000001ddcf688ab8: 0444 8b4c | 2424 4489 | 4c24 1844 | 8b44 2428 | 4489 4424 | 1c44 8954 | 2424 4489 | 5424 2889 
  0x000001ddcf688ad8: 5c24 3044 | 895c 2434 

  0x000001ddcf688ae0: ;   {runtime_call UncommonTrapBlob}
  0x000001ddcf688ae0: c5f8 77e8 

  0x000001ddcf688ae4: ; ImmutableOopMap {[8]=Oop [16]=Oop [36]=NarrowOop [40]=NarrowOop }
                      ;*if_icmple {reexecute=1 rethrow=0 return_oop=0}
                      ; - (reexecute) java.nio.Buffer::position@5 (line 326)
                      ; - java.nio.ShortBuffer::position@2 (line 1551)
                      ; - java.nio.ShortBuffer::position@2 (line 285)
                      ; - com.badlogic.gdx.graphics.Mesh::render@64 (line 627)
  0x000001ddcf688ae4: 98b8 a2ff 

  0x000001ddcf688ae8: ;   {other}
  0x000001ddcf688ae8: 0f1f 8400 | 5815 0026 | ba45 ffff | ff4c 8b5c | 2430 4c89 | 5c24 1044 | 8b44 2420 | 4489 4424 
  0x000001ddcf688b08: 0444 8b5c | 2424 4489 | 5c24 1844 | 8b44 2428 | 4489 4424 | 1c44 8954 | 2424 4489 | 5424 2889 
  0x000001ddcf688b28: 5c24 3090 

  0x000001ddcf688b2c: ;   {runtime_call UncommonTrapBlob}
  0x000001ddcf688b2c: c5f8 77e8 

  0x000001ddcf688b30: ; ImmutableOopMap {[8]=Oop [16]=Oop [36]=NarrowOop [40]=NarrowOop }
                      ;*ifge {reexecute=1 rethrow=0 return_oop=0}
                      ; - (reexecute) java.nio.Buffer::position@14 (line 326)
                      ; - java.nio.ShortBuffer::position@2 (line 1551)
                      ; - java.nio.ShortBuffer::position@2 (line 285)
                      ; - com.badlogic.gdx.graphics.Mesh::render@64 (line 627)
  0x000001ddcf688b30: 4cb8 a2ff 

  0x000001ddcf688b34: ;   {other}
  0x000001ddcf688b34: 0f1f 8400 | a415 0027 | ba45 ffff | ff4c 8b5c | 2430 4c89 | 5c24 1044 | 8b5c 2420 | 4489 5c24 
  0x000001ddcf688b54: 0444 8b44 | 2424 4489 | 4424 1844 | 8b5c 2428 | 4489 5c24 | 1c44 8954 | 2424 4489 | 5424 2844 
  0x000001ddcf688b74: 894c 2430 | 895c 2434 

  0x000001ddcf688b7c: ;   {runtime_call UncommonTrapBlob}
  0x000001ddcf688b7c: c5f8 77e8 

  0x000001ddcf688b80: ; ImmutableOopMap {[8]=Oop [16]=Oop [36]=NarrowOop [40]=NarrowOop }
                      ;*if_icmple {reexecute=1 rethrow=0 return_oop=0}
                      ; - (reexecute) java.nio.Buffer::position@37 (line 328)
                      ; - java.nio.ShortBuffer::position@2 (line 1551)
                      ; - java.nio.ShortBuffer::position@2 (line 285)
                      ; - com.badlogic.gdx.graphics.Mesh::render@64 (line 627)
  0x000001ddcf688b80: fcb7 a2ff 

  0x000001ddcf688b84: ;   {other}
  0x000001ddcf688b84: 0f1f 8400 | f415 0028 | ba45 ffff | ff4c 8b4c | 2430 4c89 | 4c24 1044 | 8b4c 2428 | 4489 4c24 
  0x000001ddcf688ba4: 048b 4c24 | 2089 4c24 | 1c44 8954 | 2420 4489 | 5c24 2444 | 8954 2428 | 897c 2434 | 4489 4424 
  0x000001ddcf688bc4: 3866 6690 

  0x000001ddcf688bc8: ;   {runtime_call UncommonTrapBlob}
  0x000001ddcf688bc8: c5f8 77e8 

  0x000001ddcf688bcc: ; ImmutableOopMap {[8]=Oop [16]=Oop [32]=NarrowOop [40]=NarrowOop }
                      ;*if_icmple {reexecute=1 rethrow=0 return_oop=0}
                      ; - (reexecute) java.nio.Buffer::limit@5 (line 379)
                      ; - java.nio.ShortBuffer::limit@2 (line 1565)
                      ; - java.nio.ShortBuffer::limit@2 (line 285)
                      ; - com.badlogic.gdx.backends.lwjgl3.Lwjgl3GL20::glDrawElements@42 (line 283)
                      ; - com.badlogic.gdx.graphics.Mesh::render@79 (line 628)
  0x000001ddcf688bcc: b0b7 a2ff 

  0x000001ddcf688bd0: ;   {other}
  0x000001ddcf688bd0: 0f1f 8400 | 4016 0029 | ba45 ffff | ff4c 8b44 | 2430 4c89 | 4424 1044 | 8b44 2428 | 4489 4424 
  0x000001ddcf688bf0: 0444 8b4c | 2420 4489 | 4c24 1c44 | 8954 2420 | 4489 5c24 | 2444 8954 | 2428 897c | 2434 6690 
  0x000001ddcf688c10: ;   {runtime_call UncommonTrapBlob}
  0x000001ddcf688c10: c5f8 77e8 

  0x000001ddcf688c14: ; ImmutableOopMap {[8]=Oop [16]=Oop [32]=NarrowOop [40]=NarrowOop }
                      ;*ifge {reexecute=1 rethrow=0 return_oop=0}
                      ; - (reexecute) java.nio.Buffer::limit@14 (line 379)
                      ; - java.nio.ShortBuffer::limit@2 (line 1565)
                      ; - java.nio.ShortBuffer::limit@2 (line 285)
                      ; - com.badlogic.gdx.backends.lwjgl3.Lwjgl3GL20::glDrawElements@42 (line 283)
                      ; - com.badlogic.gdx.graphics.Mesh::render@79 (line 628)
  0x000001ddcf688c14: 68b7 a2ff 

  0x000001ddcf688c18: ;   {other}
  0x000001ddcf688c18: 0f1f 8400 | 8816 002a | ba45 ffff | ff4c 8b44 | 2430 4c89 | 4424 1044 | 8b44 2428 | 4489 4424 
  0x000001ddcf688c38: 0444 8b4c | 2420 4489 | 4c24 1c44 | 8954 2420 | 4489 5c24 | 2444 8954 | 2428 895c | 2434 897c 
  0x000001ddcf688c58: 2438 6690 

  0x000001ddcf688c5c: ;   {runtime_call UncommonTrapBlob}
  0x000001ddcf688c5c: c5f8 77e8 

  0x000001ddcf688c60: ; ImmutableOopMap {[8]=Oop [16]=Oop [32]=NarrowOop [40]=NarrowOop }
                      ;*if_icmple {reexecute=1 rethrow=0 return_oop=0}
                      ; - (reexecute) java.nio.Buffer::limit@42 (line 382)
                      ; - java.nio.ShortBuffer::limit@2 (line 1565)
                      ; - java.nio.ShortBuffer::limit@2 (line 285)
                      ; - com.badlogic.gdx.backends.lwjgl3.Lwjgl3GL20::glDrawElements@42 (line 283)
                      ; - com.badlogic.gdx.graphics.Mesh::render@79 (line 628)
  0x000001ddcf688c60: 1cb7 a2ff 

  0x000001ddcf688c64: ;   {other}
  0x000001ddcf688c64: 0f1f 8400 | d416 002b | ba45 ffff | ff4c 8b44 | 2430 4c89 | 4424 1044 | 8b44 2428 | 4489 4424 
  0x000001ddcf688c84: 048b 4c24 | 2089 4c24 | 1c44 8954 | 2420 4489 | 5c24 2444 | 8954 2428 | 4489 4c24 | 3089 7c24 
  0x000001ddcf688ca4: 3466 6690 

  0x000001ddcf688ca8: ;   {runtime_call UncommonTrapBlob}
  0x000001ddcf688ca8: c5f8 77e8 

  0x000001ddcf688cac: ; ImmutableOopMap {[8]=Oop [16]=Oop [32]=NarrowOop [40]=NarrowOop }
                      ;*if_icmple {reexecute=1 rethrow=0 return_oop=0}
                      ; - (reexecute) java.nio.Buffer::limit@55 (line 383)
                      ; - java.nio.ShortBuffer::limit@2 (line 1565)
                      ; - java.nio.ShortBuffer::limit@2 (line 285)
                      ; - com.badlogic.gdx.backends.lwjgl3.Lwjgl3GL20::glDrawElements@42 (line 283)
                      ; - com.badlogic.gdx.graphics.Mesh::render@79 (line 628)
  0x000001ddcf688cac: d0b6 a2ff 

  0x000001ddcf688cb0: ;   {other}
  0x000001ddcf688cb0: 0f1f 8400 | 2017 002c | ba45 ffff | ff4c 8b4c | 2438 4c89 | 4c24 088b | 4c24 2889 | 4c24 0444 
  0x000001ddcf688cd0: 895c 241c | 4489 5c24 | 2044 8954 | 2428 4489 | 4424 2c90 

  0x000001ddcf688ce4: ;   {runtime_call UncommonTrapBlob}
  0x000001ddcf688ce4: c5f8 77e8 

  0x000001ddcf688ce8: ; ImmutableOopMap {[8]=Oop [28]=NarrowOop [32]=NarrowOop [48]=Oop }
                      ;*if_icmple {reexecute=1 rethrow=0 return_oop=0}
                      ; - (reexecute) java.nio.Buffer::limit@5 (line 379)
                      ; - java.nio.ShortBuffer::limit@2 (line 1565)
                      ; - java.nio.ShortBuffer::limit@2 (line 285)
                      ; - com.badlogic.gdx.backends.lwjgl3.Lwjgl3GL20::glDrawElements@56 (line 285)
                      ; - com.badlogic.gdx.graphics.Mesh::render@79 (line 628)
  0x000001ddcf688ce8: 94b6 a2ff 

  0x000001ddcf688cec: ;   {other}
  0x000001ddcf688cec: 0f1f 8400 | 5c17 002d | ba45 ffff | ff4c 8b44 | 2438 4c89 | 4424 0844 | 8b44 2428 | 4489 4424 
  0x000001ddcf688d0c: 0444 895c | 241c 4489 | 5c24 2044 | 8954 2428 

  0x000001ddcf688d1c: ;   {runtime_call UncommonTrapBlob}
  0x000001ddcf688d1c: c5f8 77e8 

  0x000001ddcf688d20: ; ImmutableOopMap {[8]=Oop [28]=NarrowOop [32]=NarrowOop [48]=Oop }
                      ;*ifge {reexecute=1 rethrow=0 return_oop=0}
                      ; - (reexecute) java.nio.Buffer::limit@14 (line 379)
                      ; - java.nio.ShortBuffer::limit@2 (line 1565)
                      ; - java.nio.ShortBuffer::limit@2 (line 285)
                      ; - com.badlogic.gdx.backends.lwjgl3.Lwjgl3GL20::glDrawElements@56 (line 285)
                      ; - com.badlogic.gdx.graphics.Mesh::render@79 (line 628)
  0x000001ddcf688d20: 5cb6 a2ff 

  0x000001ddcf688d24: ;   {other}
  0x000001ddcf688d24: 0f1f 8400 | 9417 002e | ba45 ffff | ff4c 8b4c | 2438 4c89 | 4c24 088b | 4c24 2889 | 4c24 0444 
  0x000001ddcf688d44: 895c 241c | 4489 5c24 | 2044 8944 | 2428 4489 | 5424 2c90 

  0x000001ddcf688d58: ;   {runtime_call UncommonTrapBlob}
  0x000001ddcf688d58: c5f8 77e8 

  0x000001ddcf688d5c: ; ImmutableOopMap {[8]=Oop [28]=NarrowOop [32]=NarrowOop [48]=Oop }
                      ;*if_icmple {reexecute=1 rethrow=0 return_oop=0}
                      ; - (reexecute) java.nio.Buffer::limit@42 (line 382)
                      ; - java.nio.ShortBuffer::limit@2 (line 1565)
                      ; - java.nio.ShortBuffer::limit@2 (line 285)
                      ; - com.badlogic.gdx.backends.lwjgl3.Lwjgl3GL20::glDrawElements@56 (line 285)
                      ; - com.badlogic.gdx.graphics.Mesh::render@79 (line 628)
  0x000001ddcf688d5c: 20b6 a2ff 

  0x000001ddcf688d60: ;   {other}
  0x000001ddcf688d60: 0f1f 8400 | d017 002f | ba45 ffff | ff4c 8b4c | 2438 4c89 | 4c24 0844 | 8b4c 2428 | 4489 4c24 
  0x000001ddcf688d80: 0444 895c | 241c 4489 | 5c24 2044 | 8944 2424 | 4489 5424 | 2866 6690 

  0x000001ddcf688d98: ;   {runtime_call UncommonTrapBlob}
  0x000001ddcf688d98: c5f8 77e8 

  0x000001ddcf688d9c: ; ImmutableOopMap {[8]=Oop [28]=NarrowOop [32]=NarrowOop [48]=Oop }
                      ;*if_icmple {reexecute=1 rethrow=0 return_oop=0}
                      ; - (reexecute) java.nio.Buffer::limit@55 (line 383)
                      ; - java.nio.ShortBuffer::limit@2 (line 1565)
                      ; - java.nio.ShortBuffer::limit@2 (line 285)
                      ; - com.badlogic.gdx.backends.lwjgl3.Lwjgl3GL20::glDrawElements@56 (line 285)
                      ; - com.badlogic.gdx.graphics.Mesh::render@79 (line 628)
  0x000001ddcf688d9c: e0b5 a2ff 

  0x000001ddcf688da0: ;   {other}
  0x000001ddcf688da0: 0f1f 8400 | 1018 0030 | ba45 ffff | ff4c 8b44 | 2438 4c89 | 4424 0844 | 895c 241c | 4489 5424 
  0x000001ddcf688dc0: 2466 6690 

  0x000001ddcf688dc4: ;   {runtime_call UncommonTrapBlob}
  0x000001ddcf688dc4: c5f8 77e8 

  0x000001ddcf688dc8: ; ImmutableOopMap {[8]=Oop [28]=NarrowOop [48]=Oop }
                      ;*if_icmple {reexecute=1 rethrow=0 return_oop=0}
                      ; - (reexecute) java.nio.Buffer::position@5 (line 326)
                      ; - java.nio.ShortBuffer::position@2 (line 1551)
                      ; - java.nio.ShortBuffer::position@2 (line 285)
                      ; - com.badlogic.gdx.graphics.Mesh::render@88 (line 629)
  0x000001ddcf688dc8: b4b5 a2ff 

  0x000001ddcf688dcc: ;   {other}
  0x000001ddcf688dcc: 0f1f 8400 | 3c18 0031 | ba45 ffff | ff4c 8b54 | 2438 4c89 | 5424 0844 | 895c 241c 

  0x000001ddcf688de8: ;   {runtime_call UncommonTrapBlob}
  0x000001ddcf688de8: c5f8 77e8 

  0x000001ddcf688dec: ; ImmutableOopMap {[8]=Oop [28]=NarrowOop [48]=Oop }
                      ;*ifge {reexecute=1 rethrow=0 return_oop=0}
                      ; - (reexecute) java.nio.Buffer::position@14 (line 326)
                      ; - java.nio.ShortBuffer::position@2 (line 1551)
                      ; - java.nio.ShortBuffer::position@2 (line 285)
                      ; - com.badlogic.gdx.graphics.Mesh::render@88 (line 629)
  0x000001ddcf688dec: 90b5 a2ff 

  0x000001ddcf688df0: ;   {other}
  0x000001ddcf688df0: 0f1f 8400 | 6018 0032 | ba45 ffff | ff4c 8b54 | 2438 4c89 | 5424 0844 | 895c 241c | 4489 4424 
  0x000001ddcf688e10: 2066 6690 

  0x000001ddcf688e14: ;   {runtime_call UncommonTrapBlob}
  0x000001ddcf688e14: c5f8 77e8 

  0x000001ddcf688e18: ; ImmutableOopMap {[8]=Oop [28]=NarrowOop [48]=Oop }
                      ;*if_icmple {reexecute=1 rethrow=0 return_oop=0}
                      ; - (reexecute) java.nio.Buffer::position@37 (line 328)
                      ; - java.nio.ShortBuffer::position@2 (line 1551)
                      ; - java.nio.ShortBuffer::position@2 (line 285)
                      ; - com.badlogic.gdx.graphics.Mesh::render@88 (line 629)
  0x000001ddcf688e18: 64b5 a2ff 

  0x000001ddcf688e1c: ;   {other}
  0x000001ddcf688e1c: 0f1f 8400 | 8c18 0033 | ba45 ffff | ff89 4c24 | 0466 6690 

  0x000001ddcf688e30: ;   {runtime_call UncommonTrapBlob}
  0x000001ddcf688e30: c5f8 77e8 

  0x000001ddcf688e34: ; ImmutableOopMap {[56]=Oop }
                      ;*ifeq {reexecute=1 rethrow=0 return_oop=0}
                      ; - (reexecute) com.badlogic.gdx.graphics.glutils.IndexArray::getNumIndices@4 (line 50)
                      ; - com.badlogic.gdx.graphics.Mesh::unbind@45 (line 537)
                      ; - com.badlogic.gdx.graphics.Mesh::unbind@4 (line 525)
                      ; - com.badlogic.gdx.graphics.Mesh::render@320 (line 657)
  0x000001ddcf688e34: 48b5 a2ff 

  0x000001ddcf688e38: ;   {other}
  0x000001ddcf688e38: 0f1f 8400 | a818 0034 | ba45 ffff | ff44 8b44 | 2420 4489 | 4424 0444 | 8b54 2418 | 4489 5424 
  0x000001ddcf688e58: 1044 8b44 | 2424 4489 | 4424 1448 | 894c 2420 | 4489 5c24 | 1c66 6690 

  0x000001ddcf688e70: ;   {runtime_call UncommonTrapBlob}
  0x000001ddcf688e70: c5f8 77e8 

  0x000001ddcf688e74: ; ImmutableOopMap {[32]=Oop [48]=Oop }
                      ;*ifeq {reexecute=1 rethrow=0 return_oop=0}
                      ; - (reexecute) com.badlogic.gdx.graphics.glutils.IndexArray::getNumIndices@4 (line 50)
                      ; - com.badlogic.gdx.graphics.Mesh::bind@45 (line 517)
                      ; - com.badlogic.gdx.graphics.Mesh::bind@4 (line 505)
                      ; - com.badlogic.gdx.graphics.Mesh::render@13 (line 620)
  0x000001ddcf688e74: 08b5 a2ff 

  0x000001ddcf688e78: ;   {other}
  0x000001ddcf688e78: 0f1f 8400 | e818 0035 | baf6 ffff | ff41 8be8 

  0x000001ddcf688e88: ;   {runtime_call UncommonTrapBlob}
  0x000001ddcf688e88: c5f8 77e8 

  0x000001ddcf688e8c: ; ImmutableOopMap {}
                      ;*invokevirtual get {reexecute=0 rethrow=0 return_oop=0}
                      ; - com.badlogic.gdx.graphics.glutils.VertexBufferObject::bind@97 (line 193)
                      ; - com.badlogic.gdx.graphics.Mesh::bind@6 (line 515)
                      ; - com.badlogic.gdx.graphics.Mesh::bind@4 (line 505)
                      ; - com.badlogic.gdx.graphics.Mesh::render@13 (line 620)
  0x000001ddcf688e8c: f0b4 a2ff 

  0x000001ddcf688e90: ;   {other}
  0x000001ddcf688e90: 0f1f 8400 | 0019 0036 | baf6 ffff | ff41 8be8 

  0x000001ddcf688ea0: ;   {runtime_call UncommonTrapBlob}
  0x000001ddcf688ea0: c5f8 77e8 

  0x000001ddcf688ea4: ; ImmutableOopMap {}
                      ;*invokevirtual get {reexecute=0 rethrow=0 return_oop=0}
                      ; - com.badlogic.gdx.graphics.glutils.VertexBufferObject::unbind@34 (line 230)
                      ; - com.badlogic.gdx.graphics.Mesh::unbind@6 (line 535)
                      ; - com.badlogic.gdx.graphics.Mesh::unbind@4 (line 525)
                      ; - com.badlogic.gdx.graphics.Mesh::render@320 (line 657)
  0x000001ddcf688ea4: d8b4 a2ff 

  0x000001ddcf688ea8: ;   {other}
  0x000001ddcf688ea8: 0f1f 8400 | 1819 0037 | bac6 ffff | ff4c 8944 | 2408 448b | 4424 2044 | 8944 2404 | 897c 2410 
  0x000001ddcf688ec8: 8974 2414 | 894c 2418 | 4c89 4c24 | 2044 895c | 241c 6690 

  0x000001ddcf688edc: ;   {runtime_call UncommonTrapBlob}
  0x000001ddcf688edc: c5f8 77e8 

  0x000001ddcf688ee0: ; ImmutableOopMap {[8]=Oop [28]=NarrowOop [32]=Oop }
                      ;*invokeinterface bind {reexecute=0 rethrow=0 return_oop=0}
                      ; - com.badlogic.gdx.graphics.Mesh::bind@6 (line 515)
                      ; - com.badlogic.gdx.graphics.Mesh::bind@4 (line 505)
                      ; - com.badlogic.gdx.graphics.Mesh::render@13 (line 620)
  0x000001ddcf688ee0: 9cb4 a2ff 

  0x000001ddcf688ee4: ;   {other}
  0x000001ddcf688ee4: 0f1f 8400 | 5419 0038 | badf ffff | ff4c 8b54 | 2430 4c89 | 5424 1044 | 8b54 2420 | 4489 5424 
  0x000001ddcf688f04: 0489 7424 | 1c89 4c24 | 204c 894c | 2428 4889 | 5c24 4044 | 8944 2424 

  0x000001ddcf688f1c: ;   {runtime_call UncommonTrapBlob}
  0x000001ddcf688f1c: c5f8 77e8 

  0x000001ddcf688f20: ; ImmutableOopMap {rbp=NarrowOop [16]=Oop [40]=Oop [64]=Oop }
                      ;*invokeinterface glBindBuffer {reexecute=0 rethrow=0 return_oop=0}
                      ; - com.badlogic.gdx.graphics.glutils.VertexBufferObject::bind@11 (line 183)
                      ; - com.badlogic.gdx.graphics.Mesh::bind@6 (line 515)
                      ; - com.badlogic.gdx.graphics.Mesh::bind@4 (line 505)
                      ; - com.badlogic.gdx.graphics.Mesh::render@13 (line 620)
  0x000001ddcf688f20: 5cb4 a2ff 

  0x000001ddcf688f24: ;   {other}
  0x000001ddcf688f24: 0f1f 8400 | 9419 0039 | bac6 ffff | ff44 8b5c | 2420 4489 | 5c24 0444 | 8b44 2418 | 4489 4424 
  0x000001ddcf688f44: 1044 8b5c | 2424 4489 | 5c24 1448 | 894c 2420 | 4489 5424 | 1c66 6690 

  0x000001ddcf688f5c: ;   {runtime_call UncommonTrapBlob}
  0x000001ddcf688f5c: c5f8 77e8 

  0x000001ddcf688f60: ; ImmutableOopMap {[28]=NarrowOop [32]=Oop [48]=Oop }
                      ;*invokeinterface getNumIndices {reexecute=0 rethrow=0 return_oop=0}
                      ; - com.badlogic.gdx.graphics.Mesh::bind@45 (line 517)
                      ; - com.badlogic.gdx.graphics.Mesh::bind@4 (line 505)
                      ; - com.badlogic.gdx.graphics.Mesh::render@13 (line 620)
  0x000001ddcf688f60: 1cb4 a2ff 

  0x000001ddcf688f64: ;   {other}
  0x000001ddcf688f64: 0f1f 8400 | d419 003a | bac6 ffff | ff44 895c | 2404 6690 

  0x000001ddcf688f78: ;   {runtime_call UncommonTrapBlob}
  0x000001ddcf688f78: c5f8 77e8 

  0x000001ddcf688f7c: ; ImmutableOopMap {[4]=NarrowOop [48]=Oop [56]=Oop }
                      ;*invokeinterface unbind {reexecute=0 rethrow=0 return_oop=0}
                      ; - com.badlogic.gdx.graphics.Mesh::unbind@6 (line 535)
                      ; - com.badlogic.gdx.graphics.Mesh::unbind@4 (line 525)
                      ; - com.badlogic.gdx.graphics.Mesh::render@320 (line 657)
  0x000001ddcf688f7c: 00b4 a2ff 

  0x000001ddcf688f80: ;   {other}
  0x000001ddcf688f80: 0f1f 8400 | f019 003b | bac6 ffff | ff44 8954 | 2404 6690 

  0x000001ddcf688f94: ;   {runtime_call UncommonTrapBlob}
  0x000001ddcf688f94: c5f8 77e8 

  0x000001ddcf688f98: ; ImmutableOopMap {[4]=NarrowOop [56]=Oop }
                      ;*invokeinterface getNumIndices {reexecute=0 rethrow=0 return_oop=0}
                      ; - com.badlogic.gdx.graphics.Mesh::unbind@45 (line 537)
                      ; - com.badlogic.gdx.graphics.Mesh::unbind@4 (line 525)
                      ; - com.badlogic.gdx.graphics.Mesh::render@320 (line 657)
  0x000001ddcf688f98: e4b3 a2ff 

  0x000001ddcf688f9c: ;   {other}
  0x000001ddcf688f9c: 0f1f 8400 | 0c1a 003c | badf ffff | ff66 6690 

  0x000001ddcf688fac: ;   {runtime_call UncommonTrapBlob}
  0x000001ddcf688fac: c5f8 77e8 

  0x000001ddcf688fb0: ; ImmutableOopMap {rbp=NarrowOop [24]=Oop [48]=Oop [56]=Oop }
                      ;*invokeinterface glBindBuffer {reexecute=0 rethrow=0 return_oop=0}
                      ; - com.badlogic.gdx.graphics.glutils.VertexBufferObject::unbind@89 (line 238)
                      ; - com.badlogic.gdx.graphics.Mesh::unbind@6 (line 535)
                      ; - com.badlogic.gdx.graphics.Mesh::unbind@4 (line 525)
                      ; - com.badlogic.gdx.graphics.Mesh::render@320 (line 657)
  0x000001ddcf688fb0: ccb3 a2ff 

  0x000001ddcf688fb4: ;   {other}
  0x000001ddcf688fb4: 0f1f 8400 | 241a 003d | bade ffff | ff48 8b6c | 2408 448b | 5c24 1844 | 895c 2410 | 4489 5424 
  0x000001ddcf688fd4: 1c66 6690 

  0x000001ddcf688fd8: ;   {runtime_call UncommonTrapBlob}
  0x000001ddcf688fd8: c5f8 77e8 

  0x000001ddcf688fdc: ; ImmutableOopMap {rbp=Oop [28]=NarrowOop [48]=Oop }
                      ;*invokeinterface getNumIndices {reexecute=0 rethrow=0 return_oop=0}
                      ; - com.badlogic.gdx.graphics.Mesh::render@135 (line 637)
  0x000001ddcf688fdc: a0b3 a2ff 

  0x000001ddcf688fe0: ;   {other}
  0x000001ddcf688fe0: 0f1f 8400 | 501a 003e | bade ffff | ff48 8b6c | 2408 4489 | 4424 1090 

  0x000001ddcf688ff8: ;   {runtime_call UncommonTrapBlob}
  0x000001ddcf688ff8: c5f8 77e8 

  0x000001ddcf688ffc: ; ImmutableOopMap {rbp=Oop [16]=NarrowOop [48]=Oop }
                      ;*invokeinterface glDrawArrays {reexecute=0 rethrow=0 return_oop=0}
                      ; - com.badlogic.gdx.graphics.Mesh::render@308 (line 652)
  0x000001ddcf688ffc: 80b3 a2ff 

  0x000001ddcf689000: ;   {other}
  0x000001ddcf689000: 0f1f 8400 | 701a 003f | ba76 ffff | ff44 8b44 | 2420 4489 | 4424 0444 | 8b54 2428 | 4489 5424 
  0x000001ddcf689020: 204c 894c | 2440 6690 

  0x000001ddcf689028: ;   {runtime_call UncommonTrapBlob}
  0x000001ddcf689028: c5f8 77e8 

  0x000001ddcf68902c: ; ImmutableOopMap {[8]=Oop [48]=Oop [64]=Oop }
                      ;*if_icmpge {reexecute=1 rethrow=0 return_oop=0}
                      ; - (reexecute) com.badlogic.gdx.graphics.glutils.VertexBufferObject::bind@88 (line 192)
                      ; - com.badlogic.gdx.graphics.Mesh::bind@6 (line 515)
                      ; - com.badlogic.gdx.graphics.Mesh::bind@4 (line 505)
                      ; - com.badlogic.gdx.graphics.Mesh::render@13 (line 620)
  0x000001ddcf68902c: 50b3 a2ff 

  0x000001ddcf689030: ;   {other}
  0x000001ddcf689030: 0f1f 8400 | a01a 0040 | ba76 ffff | ff44 894c | 2428 6690 

  0x000001ddcf689044: ;   {runtime_call UncommonTrapBlob}
  0x000001ddcf689044: c5f8 77e8 

  0x000001ddcf689048: ; ImmutableOopMap {rbp=NarrowOop [24]=Oop [48]=Oop [56]=Oop }
                      ;*if_icmpge {reexecute=1 rethrow=0 return_oop=0}
                      ; - (reexecute) com.badlogic.gdx.graphics.glutils.VertexBufferObject::unbind@24 (line 229)
                      ; - com.badlogic.gdx.graphics.Mesh::unbind@6 (line 535)
                      ; - com.badlogic.gdx.graphics.Mesh::unbind@4 (line 525)
                      ; - com.badlogic.gdx.graphics.Mesh::render@320 (line 657)
  0x000001ddcf689048: 34b3 a2ff 

  0x000001ddcf68904c: ;   {other}
  0x000001ddcf68904c: 0f1f 8400 | bc1a 0041 | ba45 ffff | ff44 8b5c | 2420 4489 | 5c24 0490 

  0x000001ddcf689064: ;   {runtime_call UncommonTrapBlob}
  0x000001ddcf689064: c5f8 77e8 

  0x000001ddcf689068: ; ImmutableOopMap {[8]=Oop [48]=Oop }
                      ;*ifeq {reexecute=1 rethrow=0 return_oop=0}
                      ; - (reexecute) com.badlogic.gdx.graphics.Mesh::render@117 (line 635)
  0x000001ddcf689068: 14b3 a2ff 

  0x000001ddcf68906c: ;   {other}
  0x000001ddcf68906c: 0f1f 8400 | dc1a 0042 | bae4 ffff | ff48 8b6c | 2438 488b | 4c24 1848 | 894c 2410 | 4889 7424 
  0x000001ddcf68908c: 1844 8944 | 2404 4489 | 5c24 2048 | 8974 2428 | 4489 5424 | 34c5 7a11 | 7c24 3c44 | 8974 2440 
  0x000001ddcf6890ac: 4489 6c24 | 44c5 7a11 | 7c24 4844 | 8974 244c | 4489 4c24 | 5066 6690 

  0x000001ddcf6890c4: ;   {runtime_call UncommonTrapBlob}
  0x000001ddcf6890c4: c5f8 77e8 

  0x000001ddcf6890c8: ; ImmutableOopMap {rbp=Oop [16]=Oop [24]=Oop [40]=Oop [52]=NarrowOop [60]=NarrowOop [64]=NarrowOop [68]=NarrowOop [72]=NarrowOop [76]=NarrowOop [80]=NarrowOop }
                      ;*baload {reexecute=0 rethrow=0 return_oop=0}
                      ; - java.lang.StringLatin1::hashCode@34 (line 190)
                      ; - java.lang.String::hashCode@27 (line 2369)
                      ; - com.badlogic.gdx.utils.ObjectIntMap::place@1 (line 120)
                      ; - com.badlogic.gdx.utils.ObjectIntMap::locateKey@21 (line 128)
                      ; - com.badlogic.gdx.utils.ObjectIntMap::get@2 (line 187)
                      ; - com.badlogic.gdx.graphics.glutils.ShaderProgram::fetchAttributeLocation@11 (line 286)
                      ; - com.badlogic.gdx.graphics.glutils.ShaderProgram::disableVertexAttribute@10 (line 729)
                      ; - com.badlogic.gdx.graphics.glutils.VertexArray::unbind@34 (line 166)
                      ; - com.badlogic.gdx.graphics.Mesh::unbind@6 (line 535)
                      ; - com.badlogic.gdx.graphics.Mesh::unbind@4 (line 525)
                      ; - com.badlogic.gdx.graphics.Mesh::render@320 (line 657)
  0x000001ddcf6890c8: b4b2 a2ff 

  0x000001ddcf6890cc: ;   {other}
  0x000001ddcf6890cc: 0f1f 8400 | 3c1b 0043 | baf6 ffff | ff41 8beb 

  0x000001ddcf6890dc: ;   {runtime_call UncommonTrapBlob}
  0x000001ddcf6890dc: c5f8 77e8 

  0x000001ddcf6890e0: ; ImmutableOopMap {}
                      ;*invokevirtual get {reexecute=0 rethrow=0 return_oop=0}
                      ; - com.badlogic.gdx.graphics.glutils.VertexArray::unbind@28 (line 166)
                      ; - com.badlogic.gdx.graphics.Mesh::unbind@6 (line 535)
                      ; - com.badlogic.gdx.graphics.Mesh::unbind@4 (line 525)
                      ; - com.badlogic.gdx.graphics.Mesh::render@320 (line 657)
  0x000001ddcf6890e0: 9cb2 a2ff 

  0x000001ddcf6890e4: ;   {other}
  0x000001ddcf6890e4: 0f1f 8400 | 541b 0044 | baf6 ffff | ff41 8beb 

  0x000001ddcf6890f4: ;   {runtime_call UncommonTrapBlob}
  0x000001ddcf6890f4: c5f8 77e8 

  0x000001ddcf6890f8: ; ImmutableOopMap {}
                      ;*aaload {reexecute=0 rethrow=0 return_oop=0}
                      ; - com.badlogic.gdx.graphics.VertexAttributes::get@5 (line 116)
                      ; - com.badlogic.gdx.graphics.glutils.VertexArray::unbind@28 (line 166)
                      ; - com.badlogic.gdx.graphics.Mesh::unbind@6 (line 535)
                      ; - com.badlogic.gdx.graphics.Mesh::unbind@4 (line 525)
                      ; - com.badlogic.gdx.graphics.Mesh::render@320 (line 657)
  0x000001ddcf6890f8: 84b2 a2ff 

  0x000001ddcf6890fc: ;   {other}
  0x000001ddcf6890fc: 0f1f 8400 | 6c1b 0045 | baf6 ffff | ff66 6690 

  0x000001ddcf68910c: ;   {runtime_call UncommonTrapBlob}
  0x000001ddcf68910c: c5f8 77e8 

  0x000001ddcf689110: ; ImmutableOopMap {}
                      ;*getfield alias {reexecute=1 rethrow=0 return_oop=0}
                      ; - (reexecute) com.badlogic.gdx.graphics.glutils.VertexArray::unbind@31 (line 166)
                      ; - com.badlogic.gdx.graphics.Mesh::unbind@6 (line 535)
                      ; - com.badlogic.gdx.graphics.Mesh::unbind@4 (line 525)
                      ; - com.badlogic.gdx.graphics.Mesh::render@320 (line 657)
  0x000001ddcf689110: 6cb2 a2ff 

  0x000001ddcf689114: ;   {other}
  0x000001ddcf689114: 0f1f 8400 | 841b 0046 | baf6 ffff | ff41 8bee 

  0x000001ddcf689124: ;   {runtime_call UncommonTrapBlob}
  0x000001ddcf689124: c5f8 77e8 

  0x000001ddcf689128: ; ImmutableOopMap {rbp=NarrowOop }
                      ;*invokevirtual get {reexecute=0 rethrow=0 return_oop=0}
                      ; - com.badlogic.gdx.graphics.glutils.ShaderProgram::fetchAttributeLocation@11 (line 286)
                      ; - com.badlogic.gdx.graphics.glutils.ShaderProgram::disableVertexAttribute@10 (line 729)
                      ; - com.badlogic.gdx.graphics.glutils.VertexArray::unbind@34 (line 166)
                      ; - com.badlogic.gdx.graphics.Mesh::unbind@6 (line 535)
                      ; - com.badlogic.gdx.graphics.Mesh::unbind@4 (line 525)
                      ; - com.badlogic.gdx.graphics.Mesh::render@320 (line 657)
  0x000001ddcf689128: 54b2 a2ff 

  0x000001ddcf68912c: ;   {other}
  0x000001ddcf68912c: 0f1f 8400 | 9c1b 0047 | baf6 ffff | ff41 8bea 

  0x000001ddcf68913c: ;   {runtime_call UncommonTrapBlob}
  0x000001ddcf68913c: c5f8 77e8 

  0x000001ddcf689140: ; ImmutableOopMap {}
                      ;*aaload {reexecute=0 rethrow=0 return_oop=0}
                      ; - com.badlogic.gdx.utils.ObjectIntMap::locateKey@27 (line 129)
                      ; - com.badlogic.gdx.utils.ObjectIntMap::get@2 (line 187)
                      ; - com.badlogic.gdx.graphics.glutils.ShaderProgram::fetchAttributeLocation@11 (line 286)
                      ; - com.badlogic.gdx.graphics.glutils.ShaderProgram::disableVertexAttribute@10 (line 729)
                      ; - com.badlogic.gdx.graphics.glutils.VertexArray::unbind@34 (line 166)
                      ; - com.badlogic.gdx.graphics.Mesh::unbind@6 (line 535)
                      ; - com.badlogic.gdx.graphics.Mesh::unbind@4 (line 525)
                      ; - com.badlogic.gdx.graphics.Mesh::render@320 (line 657)
  0x000001ddcf689140: 3cb2 a2ff 

  0x000001ddcf689144: ;   {other}
  0x000001ddcf689144: 0f1f 8400 | b41b 0048 | baf6 ffff | ff41 8bea 

  0x000001ddcf689154: ;   {runtime_call UncommonTrapBlob}
  0x000001ddcf689154: c5f8 77e8 

  0x000001ddcf689158: ; ImmutableOopMap {}
                      ;*iaload {reexecute=0 rethrow=0 return_oop=0}
                      ; - com.badlogic.gdx.utils.ObjectIntMap::get@19 (line 188)
                      ; - com.badlogic.gdx.graphics.glutils.ShaderProgram::fetchAttributeLocation@11 (line 286)
                      ; - com.badlogic.gdx.graphics.glutils.ShaderProgram::disableVertexAttribute@10 (line 729)
                      ; - com.badlogic.gdx.graphics.glutils.VertexArray::unbind@34 (line 166)
                      ; - com.badlogic.gdx.graphics.Mesh::unbind@6 (line 535)
                      ; - com.badlogic.gdx.graphics.Mesh::unbind@4 (line 525)
                      ; - com.badlogic.gdx.graphics.Mesh::render@320 (line 657)
  0x000001ddcf689158: 24b2 a2ff 

  0x000001ddcf68915c: ;   {other}
  0x000001ddcf68915c: 0f1f 8400 | cc1b 0049 | 8bea baf6 | ffff ff90 

  0x000001ddcf68916c: ;   {runtime_call UncommonTrapBlob}
  0x000001ddcf68916c: c5f8 77e8 

  0x000001ddcf689170: ; ImmutableOopMap {}
                      ;*invokeinterface glDisableVertexAttribArray {reexecute=0 rethrow=0 return_oop=0}
                      ; - com.badlogic.gdx.graphics.glutils.ShaderProgram::disableVertexAttribute@22 (line 731)
                      ; - com.badlogic.gdx.graphics.glutils.VertexArray::unbind@34 (line 166)
                      ; - com.badlogic.gdx.graphics.Mesh::unbind@6 (line 535)
                      ; - com.badlogic.gdx.graphics.Mesh::unbind@4 (line 525)
                      ; - com.badlogic.gdx.graphics.Mesh::render@320 (line 657)
  0x000001ddcf689170: 0cb2 a2ff 

  0x000001ddcf689174: ;   {other}
  0x000001ddcf689174: 0f1f 8400 | e41b 004a | ba45 ffff | ff48 8b6c | 2438 4c8b | 4c24 184c | 894c 2410 | 4889 7424 
  0x000001ddcf689194: 1844 8944 | 2404 4489 | 5c24 2048 | 8974 2428 | 4489 5424 | 3489 4c24 | 3844 8974 | 243c 4489 
  0x000001ddcf6891b4: 7424 4090 

  0x000001ddcf6891b8: ;   {runtime_call UncommonTrapBlob}
  0x000001ddcf6891b8: c5f8 77e8 

  0x000001ddcf6891bc: ; ImmutableOopMap {rbp=Oop [16]=Oop [24]=Oop [40]=Oop [52]=NarrowOop [56]=NarrowOop [60]=NarrowOop [64]=NarrowOop }
                      ;*ifnonnull {reexecute=1 rethrow=0 return_oop=0}
                      ; - (reexecute) com.badlogic.gdx.utils.ObjectIntMap::locateKey@1 (line 126)
                      ; - com.badlogic.gdx.utils.ObjectIntMap::get@2 (line 187)
                      ; - com.badlogic.gdx.graphics.glutils.ShaderProgram::fetchAttributeLocation@11 (line 286)
                      ; - com.badlogic.gdx.graphics.glutils.ShaderProgram::disableVertexAttribute@10 (line 729)
                      ; - com.badlogic.gdx.graphics.glutils.VertexArray::unbind@34 (line 166)
                      ; - com.badlogic.gdx.graphics.Mesh::unbind@6 (line 535)
                      ; - com.badlogic.gdx.graphics.Mesh::unbind@4 (line 525)
                      ; - com.badlogic.gdx.graphics.Mesh::render@320 (line 657)
  0x000001ddcf6891bc: c0b1 a2ff 

  0x000001ddcf6891c0: ;   {other}
  0x000001ddcf6891c0: 0f1f 8400 | 301c 004b | baf6 ffff | ff66 6690 

  0x000001ddcf6891d0: ;   {runtime_call UncommonTrapBlob}
  0x000001ddcf6891d0: c5f8 77e8 

  0x000001ddcf6891d4: ; ImmutableOopMap {}
                      ;*arraylength {reexecute=0 rethrow=0 return_oop=0}
                      ; - java.lang.StringLatin1::hashCode@1 (line 188)
                      ; - java.lang.String::hashCode@27 (line 2369)
                      ; - com.badlogic.gdx.utils.ObjectIntMap::place@1 (line 120)
                      ; - com.badlogic.gdx.utils.ObjectIntMap::locateKey@21 (line 128)
                      ; - com.badlogic.gdx.utils.ObjectIntMap::get@2 (line 187)
                      ; - com.badlogic.gdx.graphics.glutils.ShaderProgram::fetchAttributeLocation@11 (line 286)
                      ; - com.badlogic.gdx.graphics.glutils.ShaderProgram::disableVertexAttribute@10 (line 729)
                      ; - com.badlogic.gdx.graphics.glutils.VertexArray::unbind@34 (line 166)
                      ; - com.badlogic.gdx.graphics.Mesh::unbind@6 (line 535)
                      ; - com.badlogic.gdx.graphics.Mesh::unbind@4 (line 525)
                      ; - com.badlogic.gdx.graphics.Mesh::render@320 (line 657)
  0x000001ddcf6891d4: a8b1 a2ff 

  0x000001ddcf6891d8: ;   {other}
  0x000001ddcf6891d8: 0f1f 8400 | 481c 004c | baf6 ffff | ff49 8be8 

  0x000001ddcf6891e8: ;   {runtime_call UncommonTrapBlob}
  0x000001ddcf6891e8: c5f8 77e8 

  0x000001ddcf6891ec: ; ImmutableOopMap {rbp=Oop }
                      ;*invokeinterface bind {reexecute=0 rethrow=0 return_oop=0}
                      ; - com.badlogic.gdx.graphics.Mesh::bind@6 (line 515)
                      ; - com.badlogic.gdx.graphics.Mesh::bind@4 (line 505)
                      ; - com.badlogic.gdx.graphics.Mesh::render@13 (line 620)
  0x000001ddcf6891ec: 90b1 a2ff 

  0x000001ddcf6891f0: ;   {other}
  0x000001ddcf6891f0: 0f1f 8400 | 601c 004d | baf6 ffff | ff66 6690 

  0x000001ddcf689200: ;   {runtime_call UncommonTrapBlob}
  0x000001ddcf689200: c5f8 77e8 

  0x000001ddcf689204: ; ImmutableOopMap {}
                      ;*invokeinterface getNumIndices {reexecute=0 rethrow=0 return_oop=0}
                      ; - com.badlogic.gdx.graphics.Mesh::bind@45 (line 517)
                      ; - com.badlogic.gdx.graphics.Mesh::bind@4 (line 505)
                      ; - com.badlogic.gdx.graphics.Mesh::render@13 (line 620)
  0x000001ddcf689204: 78b1 a2ff 

  0x000001ddcf689208: ;   {other}
  0x000001ddcf689208: 0f1f 8400 | 781c 004e | baf6 ffff | ff66 6690 

  0x000001ddcf689218: ;   {runtime_call UncommonTrapBlob}
  0x000001ddcf689218: c5f8 77e8 

  0x000001ddcf68921c: ; ImmutableOopMap {[48]=Oop }
                      ;*invokeinterface unbind {reexecute=0 rethrow=0 return_oop=0}
                      ; - com.badlogic.gdx.graphics.Mesh::unbind@6 (line 535)
                      ; - com.badlogic.gdx.graphics.Mesh::unbind@4 (line 525)
                      ; - com.badlogic.gdx.graphics.Mesh::render@320 (line 657)
  0x000001ddcf68921c: 60b1 a2ff 

  0x000001ddcf689220: ;   {other}
  0x000001ddcf689220: 0f1f 8400 | 901c 004f | baf6 ffff | ff66 6690 

  0x000001ddcf689230: ;   {runtime_call UncommonTrapBlob}
  0x000001ddcf689230: c5f8 77e8 

  0x000001ddcf689234: ; ImmutableOopMap {}
                      ;*invokeinterface getNumIndices {reexecute=0 rethrow=0 return_oop=0}
                      ; - com.badlogic.gdx.graphics.Mesh::unbind@45 (line 537)
                      ; - com.badlogic.gdx.graphics.Mesh::unbind@4 (line 525)
                      ; - com.badlogic.gdx.graphics.Mesh::render@320 (line 657)
  0x000001ddcf689234: 48b1 a2ff 

  0x000001ddcf689238: ;   {other}
  0x000001ddcf689238: 0f1f 8400 | a81c 0050 | baf6 ffff | ff66 6690 

  0x000001ddcf689248: ;   {runtime_call UncommonTrapBlob}
  0x000001ddcf689248: c5f8 77e8 

  0x000001ddcf68924c: ; ImmutableOopMap {}
                      ;*invokevirtual limit {reexecute=0 rethrow=0 return_oop=0}
                      ; - com.badlogic.gdx.graphics.glutils.IndexArray::getNumIndices@15 (line 50)
                      ; - com.badlogic.gdx.graphics.Mesh::render@27 (line 623)
  0x000001ddcf68924c: 30b1 a2ff 

  0x000001ddcf689250: ;   {other}
  0x000001ddcf689250: 0f1f 8400 | c01c 0051 | baf6 ffff | ff8b 6c24 | 2044 8954 | 2408 6690 

  0x000001ddcf689268: ;   {runtime_call UncommonTrapBlob}
  0x000001ddcf689268: c5f8 77e8 

  0x000001ddcf68926c: ; ImmutableOopMap {[8]=NarrowOop }
                      ;*invokeinterface glDrawElements {reexecute=0 rethrow=0 return_oop=0}
                      ; - com.badlogic.gdx.graphics.Mesh::render@79 (line 628)
  0x000001ddcf68926c: 10b1 a2ff 

  0x000001ddcf689270: ;   {other}
  0x000001ddcf689270: 0f1f 8400 | e01c 0052 | baf6 ffff | ff66 6690 

  0x000001ddcf689280: ;   {runtime_call UncommonTrapBlob}
  0x000001ddcf689280: c5f8 77e8 

  0x000001ddcf689284: ; ImmutableOopMap {}
                      ;*invokevirtual size {reexecute=0 rethrow=0 return_oop=0}
                      ; - com.badlogic.gdx.graphics.glutils.VertexArray::unbind@4 (line 163)
                      ; - com.badlogic.gdx.graphics.Mesh::unbind@6 (line 535)
                      ; - com.badlogic.gdx.graphics.Mesh::unbind@4 (line 525)
                      ; - com.badlogic.gdx.graphics.Mesh::render@320 (line 657)
  0x000001ddcf689284: f8b0 a2ff 

  0x000001ddcf689288: ;   {other}
  0x000001ddcf689288: 0f1f 8400 | f81c 0053 | baf6 ffff | ff66 6690 

  0x000001ddcf689298: ;   {runtime_call UncommonTrapBlob}
  0x000001ddcf689298: c5f8 77e8 

  0x000001ddcf68929c: ; ImmutableOopMap {}
                      ;*arraylength {reexecute=0 rethrow=0 return_oop=0}
                      ; - com.badlogic.gdx.graphics.VertexAttributes::size@4 (line 110)
                      ; - com.badlogic.gdx.graphics.glutils.VertexArray::unbind@4 (line 163)
                      ; - com.badlogic.gdx.graphics.Mesh::unbind@6 (line 535)
                      ; - com.badlogic.gdx.graphics.Mesh::unbind@4 (line 525)
                      ; - com.badlogic.gdx.graphics.Mesh::render@320 (line 657)
  0x000001ddcf68929c: e0b0 a2ff 

  0x000001ddcf6892a0: ;   {other}
  0x000001ddcf6892a0: 0f1f 8400 | 101d 0054 | baf6 ffff | ff66 6690 

  0x000001ddcf6892b0: ;   {runtime_call UncommonTrapBlob}
  0x000001ddcf6892b0: c5f8 77e8 

  0x000001ddcf6892b4: ; ImmutableOopMap {}
                      ;*invokevirtual limit {reexecute=0 rethrow=0 return_oop=0}
                      ; - com.badlogic.gdx.graphics.glutils.IndexArray::getNumIndices@15 (line 50)
                      ; - com.badlogic.gdx.graphics.Mesh::unbind@45 (line 537)
                      ; - com.badlogic.gdx.graphics.Mesh::unbind@4 (line 525)
                      ; - com.badlogic.gdx.graphics.Mesh::render@320 (line 657)
  0x000001ddcf6892b4: c8b0 a2ff 

  0x000001ddcf6892b8: ;   {other}
  0x000001ddcf6892b8: 0f1f 8400 | 281d 0055 | baf6 ffff | ff66 6690 

  0x000001ddcf6892c8: ;   {runtime_call UncommonTrapBlob}
  0x000001ddcf6892c8: c5f8 77e8 

  0x000001ddcf6892cc: ; ImmutableOopMap {}
                      ;*invokevirtual limit {reexecute=0 rethrow=0 return_oop=0}
                      ; - com.badlogic.gdx.graphics.glutils.IndexArray::getNumIndices@15 (line 50)
                      ; - com.badlogic.gdx.graphics.Mesh::bind@45 (line 517)
                      ; - com.badlogic.gdx.graphics.Mesh::bind@4 (line 505)
                      ; - com.badlogic.gdx.graphics.Mesh::render@13 (line 620)
  0x000001ddcf6892cc: b0b0 a2ff 

  0x000001ddcf6892d0: ;   {other}
  0x000001ddcf6892d0: 0f1f 8400 | 401d 0056 | eb18 eb16 | 488b d0eb | 23eb 08eb | 0deb 0beb | 09eb 0048 | 8bd0 eb14 
  0x000001ddcf6892f0: eb00 488b | d0eb 0d48 | 8bd0 eb08 | 488b d0eb | 0348 8bd0 | c5f8 7748 | 83c4 705d 

  0x000001ddcf68930c: ;   {runtime_call _rethrow_Java}
  0x000001ddcf68930c: e9ef 20af | ffba f6ff | ffff 6690 

  0x000001ddcf689318: ;   {runtime_call UncommonTrapBlob}
  0x000001ddcf689318: c5f8 77e8 

  0x000001ddcf68931c: ; ImmutableOopMap {}
                      ;*getfield alias {reexecute=1 rethrow=0 return_oop=0}
                      ; - (reexecute) com.badlogic.gdx.graphics.glutils.VertexBufferObject::bind@105 (line 194)
                      ; - com.badlogic.gdx.graphics.Mesh::bind@6 (line 515)
                      ; - com.badlogic.gdx.graphics.Mesh::bind@4 (line 505)
                      ; - com.badlogic.gdx.graphics.Mesh::render@13 (line 620)
  0x000001ddcf68931c: 60b0 a2ff 

  0x000001ddcf689320: ;   {other}
  0x000001ddcf689320: 0f1f 8400 | 901d 0057 | baf6 ffff | ff66 6690 

  0x000001ddcf689330: ;   {runtime_call UncommonTrapBlob}
  0x000001ddcf689330: c5f8 77e8 

  0x000001ddcf689334: ; ImmutableOopMap {}
                      ;*getfield alias {reexecute=1 rethrow=0 return_oop=0}
                      ; - (reexecute) com.badlogic.gdx.graphics.glutils.VertexBufferObject::unbind@37 (line 230)
                      ; - com.badlogic.gdx.graphics.Mesh::unbind@6 (line 535)
                      ; - com.badlogic.gdx.graphics.Mesh::unbind@4 (line 525)
                      ; - com.badlogic.gdx.graphics.Mesh::render@320 (line 657)
  0x000001ddcf689334: 48b0 a2ff 

  0x000001ddcf689338: ;   {other}
  0x000001ddcf689338: 0f1f 8400 | a81d 0058 | baf6 ffff | ff66 6690 

  0x000001ddcf689348: ;   {runtime_call UncommonTrapBlob}
  0x000001ddcf689348: c5f8 77e8 

  0x000001ddcf68934c: ; ImmutableOopMap {}
                      ;*getfield vertexSize {reexecute=1 rethrow=0 return_oop=0}
                      ; - (reexecute) com.badlogic.gdx.graphics.glutils.VertexBufferObject::bind@149 (line 198)
                      ; - com.badlogic.gdx.graphics.Mesh::bind@6 (line 515)
                      ; - com.badlogic.gdx.graphics.Mesh::bind@4 (line 505)
                      ; - com.badlogic.gdx.graphics.Mesh::render@13 (line 620)
  0x000001ddcf68934c: 30b0 a2ff 

  0x000001ddcf689350: ;   {other}
  0x000001ddcf689350: 0f1f 8400 | c01d 0059 | baf6 ffff | ff41 8be8 

  0x000001ddcf689360: ;   {runtime_call UncommonTrapBlob}
  0x000001ddcf689360: c5f8 77e8 

  0x000001ddcf689364: ; ImmutableOopMap {}
                      ;*invokeinterface glBindBuffer {reexecute=0 rethrow=0 return_oop=0}
                      ; - com.badlogic.gdx.graphics.glutils.VertexBufferObject::bind@11 (line 183)
                      ; - com.badlogic.gdx.graphics.Mesh::bind@6 (line 515)
                      ; - com.badlogic.gdx.graphics.Mesh::bind@4 (line 505)
                      ; - com.badlogic.gdx.graphics.Mesh::render@13 (line 620)
  0x000001ddcf689364: 18b0 a2ff 

  0x000001ddcf689368: ;   {other}
  0x000001ddcf689368: 0f1f 8400 | d81d 005a | baf6 ffff | ff66 6690 

  0x000001ddcf689378: ;   {runtime_call UncommonTrapBlob}
  0x000001ddcf689378: c5f8 77e8 

  0x000001ddcf68937c: ; ImmutableOopMap {}
                      ;*invokevirtual size {reexecute=0 rethrow=0 return_oop=0}
                      ; - com.badlogic.gdx.graphics.glutils.VertexBufferObject::bind@72 (line 190)
                      ; - com.badlogic.gdx.graphics.Mesh::bind@6 (line 515)
                      ; - com.badlogic.gdx.graphics.Mesh::bind@4 (line 505)
                      ; - com.badlogic.gdx.graphics.Mesh::render@13 (line 620)
  0x000001ddcf68937c: 00b0 a2ff 

  0x000001ddcf689380: ;   {other}
  0x000001ddcf689380: 0f1f 8400 | f01d 005b | baf6 ffff | ff66 6690 

  0x000001ddcf689390: ;   {runtime_call UncommonTrapBlob}
  0x000001ddcf689390: c5f8 77e8 

  0x000001ddcf689394: ; ImmutableOopMap {}
                      ;*arraylength {reexecute=0 rethrow=0 return_oop=0}
                      ; - com.badlogic.gdx.graphics.VertexAttributes::size@4 (line 110)
                      ; - com.badlogic.gdx.graphics.glutils.VertexBufferObject::bind@72 (line 190)
                      ; - com.badlogic.gdx.graphics.Mesh::bind@6 (line 515)
                      ; - com.badlogic.gdx.graphics.Mesh::bind@4 (line 505)
                      ; - com.badlogic.gdx.graphics.Mesh::render@13 (line 620)
  0x000001ddcf689394: e8af a2ff 

  0x000001ddcf689398: ;   {other}
  0x000001ddcf689398: 0f1f 8400 | 081e 005c | baf6 ffff | ff66 6690 

  0x000001ddcf6893a8: ;   {runtime_call UncommonTrapBlob}
  0x000001ddcf6893a8: c5f8 77e8 

  0x000001ddcf6893ac: ; ImmutableOopMap {}
                      ;*invokevirtual size {reexecute=0 rethrow=0 return_oop=0}
                      ; - com.badlogic.gdx.graphics.glutils.VertexBufferObject::unbind@8 (line 227)
                      ; - com.badlogic.gdx.graphics.Mesh::unbind@6 (line 535)
                      ; - com.badlogic.gdx.graphics.Mesh::unbind@4 (line 525)
                      ; - com.badlogic.gdx.graphics.Mesh::render@320 (line 657)
  0x000001ddcf6893ac: d0af a2ff 

  0x000001ddcf6893b0: ;   {other}
  0x000001ddcf6893b0: 0f1f 8400 | 201e 005d | baf6 ffff | ff66 6690 

  0x000001ddcf6893c0: ;   {runtime_call UncommonTrapBlob}
  0x000001ddcf6893c0: c5f8 77e8 

  0x000001ddcf6893c4: ; ImmutableOopMap {}
                      ;*arraylength {reexecute=0 rethrow=0 return_oop=0}
                      ; - com.badlogic.gdx.graphics.VertexAttributes::size@4 (line 110)
                      ; - com.badlogic.gdx.graphics.glutils.VertexBufferObject::unbind@8 (line 227)
                      ; - com.badlogic.gdx.graphics.Mesh::unbind@6 (line 535)
                      ; - com.badlogic.gdx.graphics.Mesh::unbind@4 (line 525)
                      ; - com.badlogic.gdx.graphics.Mesh::render@320 (line 657)
  0x000001ddcf6893c4: b8af a2ff 

  0x000001ddcf6893c8: ;   {other}
  0x000001ddcf6893c8: 0f1f 8400 | 381e 005e | baf6 ffff | ff66 6690 

  0x000001ddcf6893d8: ;   {runtime_call UncommonTrapBlob}
  0x000001ddcf6893d8: c5f8 77e8 

  0x000001ddcf6893dc: ; ImmutableOopMap {}
                      ;*invokeinterface glBindBuffer {reexecute=0 rethrow=0 return_oop=0}
                      ; - com.badlogic.gdx.graphics.glutils.VertexBufferObject::unbind@89 (line 238)
                      ; - com.badlogic.gdx.graphics.Mesh::unbind@6 (line 535)
                      ; - com.badlogic.gdx.graphics.Mesh::unbind@4 (line 525)
                      ; - com.badlogic.gdx.graphics.Mesh::render@320 (line 657)
  0x000001ddcf6893dc: a0af a2ff 

  0x000001ddcf6893e0: ;   {other}
  0x000001ddcf6893e0: 0f1f 8400 | 501e 005f | baf6 ffff | ff8b 6c24 | 2066 6690 

  0x000001ddcf6893f4: ;   {runtime_call UncommonTrapBlob}
  0x000001ddcf6893f4: c5f8 77e8 

  0x000001ddcf6893f8: ; ImmutableOopMap {}
                      ;*invokeinterface glDrawArrays {reexecute=0 rethrow=0 return_oop=0}
                      ; - com.badlogic.gdx.graphics.Mesh::render@308 (line 652)
  0x000001ddcf6893f8: 84af a2ff 

  0x000001ddcf6893fc: ;   {other}
  0x000001ddcf6893fc: 0f1f 8400 | 6c1e 0060 | baf6 ffff | ff66 6690 

  0x000001ddcf68940c: ;   {runtime_call UncommonTrapBlob}
  0x000001ddcf68940c: c5f8 77e8 

  0x000001ddcf689410: ; ImmutableOopMap {}
                      ;*invokevirtual limit {reexecute=0 rethrow=0 return_oop=0}
                      ; - com.badlogic.gdx.graphics.glutils.VertexBufferObject::bind@31 (line 185)
                      ; - com.badlogic.gdx.graphics.Mesh::bind@6 (line 515)
                      ; - com.badlogic.gdx.graphics.Mesh::bind@4 (line 505)
                      ; - com.badlogic.gdx.graphics.Mesh::render@13 (line 620)
  0x000001ddcf689410: 6caf a2ff 

  0x000001ddcf689414: ;   {other}
  0x000001ddcf689414: 0f1f 8400 | 841e 0061 | baf6 ffff | ff66 6690 

  0x000001ddcf689424: ;   {runtime_call UncommonTrapBlob}
  0x000001ddcf689424: c5f8 77e8 

  0x000001ddcf689428: ; ImmutableOopMap {}
                      ;*invokevirtual limit {reexecute=0 rethrow=0 return_oop=0}
                      ; - com.badlogic.gdx.graphics.glutils.VertexBufferObject::bind@47 (line 186)
                      ; - com.badlogic.gdx.graphics.Mesh::bind@6 (line 515)
                      ; - com.badlogic.gdx.graphics.Mesh::bind@4 (line 505)
                      ; - com.badlogic.gdx.graphics.Mesh::render@13 (line 620)
  0x000001ddcf689428: 54af a2ff 

  0x000001ddcf68942c: ;   {other}
  0x000001ddcf68942c: 0f1f 8400 | 9c1e 0062 | baf6 ffff | ff66 6690 

  0x000001ddcf68943c: ;   {runtime_call UncommonTrapBlob}
  0x000001ddcf68943c: c5f8 77e8 

  0x000001ddcf689440: ; ImmutableOopMap {}
                      ;*invokevirtual limit {reexecute=0 rethrow=0 return_oop=0}
                      ; - com.badlogic.gdx.graphics.glutils.IndexBufferObject::getNumIndices@15 (line 105)
                      ; - com.badlogic.gdx.graphics.Mesh::bind@45 (line 517)
                      ; - com.badlogic.gdx.graphics.Mesh::bind@4 (line 505)
                      ; - com.badlogic.gdx.graphics.Mesh::render@13 (line 620)
  0x000001ddcf689440: 3caf a2ff 

  0x000001ddcf689444: ;   {other}
  0x000001ddcf689444: 0f1f 8400 | b41e 0063 | baf6 ffff | ff66 6690 

  0x000001ddcf689454: ;   {runtime_call UncommonTrapBlob}
  0x000001ddcf689454: c5f8 77e8 

  0x000001ddcf689458: ; ImmutableOopMap {}
                      ;*invokevirtual limit {reexecute=0 rethrow=0 return_oop=0}
                      ; - com.badlogic.gdx.graphics.glutils.IndexBufferObject::getNumIndices@15 (line 105)
                      ; - com.badlogic.gdx.graphics.Mesh::unbind@45 (line 537)
                      ; - com.badlogic.gdx.graphics.Mesh::unbind@4 (line 525)
                      ; - com.badlogic.gdx.graphics.Mesh::render@320 (line 657)
  0x000001ddcf689458: 24af a2ff 

  0x000001ddcf68945c: ;   {other}
  0x000001ddcf68945c: 0f1f 8400 | cc1e 0064 | baf6 ffff | ff66 6690 

  0x000001ddcf68946c: ;   {runtime_call UncommonTrapBlob}
  0x000001ddcf68946c: c5f8 77e8 

  0x000001ddcf689470: ; ImmutableOopMap {}
                      ;*invokevirtual limit {reexecute=0 rethrow=0 return_oop=0}
                      ; - com.badlogic.gdx.graphics.glutils.IndexBufferObject::getNumIndices@15 (line 105)
                      ; - com.badlogic.gdx.graphics.Mesh::render@135 (line 637)
  0x000001ddcf689470: 0caf a2ff 

  0x000001ddcf689474: ;   {other}
  0x000001ddcf689474: 0f1f 8400 | e41e 0065 

  0x000001ddcf68947c: ;   {internal_word}
  0x000001ddcf68947c: 49ba 9e7e | 68cf dd01 | 0000 4d89 | 9760 0400 

  0x000001ddcf68948c: ;   {runtime_call SafepointBlob}
  0x000001ddcf68948c: 00e9 eebf 

  0x000001ddcf689490: ;   {runtime_call StubRoutines (final stubs)}
  0x000001ddcf689490: a2ff e809 | d0a0 ffe9 | 3ee5 ffff | f4f4 f4f4 
[Stub Code]
  0x000001ddcf6894a0: ;   {no_reloc}
  0x000001ddcf6894a0: 48bb 0000 | 0000 0000 

  0x000001ddcf6894a8: ;   {runtime_call nmethod}
  0x000001ddcf6894a8: 0000 e9fb 

  0x000001ddcf6894ac: ;   {static_stub}
  0x000001ddcf6894ac: ffff ff48 | bb00 8069 | 1ede 0100 

  0x000001ddcf6894b8: ;   {runtime_call I2C/C2I adapters}
  0x000001ddcf6894b8: 00e9 347e 

  0x000001ddcf6894bc: ;   {static_stub}
  0x000001ddcf6894bc: a0ff 48bb | 0000 0000 | 0000 0000 

  0x000001ddcf6894c8: ;   {runtime_call nmethod}
  0x000001ddcf6894c8: e9fb ffff 

  0x000001ddcf6894cc: ;   {static_stub}
  0x000001ddcf6894cc: ff48 bb00 | 0000 0000 

  0x000001ddcf6894d4: ;   {runtime_call nmethod}
  0x000001ddcf6894d4: 0000 00e9 | fbff ffff 

  0x000001ddcf6894dc: ;   {static_stub}
  0x000001ddcf6894dc: 48bb 0000 | 0000 0000 

  0x000001ddcf6894e4: ;   {runtime_call nmethod}
  0x000001ddcf6894e4: 0000 e9fb 

  0x000001ddcf6894e8: ;   {static_stub}
  0x000001ddcf6894e8: ffff ff48 | bb00 0000 | 0000 0000 

  0x000001ddcf6894f4: ;   {runtime_call nmethod}
  0x000001ddcf6894f4: 00e9 fbff 

  0x000001ddcf6894f8: ;   {static_stub}
  0x000001ddcf6894f8: ffff 48bb | 0000 0000 | 0000 0000 

  0x000001ddcf689504: ;   {runtime_call nmethod}
  0x000001ddcf689504: e9fb ffff 

  0x000001ddcf689508: ;   {static_stub}
  0x000001ddcf689508: ff48 bb00 | 0000 0000 

  0x000001ddcf689510: ;   {runtime_call nmethod}
  0x000001ddcf689510: 0000 00e9 | fbff ffff 

  0x000001ddcf689518: ;   {static_stub}
  0x000001ddcf689518: 48bb 0000 | 0000 0000 

  0x000001ddcf689520: ;   {runtime_call nmethod}
  0x000001ddcf689520: 0000 e9fb 

  0x000001ddcf689524: ;   {static_stub}
  0x000001ddcf689524: ffff ff48 | bbc0 6561 | 1ede 0100 

  0x000001ddcf689530: ;   {runtime_call I2C/C2I adapters}
  0x000001ddcf689530: 00e9 b471 

  0x000001ddcf689534: ;   {static_stub}
  0x000001ddcf689534: a0ff 48bb | 0000 0000 | 0000 0000 

  0x000001ddcf689540: ;   {runtime_call nmethod}
  0x000001ddcf689540: e9fb ffff 

  0x000001ddcf689544: ;   {runtime_call ExceptionBlob}
  0x000001ddcf689544: ffe9 36af | aeff e800 | 0000 0048 | 832c 2405 

  0x000001ddcf689554: ;   {runtime_call DeoptimizationBlob}
  0x000001ddcf689554: e9c7 b1a2 | fff4 f4f4 | f4f4 f4f4 
[/MachCode]


Compiled method (c2) 48884 1589       4       com.badlogic.gdx.graphics.g2d.SpriteBatch::end (66 bytes)
 total in heap  [0x000001ddcf6d0290,0x000001ddcf6d22e0] = 8272
 relocation     [0x000001ddcf6d03f0,0x000001ddcf6d0580] = 400
 main code      [0x000001ddcf6d0580,0x000001ddcf6d1318] = 3480
 stub code      [0x000001ddcf6d1318,0x000001ddcf6d1398] = 128
 oops           [0x000001ddcf6d1398,0x000001ddcf6d13a0] = 8
 metadata       [0x000001ddcf6d13a0,0x000001ddcf6d1558] = 440
 scopes data    [0x000001ddcf6d1558,0x000001ddcf6d1d58] = 2048
 scopes pcs     [0x000001ddcf6d1d58,0x000001ddcf6d2168] = 1040
 dependencies   [0x000001ddcf6d2168,0x000001ddcf6d21b0] = 72
 handler table  [0x000001ddcf6d21b0,0x000001ddcf6d2270] = 192
 nul chk table  [0x000001ddcf6d2270,0x000001ddcf6d22e0] = 112

[Constant Pool (empty)]

[MachCode]
[Entry Point]
  # {method} {0x000001de1e6a9bd0} 'end' '()V' in 'com/badlogic/gdx/graphics/g2d/SpriteBatch'
  #           [sp+0xa0]  (sp of caller)
  0x000001ddcf6d0580: 448b 5208 | 49bb 0000 | 00dd dd01 | 0000 4d03 | d349 3bc2 

  0x000001ddcf6d0594: ;   {runtime_call ic_miss_stub}
  0x000001ddcf6d0594: 0f85 e6e1 | 9dff 6690 | 0f1f 4000 
[Verified Entry Point]
  0x000001ddcf6d05a0: 8984 2400 | 80ff ff55 | 4881 ec90 | 0000 0090 | 4181 7f20 | 0100 0000 | 0f85 4c0d | 0000 4889 
  0x000001ddcf6d05c0: 5424 2044 | 0fb6 5238 | 4585 d20f | 84d4 0500 | 008b 6a0c | 85ed 0f8e | 8405 0000 | 448b 5a34 
  0x000001ddcf6d05e0: 4c63 d5c1 | fd1f 4d69 | d267 6666 | 6649 c1fa | 2341 8bda | 2bdd 413b | db0f 8f6f | 0400 00ff 
  0x000001ddcf6d0600: 4230 448b | 5244 ff42 | 2c45 8b5a | 0c41 8b4a 

  0x000001ddcf6d0610: ;   {oop(a 'java/lang/Class'{0x000000008b202be8} = 'com/badlogic/gdx/Gdx')}
  0x000001ddcf6d0610: 1049 bae8 | 2b20 8b00 | 0000 0041 | 8baa 8800 | 0000 448b | 5508 448d | 049d 0000 | 0000 418d 
  0x000001ddcf6d0630: ;   {metadata('com/badlogic/gdx/backends/lwjgl3/Lwjgl3GL20')}
  0x000001ddcf6d0630: 1c58 4181 | fad0 2703 | 010f 856d | 0400 0041 | 8bd3 448b | c148 8b6c | 2420 895c 

  0x000001ddcf6d064c: ;   {static_call}
  0x000001ddcf6d064c: 2430 90e8 

  0x000001ddcf6d0650: ; ImmutableOopMap {rbp=Oop [32]=Oop }
                      ;*invokestatic glBindTexture {reexecute=0 rethrow=0 return_oop=0}
                      ; - org.lwjgl.opengl.GL11::glBindTexture@2 (line 854)
                      ; - com.badlogic.gdx.backends.lwjgl3.Lwjgl3GL20::glBindTexture@2 (line 92)
                      ; - com.badlogic.gdx.graphics.GLTexture::bind@11 (line 73)
                      ; - com.badlogic.gdx.graphics.g2d.SpriteBatch::flush@58 (line 956)
                      ; - com.badlogic.gdx.graphics.g2d.SpriteBatch::end@25 (line 186)
  0x000001ddcf6d0650: 0cac f9ff 

  0x000001ddcf6d0654: ;   {other}
  0x000001ddcf6d0654: 0f1f 8400 | c403 0000 | 8b4d 3c44 | 8b45 408b | 5d0c 448b | 4910 418b | 7108 488b | f949 8bd0 
  0x000001ddcf6d0674: 448d 149d | 0000 0000 

  0x000001ddcf6d067c: ;   {metadata('com/badlogic/gdx/graphics/glutils/VertexArray')}
  0x000001ddcf6d067c: 4d8b d981 | fe00 9b03 | 010f 841d 

  0x000001ddcf6d0688: ;   {metadata('com/badlogic/gdx/graphics/glutils/VertexBufferObject')}
  0x000001ddcf6d0688: 0100 0081 | fe50 3f09 | 010f 8549 | 0800 0041 | 8b6b 2041 | c643 1501 

  0x000001ddcf6d06a0: ; implicit exception: dispatches to 0x000001ddcf6d12a4
  0x000001ddcf6d06a0: 448b 4d08 

  0x000001ddcf6d06a4: ;   {metadata('java/nio/DirectByteBuffer')}
  0x000001ddcf6d06a4: 4181 f978 | f91b 000f | 8567 0800 | 004c 8bcd | 418b 6920 | 443b d50f | 8f83 0800 | 0045 85d2 
  0x000001ddcf6d06c4: 0f8c ae08 | 0000 4589 | 511c 418b | 6918 413b | ea0f 8fe9 | 0800 0041 | 8b69 0c41 | 3bea 0f8f 
  0x000001ddcf6d06e4: 1009 0000 | 4c89 4c24 | 484c 895c | 2440 4889 | 7c24 2889 | 5c24 3889 | 4c24 344d | 8bc1 448b 
  0x000001ddcf6d0704: cb33 ff48 | 8b6c 2428 

  0x000001ddcf6d070c: ;   {static_call}
  0x000001ddcf6d070c: 6666 90e8 

  0x000001ddcf6d0710: ; ImmutableOopMap {rbp=Oop [32]=Oop [40]=Oop [52]=NarrowOop [64]=Oop [72]=Oop }
                      ;*invokestatic copyJni {reexecute=0 rethrow=0 return_oop=0}
                      ; - com.badlogic.gdx.utils.BufferUtils::copy@35 (line 58)
                      ; - com.badlogic.gdx.graphics.glutils.VertexBufferObject::setVertices@12 (line 142)
                      ; - com.badlogic.gdx.graphics.Mesh::setVertices@7 (line 330)
                      ; - com.badlogic.gdx.graphics.g2d.SpriteBatch::flush@76 (line 958)
                      ; - com.badlogic.gdx.graphics.g2d.SpriteBatch::end@25 (line 186)
  0x000001ddcf6d0710: 6ce9 9dff 

  0x000001ddcf6d0714: ;   {other}
  0x000001ddcf6d0714: 0f1f 8400 | 8404 0001 | 4c8b 5424 | 4841 8b6a | 1c85 ed0f | 8cff 0800 | 0041 8b6a | 0c85 ed0f 
  0x000001ddcf6d0734: 8f07 0900 | 0045 8962 | 184c 8b4c | 2440 418b | 491c 8b69 | 1c85 ed0f | 8c03 0900 | 008b 790c 
  0x000001ddcf6d0754: 85ff 0f8f | 1009 0000 | 4489 6118 | 8b69 2044 | 8b54 2438 | 443b d50f | 8f3b 0900 | 0045 85d2 
  0x000001ddcf6d0774: 0f8c 4e09 | 0000 4489 | 511c 413b | fa0f 8f7d | 0900 0041 | 0fb6 6916 | 85ed 0f84 | 0101 0000 
  0x000001ddcf6d0794: ba45 ffff 

  0x000001ddcf6d0798: ;   {runtime_call UncommonTrapBlob}
  0x000001ddcf6d0798: ff66 90e8 

  0x000001ddcf6d079c: ; ImmutableOopMap {[32]=Oop [52]=NarrowOop [64]=Oop }
                      ;*ifeq {reexecute=1 rethrow=0 return_oop=0}
                      ; - (reexecute) com.badlogic.gdx.graphics.glutils.VertexBufferObject::bufferChanged@4 (line 133)
                      ; - com.badlogic.gdx.graphics.glutils.VertexBufferObject::setVertices@34 (line 145)
                      ; - com.badlogic.gdx.graphics.Mesh::setVertices@7 (line 330)
                      ; - com.badlogic.gdx.graphics.g2d.SpriteBatch::flush@76 (line 958)
                      ; - com.badlogic.gdx.graphics.g2d.SpriteBatch::end@25 (line 186)
  0x000001ddcf6d079c: e03b 9eff 

  0x000001ddcf6d07a0: ;   {other}
  0x000001ddcf6d07a0: 0f1f 8400 | 1005 0002 | 418b 6b18 

  0x000001ddcf6d07ac: ; implicit exception: dispatches to 0x000001ddcf6d1254
  0x000001ddcf6d07ac: 448b 4d08 

  0x000001ddcf6d07b0: ;   {metadata('java/nio/DirectByteBuffer')}
  0x000001ddcf6d07b0: 4181 f978 | f91b 000f | 8577 0300 | 004c 8bcd | 418b 6920 | 443b d50f | 8f1f 0500 | 0045 85d2 
  0x000001ddcf6d07d0: 0f8c 4a05 | 0000 4589 | 511c 418b | 6918 413b | ea0f 8f85 | 0500 0041 | 8b69 0c41 | 3bea 0f8f 
  0x000001ddcf6d07f0: ac05 0000 | 4c89 4c24 | 484c 895c | 2440 4889 | 7c24 2889 | 5c24 3889 | 4c24 344d | 8bc1 448b 
  0x000001ddcf6d0810: cb33 ff48 | 8b6c 2428 

  0x000001ddcf6d0818: ;   {static_call}
  0x000001ddcf6d0818: 6666 90e8 

  0x000001ddcf6d081c: ; ImmutableOopMap {rbp=Oop [32]=Oop [40]=Oop [52]=NarrowOop [64]=Oop [72]=Oop }
                      ;*invokestatic copyJni {reexecute=0 rethrow=0 return_oop=0}
                      ; - com.badlogic.gdx.utils.BufferUtils::copy@35 (line 58)
                      ; - com.badlogic.gdx.graphics.glutils.VertexArray::setVertices@7 (line 93)
                      ; - com.badlogic.gdx.graphics.Mesh::setVertices@7 (line 330)
                      ; - com.badlogic.gdx.graphics.g2d.SpriteBatch::flush@76 (line 958)
                      ; - com.badlogic.gdx.graphics.g2d.SpriteBatch::end@25 (line 186)
  0x000001ddcf6d081c: 40f2 f9ff 

  0x000001ddcf6d0820: ;   {other}
  0x000001ddcf6d0820: 0f1f 8400 | 9005 0003 | 4c8b 5424 | 4841 8b6a | 1c85 ed0f | 8c9b 0500 | 0041 8b6a | 0c85 ed0f 
  0x000001ddcf6d0840: 8fa3 0500 | 0045 8962 | 184c 8b54 | 2440 418b | 4a14 8b69 | 1c85 ed0f | 8c9f 0500 | 0044 8b49 
  0x000001ddcf6d0860: 0c45 85c9 | 0f8f aa05 | 0000 4489 | 6118 8b69 | 2044 8b54 | 2438 443b | d50f 8fd5 | 0500 0045 
  0x000001ddcf6d0880: 85d2 0f8c | e805 0000 | 4489 511c | 453b ca0f | 8f0f 0600 | 0044 8b44 | 2434 418b | 6814 448b 
  0x000001ddcf6d08a0: ;   {metadata('com/badlogic/gdx/graphics/glutils/IndexArray')}
  0x000001ddcf6d08a0: 5d08 4181 | fb10 a003 | 010f 851d | 0200 004c | 8bd5 418b | 4a10 8b69 | 1c85 ed0f | 8cfb 0200 
  0x000001ddcf6d08c0: 0044 8b59 | 0c45 85db | 0f8f 0a03 | 0000 4489 | 6118 8b69 | 2044 8b54 | 2430 443b | d50f 8f35 
  0x000001ddcf6d08e0: 0300 0045 | 85d2 0f8c | 4403 0000 | 4489 511c | 453b da0f | 8f6f 0300 | 004c 8b4c | 2420 410f 
  0x000001ddcf6d0900: b669 3985 | ed0f 8595 

  0x000001ddcf6d0908: ;   {oop(a 'java/lang/Class'{0x000000008b202be8} = 'com/badlogic/gdx/Gdx')}
  0x000001ddcf6d0908: 0300 0049 | bbe8 2b20 | 8b00 0000 | 0041 8bab | 8800 0000 

  0x000001ddcf6d091c: ; implicit exception: dispatches to 0x000001ddcf6d1208
  0x000001ddcf6d091c: 448b 5d08 

  0x000001ddcf6d0920: ;   {metadata('com/badlogic/gdx/backends/lwjgl3/Lwjgl3GL20')}
  0x000001ddcf6d0920: 4181 fbd0 | 2703 010f | 85b3 0100 | 0049 8be9 | bae2 0b00 

  0x000001ddcf6d0934: ;   {static_call}
  0x000001ddcf6d0934: 0066 90e8 

  0x000001ddcf6d0938: ; ImmutableOopMap {rbp=Oop [32]=Oop [40]=Oop [52]=NarrowOop }
                      ;*invokestatic glEnable {reexecute=0 rethrow=0 return_oop=0}
                      ; - org.lwjgl.opengl.GL11::glEnable@1 (line 724)
                      ; - com.badlogic.gdx.backends.lwjgl3.Lwjgl3GL20::glEnable@1 (line 306)
                      ; - com.badlogic.gdx.graphics.g2d.SpriteBatch::flush@128 (line 966)
                      ; - com.badlogic.gdx.graphics.g2d.SpriteBatch::end@25 (line 186)
  0x000001ddcf6d0938: a4f5 f9ff 

  0x000001ddcf6d093c: ;   {other}
  0x000001ddcf6d093c: 0f1f 8400 | ac06 0004 | 4c8b dd45 | 8b53 1841 | 83fa ff0f | 845f 0300 | 0041 8b7b 

  0x000001ddcf6d0958: ;   {oop(a 'java/lang/Class'{0x000000008b202be8} = 'com/badlogic/gdx/Gdx')}
  0x000001ddcf6d0958: 2449 b8e8 | 2b20 8b00 | 0000 0041 | 8ba8 8800 | 0000 458b | 431c 458b | 4b20 8b4d 

  0x000001ddcf6d0974: ;   {metadata('com/badlogic/gdx/backends/lwjgl3/Lwjgl3GL20')}
  0x000001ddcf6d0974: 0881 f9d0 | 2703 010f | 8573 0100 | 0049 8beb 

  0x000001ddcf6d0984: ;   {static_call}
  0x000001ddcf6d0984: 418b d2e8 

  0x000001ddcf6d0988: ; ImmutableOopMap {rbp=Oop [32]=Oop [40]=Oop [52]=NarrowOop }
                      ;*invokestatic glBlendFuncSeparate {reexecute=0 rethrow=0 return_oop=0}
                      ; - org.lwjgl.opengl.GL14::glBlendFuncSeparate@4 (line 777)
                      ; - com.badlogic.gdx.backends.lwjgl3.Lwjgl3GL20::glBlendFuncSeparate@5 (line 112)
                      ; - com.badlogic.gdx.graphics.g2d.SpriteBatch::flush@160 (line 967)
                      ; - com.badlogic.gdx.graphics.g2d.SpriteBatch::end@25 (line 186)
  0x000001ddcf6d0988: 54f9 f9ff 

  0x000001ddcf6d098c: ;   {other}
  0x000001ddcf6d098c: 0f1f 8400 | fc06 0005 | 4c8b d541 | 8b6a 5885 | ed0f 8535 | 0300 0049 | 8bea 448b | 4424 3441 
  0x000001ddcf6d09ac: 0fb6 480c | 458b 5a54 | 4d8b c341 | b904 0000 | 0048 8b54 | 2428 33ff | 8b74 2430 

  0x000001ddcf6d09c8: ;   {optimized virtual_call}
  0x000001ddcf6d09c8: 6666 90e8 

  0x000001ddcf6d09cc: ; ImmutableOopMap {rbp=Oop }
                      ;*invokevirtual render {reexecute=0 rethrow=0 return_oop=0}
                      ; - com.badlogic.gdx.graphics.Mesh::render@10 (line 589)
                      ; - com.badlogic.gdx.graphics.g2d.SpriteBatch::flush@187 (line 970)
                      ; - com.badlogic.gdx.graphics.g2d.SpriteBatch::end@25 (line 186)
  0x000001ddcf6d09cc: f06f fbff 

  0x000001ddcf6d09d0: ;   {other}
  0x000001ddcf6d09d0: 0f1f 8400 | 4007 0006 | 4180 7f40 | 000f 8593 | 0000 0048 | 8bdd 4489 

  0x000001ddcf6d09e8: ;   {oop(a 'java/lang/Class'{0x000000008b202be8} = 'com/badlogic/gdx/Gdx')}
  0x000001ddcf6d09e8: 6344 49ba | e82b 208b | 0000 0000 | 418b aa88 | 0000 0044 | 8863 3844 | 8963 0c44 

  0x000001ddcf6d0a04: ;   {metadata('com/badlogic/gdx/backends/lwjgl3/Lwjgl3GL20')}
  0x000001ddcf6d0a04: 8b55 0841 | 81fa d027 | 0301 0f85 | 0801 0000 | 4889 5c24 | 204c 8bd5 | 4c89 5424 | 28ba 0100 
  0x000001ddcf6d0a24: ;   {static_call}
  0x000001ddcf6d0a24: 0000 90e8 

  0x000001ddcf6d0a28: ; ImmutableOopMap {[32]=Oop [40]=Oop }
                      ;*invokestatic glDepthMask {reexecute=0 rethrow=0 return_oop=0}
                      ; - org.lwjgl.opengl.GL11::glDepthMask@1 (line 1780)
                      ; - com.badlogic.gdx.backends.lwjgl3.Lwjgl3GL20::glDepthMask@1 (line 255)
                      ; - com.badlogic.gdx.graphics.g2d.SpriteBatch::end@44 (line 191)
  0x000001ddcf6d0a28: b40c faff 

  0x000001ddcf6d0a2c: ;   {other}
  0x000001ddcf6d0a2c: 0f1f 8400 | 9c07 0007 | 4c8b 5424 | 2041 0fb6 | 6a39 85ed | 0f85 2e01 | 0000 bae2 

  0x000001ddcf6d0a48: ;   {static_call}
  0x000001ddcf6d0a48: 0b00 00e8 

  0x000001ddcf6d0a4c: ; ImmutableOopMap {}
                      ;*invokestatic glDisable {reexecute=0 rethrow=0 return_oop=0}
                      ; - org.lwjgl.opengl.GL11::glDisable@1 (line 737)
                      ; - com.badlogic.gdx.backends.lwjgl3.Lwjgl3GL20::glDisable@1 (line 267)
                      ; - com.badlogic.gdx.graphics.g2d.SpriteBatch::end@60 (line 192)
  0x000001ddcf6d0a4c: 903c faff 

  0x000001ddcf6d0a50: ;   {other}
  0x000001ddcf6d0a50: 0f1f 8400 | c007 0008 | 4881 c490 | 0000 005d 

  0x000001ddcf6d0a60: ;   {poll_return}
  0x000001ddcf6d0a60: 493b a748 | 0400 000f | 8787 0800 | 00c3 895a | 34e9 89fb | ffff 488b | dd44 8b5b | 4445 85db 
  0x000001ddcf6d0a80: 0f84 60ff | ffff 4d8b | 5728 498b | cb4d 85d2 | 0f84 f200 | 0000 4d8b | 5f38 4b89 | 4c13 f849 
  0x000001ddcf6d0aa0: 83c2 f84d | 8957 28e9 | 3aff ffff | bade ffff | ff89 5c24 | 3044 895c | 2434 894c 

  0x000001ddcf6d0abc: ;   {runtime_call UncommonTrapBlob}
  0x000001ddcf6d0abc: 2438 90e8 

  0x000001ddcf6d0ac0: ; ImmutableOopMap {rbp=NarrowOop [32]=Oop }
                      ;*invokeinterface glBindTexture {reexecute=0 rethrow=0 return_oop=0}
                      ; - com.badlogic.gdx.graphics.GLTexture::bind@11 (line 73)
                      ; - com.badlogic.gdx.graphics.g2d.SpriteBatch::flush@58 (line 956)
                      ; - com.badlogic.gdx.graphics.g2d.SpriteBatch::end@25 (line 186)
  0x000001ddcf6d0ac0: bc38 9eff 

  0x000001ddcf6d0ac4: ;   {other}
  0x000001ddcf6d0ac4: 0f1f 8400 | 3408 0009 | bade ffff 

  0x000001ddcf6d0ad0: ;   {runtime_call UncommonTrapBlob}
  0x000001ddcf6d0ad0: ff66 90e8 

  0x000001ddcf6d0ad4: ; ImmutableOopMap {rbp=NarrowOop [32]=Oop [52]=NarrowOop }
                      ;*invokeinterface getBuffer {reexecute=0 rethrow=0 return_oop=0}
                      ; - com.badlogic.gdx.graphics.Mesh::getIndicesBuffer@5 (line 971)
                      ; - com.badlogic.gdx.graphics.g2d.SpriteBatch::flush@82 (line 959)
                      ; - com.badlogic.gdx.graphics.g2d.SpriteBatch::end@25 (line 186)
  0x000001ddcf6d0ad4: a838 9eff 

  0x000001ddcf6d0ad8: ;   {other}
  0x000001ddcf6d0ad8: 0f1f 8400 | 4808 000a | bade ffff 

  0x000001ddcf6d0ae4: ;   {runtime_call UncommonTrapBlob}
  0x000001ddcf6d0ae4: ff66 90e8 

  0x000001ddcf6d0ae8: ; ImmutableOopMap {rbp=NarrowOop [32]=Oop [52]=NarrowOop }
                      ;*invokeinterface glEnable {reexecute=0 rethrow=0 return_oop=0}
                      ; - com.badlogic.gdx.graphics.g2d.SpriteBatch::flush@128 (line 966)
                      ; - com.badlogic.gdx.graphics.g2d.SpriteBatch::end@25 (line 186)
  0x000001ddcf6d0ae8: 9438 9eff 

  0x000001ddcf6d0aec: ;   {other}
  0x000001ddcf6d0aec: 0f1f 8400 | 5c08 000b | bade ffff | ff44 8954 | 2438 4489 | 4424 3c44 | 894c 2440 | 897c 2444 
  0x000001ddcf6d0b0c: ;   {runtime_call UncommonTrapBlob}
  0x000001ddcf6d0b0c: 6666 90e8 

  0x000001ddcf6d0b10: ; ImmutableOopMap {rbp=NarrowOop [32]=Oop [52]=NarrowOop }
                      ;*invokeinterface glBlendFuncSeparate {reexecute=0 rethrow=0 return_oop=0}
                      ; - com.badlogic.gdx.graphics.g2d.SpriteBatch::flush@160 (line 967)
                      ; - com.badlogic.gdx.graphics.g2d.SpriteBatch::end@25 (line 186)
  0x000001ddcf6d0b10: 6c38 9eff 

  0x000001ddcf6d0b14: ;   {other}
  0x000001ddcf6d0b14: 0f1f 8400 | 8408 000c | bade ffff | ff48 895c 

  0x000001ddcf6d0b24: ;   {runtime_call UncommonTrapBlob}
  0x000001ddcf6d0b24: 2420 90e8 

  0x000001ddcf6d0b28: ; ImmutableOopMap {rbp=NarrowOop [32]=Oop }
                      ;*invokeinterface glDepthMask {reexecute=0 rethrow=0 return_oop=0}
                      ; - com.badlogic.gdx.graphics.g2d.SpriteBatch::end@44 (line 191)
  0x000001ddcf6d0b28: 5438 9eff 

  0x000001ddcf6d0b2c: ;   {other}
  0x000001ddcf6d0b2c: 0f1f 8400 | 9c08 000d | bade ffff | ff89 4c24 | 384c 895c | 2440 4489 | 4424 4889 | 5c24 4c44 
  0x000001ddcf6d0b4c: 8954 2450 

  0x000001ddcf6d0b50: ;   {runtime_call UncommonTrapBlob}
  0x000001ddcf6d0b50: 6666 90e8 

  0x000001ddcf6d0b54: ; ImmutableOopMap {rbp=NarrowOop [32]=Oop [56]=NarrowOop [64]=Oop [72]=NarrowOop }
                      ;*invokevirtual limit {reexecute=0 rethrow=0 return_oop=0}
                      ; - com.badlogic.gdx.utils.BufferUtils::copy@11 (line 55)
                      ; - com.badlogic.gdx.graphics.glutils.VertexArray::setVertices@7 (line 93)
                      ; - com.badlogic.gdx.graphics.Mesh::setVertices@7 (line 330)
                      ; - com.badlogic.gdx.graphics.g2d.SpriteBatch::flush@76 (line 958)
                      ; - com.badlogic.gdx.graphics.g2d.SpriteBatch::end@25 (line 186)
  0x000001ddcf6d0b54: 2838 9eff 

  0x000001ddcf6d0b58: ;   {other}
  0x000001ddcf6d0b58: 0f1f 8400 | c808 000e | ba45 ffff 

  0x000001ddcf6d0b64: ;   {runtime_call UncommonTrapBlob}
  0x000001ddcf6d0b64: ff66 90e8 

  0x000001ddcf6d0b68: ; ImmutableOopMap {[32]=Oop }
                      ;*ifle {reexecute=1 rethrow=0 return_oop=0}
                      ; - (reexecute) com.badlogic.gdx.graphics.g2d.SpriteBatch::end@21 (line 186)
  0x000001ddcf6d0b68: 1438 9eff 

  0x000001ddcf6d0b6c: ;   {other}
  0x000001ddcf6d0b6c: 0f1f 8400 | dc08 000f | ba45 ffff 

  0x000001ddcf6d0b78: ;   {runtime_call UncommonTrapBlob}
  0x000001ddcf6d0b78: ff66 90e8 

  0x000001ddcf6d0b7c: ; ImmutableOopMap {[40]=Oop }
                      ;*ifne {reexecute=1 rethrow=0 return_oop=0}
                      ; - (reexecute) com.badlogic.gdx.graphics.g2d.SpriteBatch::isBlendingEnabled@4 (line 1100)
                      ; - com.badlogic.gdx.graphics.g2d.SpriteBatch::end@50 (line 192)
  0x000001ddcf6d0b7c: 0038 9eff 

  0x000001ddcf6d0b80: ;   {other}
  0x000001ddcf6d0b80: 0f1f 8400 | f008 0010 | 498b d749 | ba20 9b70 | 1efc 7f00 | 0041 ffd2 

  0x000001ddcf6d0b98: ;   {other}
  0x000001ddcf6d0b98: 0f1f 8400 | 0000 0000 | e941 feff | ffba 45ff | ffff 418b 

  0x000001ddcf6d0bac: ;   {runtime_call UncommonTrapBlob}
  0x000001ddcf6d0bac: ea66 90e8 

  0x000001ddcf6d0bb0: ; ImmutableOopMap {}
                      ;*ifne {reexecute=1 rethrow=0 return_oop=0}
                      ; - (reexecute) com.badlogic.gdx.graphics.g2d.SpriteBatch::end@4 (line 185)
  0x000001ddcf6d0bb0: cc37 9eff 

  0x000001ddcf6d0bb4: ;   {other}
  0x000001ddcf6d0bb4: 0f1f 8400 | 2409 0011 | ba45 ffff | ff89 4c24 | 3c89 4c24 

  0x000001ddcf6d0bc8: ;   {runtime_call UncommonTrapBlob}
  0x000001ddcf6d0bc8: 4066 90e8 

  0x000001ddcf6d0bcc: ; ImmutableOopMap {[32]=Oop [52]=NarrowOop [60]=NarrowOop [64]=NarrowOop }
                      ;*if_icmple {reexecute=1 rethrow=0 return_oop=0}
                      ; - (reexecute) java.nio.Buffer::position@5 (line 326)
                      ; - java.nio.ShortBuffer::position@2 (line 1551)
                      ; - java.nio.ShortBuffer::position@2 (line 285)
                      ; - com.badlogic.gdx.graphics.g2d.SpriteBatch::flush@90 (line 960)
                      ; - com.badlogic.gdx.graphics.g2d.SpriteBatch::end@25 (line 186)
  0x000001ddcf6d0bcc: b037 9eff 

  0x000001ddcf6d0bd0: ;   {other}
  0x000001ddcf6d0bd0: 0f1f 8400 | 4009 0012 | ba45 ffff | ff48 8b6c | 2420 448b | 5424 3044 | 8954 2428 | 4889 4424 
  0x000001ddcf6d0bf0: f88b 4424 | 3489 4424 | 2c48 8b44 | 24f8 894c | 2434 894c | 2438 4489 

  0x000001ddcf6d0c08: ;   {runtime_call UncommonTrapBlob}
  0x000001ddcf6d0c08: 5c24 3ce8 

  0x000001ddcf6d0c0c: ; ImmutableOopMap {rbp=Oop [44]=NarrowOop [52]=NarrowOop [56]=NarrowOop }
                      ;*if_icmple {reexecute=1 rethrow=0 return_oop=0}
                      ; - (reexecute) java.nio.Buffer::position@37 (line 328)
                      ; - java.nio.ShortBuffer::position@2 (line 1551)
                      ; - java.nio.ShortBuffer::position@2 (line 285)
                      ; - com.badlogic.gdx.graphics.g2d.SpriteBatch::flush@90 (line 960)
                      ; - com.badlogic.gdx.graphics.g2d.SpriteBatch::end@25 (line 186)
  0x000001ddcf6d0c0c: 7037 9eff 

  0x000001ddcf6d0c10: ;   {other}
  0x000001ddcf6d0c10: 0f1f 8400 | 8009 0013 | ba45 ffff | ff89 4c24 

  0x000001ddcf6d0c20: ;   {runtime_call UncommonTrapBlob}
  0x000001ddcf6d0c20: 3c66 90e8 

  0x000001ddcf6d0c24: ; ImmutableOopMap {[32]=Oop [52]=NarrowOop [60]=NarrowOop }
                      ;*if_icmple {reexecute=1 rethrow=0 return_oop=0}
                      ; - (reexecute) java.nio.Buffer::limit@5 (line 379)
                      ; - java.nio.ShortBuffer::limit@2 (line 1565)
                      ; - java.nio.ShortBuffer::limit@2 (line 285)
                      ; - com.badlogic.gdx.graphics.g2d.SpriteBatch::flush@97 (line 961)
                      ; - com.badlogic.gdx.graphics.g2d.SpriteBatch::end@25 (line 186)
  0x000001ddcf6d0c24: 5837 9eff 

  0x000001ddcf6d0c28: ;   {other}
  0x000001ddcf6d0c28: 0f1f 8400 | 9809 0014 | ba45 ffff | ff48 8b6c | 2420 4889 | 4424 f88b | 4424 3489 | 4424 2c48 
  0x000001ddcf6d0c48: 8b44 24f8 | 894c 2434 | 4489 5424 | 3844 8954 

  0x000001ddcf6d0c58: ;   {runtime_call UncommonTrapBlob}
  0x000001ddcf6d0c58: 243c 90e8 

  0x000001ddcf6d0c5c: ; ImmutableOopMap {rbp=Oop [44]=NarrowOop [52]=NarrowOop }
                      ;*ifge {reexecute=1 rethrow=0 return_oop=0}
                      ; - (reexecute) java.nio.Buffer::limit@14 (line 379)
                      ; - java.nio.ShortBuffer::limit@2 (line 1565)
                      ; - java.nio.ShortBuffer::limit@2 (line 285)
                      ; - com.badlogic.gdx.graphics.g2d.SpriteBatch::flush@97 (line 961)
                      ; - com.badlogic.gdx.graphics.g2d.SpriteBatch::end@25 (line 186)
  0x000001ddcf6d0c5c: 2037 9eff 

  0x000001ddcf6d0c60: ;   {other}
  0x000001ddcf6d0c60: 0f1f 8400 | d009 0015 | ba45 ffff | ff48 8b6c | 2420 4889 | 4424 f88b | 4424 3489 | 4424 2c48 
  0x000001ddcf6d0c80: 8b44 24f8 | 894c 2434 | 4489 5c24 | 3844 8954 

  0x000001ddcf6d0c90: ;   {runtime_call UncommonTrapBlob}
  0x000001ddcf6d0c90: 243c 90e8 

  0x000001ddcf6d0c94: ; ImmutableOopMap {rbp=Oop [44]=NarrowOop [52]=NarrowOop }
                      ;*if_icmple {reexecute=1 rethrow=0 return_oop=0}
                      ; - (reexecute) java.nio.Buffer::limit@55 (line 383)
                      ; - java.nio.ShortBuffer::limit@2 (line 1565)
                      ; - java.nio.ShortBuffer::limit@2 (line 285)
                      ; - com.badlogic.gdx.graphics.g2d.SpriteBatch::flush@97 (line 961)
                      ; - com.badlogic.gdx.graphics.g2d.SpriteBatch::end@25 (line 186)
  0x000001ddcf6d0c94: e836 9eff 

  0x000001ddcf6d0c98: ;   {other}
  0x000001ddcf6d0c98: 0f1f 8400 | 080a 0016 | ba45 ffff 

  0x000001ddcf6d0ca4: ;   {runtime_call UncommonTrapBlob}
  0x000001ddcf6d0ca4: ff66 90e8 

  0x000001ddcf6d0ca8: ; ImmutableOopMap {[32]=Oop [52]=NarrowOop }
                      ;*ifeq {reexecute=1 rethrow=0 return_oop=0}
                      ; - (reexecute) com.badlogic.gdx.graphics.g2d.SpriteBatch::flush@105 (line 963)
                      ; - com.badlogic.gdx.graphics.g2d.SpriteBatch::end@25 (line 186)
  0x000001ddcf6d0ca8: d436 9eff 

  0x000001ddcf6d0cac: ;   {other}
  0x000001ddcf6d0cac: 0f1f 8400 | 1c0a 0017 | ba45 ffff | ff44 8b44 | 2430 4489 | 4424 2844 | 8954 2430 

  0x000001ddcf6d0cc8: ;   {runtime_call UncommonTrapBlob}
  0x000001ddcf6d0cc8: 6666 90e8 

  0x000001ddcf6d0ccc: ; ImmutableOopMap {rbp=Oop [52]=NarrowOop }
                      ;*if_icmpeq {reexecute=1 rethrow=0 return_oop=0}
                      ; - (reexecute) com.badlogic.gdx.graphics.g2d.SpriteBatch::flush@138 (line 967)
                      ; - com.badlogic.gdx.graphics.g2d.SpriteBatch::end@25 (line 186)
  0x000001ddcf6d0ccc: b036 9eff 

  0x000001ddcf6d0cd0: ;   {other}
  0x000001ddcf6d0cd0: 0f1f 8400 | 400a 0018 | ba45 ffff 

  0x000001ddcf6d0cdc: ;   {runtime_call UncommonTrapBlob}
  0x000001ddcf6d0cdc: ff66 90e8 

  0x000001ddcf6d0ce0: ; ImmutableOopMap {rbp=NarrowOop [32]=Oop [52]=NarrowOop }
                      ;*ifnull {reexecute=1 rethrow=0 return_oop=0}
                      ; - (reexecute) com.badlogic.gdx.graphics.g2d.SpriteBatch::flush@170 (line 970)
                      ; - com.badlogic.gdx.graphics.g2d.SpriteBatch::end@25 (line 186)
  0x000001ddcf6d0ce0: 9c36 9eff 

  0x000001ddcf6d0ce4: ;   {other}
  0x000001ddcf6d0ce4: 0f1f 8400 | 540a 0019 | ba45 ffff | ff89 4c24 | 384c 895c | 2440 4489 | 4424 4889 | 5c24 4c4c 
  0x000001ddcf6d0d04: 894c 2458 | 4c89 4c24 | 6044 8954 

  0x000001ddcf6d0d10: ;   {runtime_call UncommonTrapBlob}
  0x000001ddcf6d0d10: 2474 90e8 

  0x000001ddcf6d0d14: ; ImmutableOopMap {[32]=Oop [56]=NarrowOop [64]=Oop [72]=NarrowOop [88]=Oop [96]=Oop }
                      ;*if_icmple {reexecute=1 rethrow=0 return_oop=0}
                      ; - (reexecute) java.nio.Buffer::limit@5 (line 379)
                      ; - java.nio.ByteBuffer::limit@2 (line 1565)
                      ; - java.nio.MappedByteBuffer::limit@2 (line 338)
                      ; - java.nio.MappedByteBuffer::limit@2 (line 73)
                      ; - com.badlogic.gdx.utils.BufferUtils::copy@11 (line 55)
                      ; - com.badlogic.gdx.graphics.glutils.VertexArray::setVertices@7 (line 93)
                      ; - com.badlogic.gdx.graphics.Mesh::setVertices@7 (line 330)
                      ; - com.badlogic.gdx.graphics.g2d.SpriteBatch::flush@76 (line 958)
                      ; - com.badlogic.gdx.graphics.g2d.SpriteBatch::end@25 (line 186)
  0x000001ddcf6d0d14: 6836 9eff 

  0x000001ddcf6d0d18: ;   {other}
  0x000001ddcf6d0d18: 0f1f 8400 | 880a 001a | ba45 ffff | ff48 8b6c | 2420 4889 | 4424 f88b | 4424 3089 | 4424 2848 
  0x000001ddcf6d0d38: 8b44 24f8 | 894c 2430 | 4c89 5c24 | 3844 8944 | 2440 895c | 2444 4c89 | 4c24 504c | 894c 2458 
  0x000001ddcf6d0d58: 4489 5424 

  0x000001ddcf6d0d5c: ;   {runtime_call UncommonTrapBlob}
  0x000001ddcf6d0d5c: 6c66 90e8 

  0x000001ddcf6d0d60: ; ImmutableOopMap {rbp=Oop [48]=NarrowOop [56]=Oop [64]=NarrowOop [80]=Oop [88]=Oop }
                      ;*ifge {reexecute=1 rethrow=0 return_oop=0}
                      ; - (reexecute) java.nio.Buffer::limit@14 (line 379)
                      ; - java.nio.ByteBuffer::limit@2 (line 1565)
                      ; - java.nio.MappedByteBuffer::limit@2 (line 338)
                      ; - java.nio.MappedByteBuffer::limit@2 (line 73)
                      ; - com.badlogic.gdx.utils.BufferUtils::copy@11 (line 55)
                      ; - com.badlogic.gdx.graphics.glutils.VertexArray::setVertices@7 (line 93)
                      ; - com.badlogic.gdx.graphics.Mesh::setVertices@7 (line 330)
                      ; - com.badlogic.gdx.graphics.g2d.SpriteBatch::flush@76 (line 958)
                      ; - com.badlogic.gdx.graphics.g2d.SpriteBatch::end@25 (line 186)
  0x000001ddcf6d0d60: 1c36 9eff 

  0x000001ddcf6d0d64: ;   {other}
  0x000001ddcf6d0d64: 0f1f 8400 | d40a 001b | ba45 ffff | ff89 4c24 | 384c 895c | 2440 4489 | 4424 4889 | 5c24 4c4c 
  0x000001ddcf6d0d84: 894c 2458 | 4c89 4c24 | 6044 8954 

  0x000001ddcf6d0d90: ;   {runtime_call UncommonTrapBlob}
  0x000001ddcf6d0d90: 2474 90e8 

  0x000001ddcf6d0d94: ; ImmutableOopMap {[32]=Oop [56]=NarrowOop [64]=Oop [72]=NarrowOop [88]=Oop [96]=Oop }
                      ;*if_icmple {reexecute=1 rethrow=0 return_oop=0}
                      ; - (reexecute) java.nio.Buffer::limit@42 (line 382)
                      ; - java.nio.ByteBuffer::limit@2 (line 1565)
                      ; - java.nio.MappedByteBuffer::limit@2 (line 338)
                      ; - java.nio.MappedByteBuffer::limit@2 (line 73)
                      ; - com.badlogic.gdx.utils.BufferUtils::copy@11 (line 55)
                      ; - com.badlogic.gdx.graphics.glutils.VertexArray::setVertices@7 (line 93)
                      ; - com.badlogic.gdx.graphics.Mesh::setVertices@7 (line 330)
                      ; - com.badlogic.gdx.graphics.g2d.SpriteBatch::flush@76 (line 958)
                      ; - com.badlogic.gdx.graphics.g2d.SpriteBatch::end@25 (line 186)
  0x000001ddcf6d0d94: e835 9eff 

  0x000001ddcf6d0d98: ;   {other}
  0x000001ddcf6d0d98: 0f1f 8400 | 080b 001c | ba45 ffff | ff89 4c24 | 384c 895c | 2440 4489 | 4424 4889 | 5c24 4c4c 
  0x000001ddcf6d0db8: 894c 2458 | 4c89 4c24 | 6044 8954 

  0x000001ddcf6d0dc4: ;   {runtime_call UncommonTrapBlob}
  0x000001ddcf6d0dc4: 2470 90e8 

  0x000001ddcf6d0dc8: ; ImmutableOopMap {[32]=Oop [56]=NarrowOop [64]=Oop [72]=NarrowOop [88]=Oop [96]=Oop }
                      ;*if_icmple {reexecute=1 rethrow=0 return_oop=0}
                      ; - (reexecute) java.nio.Buffer::limit@55 (line 383)
                      ; - java.nio.ByteBuffer::limit@2 (line 1565)
                      ; - java.nio.MappedByteBuffer::limit@2 (line 338)
                      ; - java.nio.MappedByteBuffer::limit@2 (line 73)
                      ; - com.badlogic.gdx.utils.BufferUtils::copy@11 (line 55)
                      ; - com.badlogic.gdx.graphics.glutils.VertexArray::setVertices@7 (line 93)
                      ; - com.badlogic.gdx.graphics.Mesh::setVertices@7 (line 330)
                      ; - com.badlogic.gdx.graphics.g2d.SpriteBatch::flush@76 (line 958)
                      ; - com.badlogic.gdx.graphics.g2d.SpriteBatch::end@25 (line 186)
  0x000001ddcf6d0dc8: b435 9eff 

  0x000001ddcf6d0dcc: ;   {other}
  0x000001ddcf6d0dcc: 0f1f 8400 | 3c0b 001d | ba45 ffff 

  0x000001ddcf6d0dd8: ;   {runtime_call UncommonTrapBlob}
  0x000001ddcf6d0dd8: ff66 90e8 

  0x000001ddcf6d0ddc: ; ImmutableOopMap {[32]=Oop [52]=NarrowOop [64]=Oop [72]=Oop }
                      ;*if_icmple {reexecute=1 rethrow=0 return_oop=0}
                      ; - (reexecute) java.nio.Buffer::position@5 (line 326)
                      ; - java.nio.ByteBuffer::position@2 (line 1551)
                      ; - java.nio.MappedByteBuffer::position@2 (line 328)
                      ; - java.nio.MappedByteBuffer::position@2 (line 73)
                      ; - com.badlogic.gdx.utils.BufferUtils::copy@40 (line 59)
                      ; - com.badlogic.gdx.graphics.glutils.VertexArray::setVertices@7 (line 93)
                      ; - com.badlogic.gdx.graphics.Mesh::setVertices@7 (line 330)
                      ; - com.badlogic.gdx.graphics.g2d.SpriteBatch::flush@76 (line 958)
                      ; - com.badlogic.gdx.graphics.g2d.SpriteBatch::end@25 (line 186)
  0x000001ddcf6d0ddc: a035 9eff 

  0x000001ddcf6d0de0: ;   {other}
  0x000001ddcf6d0de0: 0f1f 8400 | 500b 001e | ba45 ffff 

  0x000001ddcf6d0dec: ;   {runtime_call UncommonTrapBlob}
  0x000001ddcf6d0dec: ff66 90e8 

  0x000001ddcf6d0df0: ; ImmutableOopMap {[32]=Oop [52]=NarrowOop [64]=Oop [72]=Oop }
                      ;*if_icmple {reexecute=1 rethrow=0 return_oop=0}
                      ; - (reexecute) java.nio.Buffer::position@37 (line 328)
                      ; - java.nio.ByteBuffer::position@2 (line 1551)
                      ; - java.nio.MappedByteBuffer::position@2 (line 328)
                      ; - java.nio.MappedByteBuffer::position@2 (line 73)
                      ; - com.badlogic.gdx.utils.BufferUtils::copy@40 (line 59)
                      ; - com.badlogic.gdx.graphics.glutils.VertexArray::setVertices@7 (line 93)
                      ; - com.badlogic.gdx.graphics.Mesh::setVertices@7 (line 330)
                      ; - com.badlogic.gdx.graphics.g2d.SpriteBatch::flush@76 (line 958)
                      ; - com.badlogic.gdx.graphics.g2d.SpriteBatch::end@25 (line 186)
  0x000001ddcf6d0df0: 8c35 9eff 

  0x000001ddcf6d0df4: ;   {other}
  0x000001ddcf6d0df4: 0f1f 8400 | 640b 001f | ba45 ffff | ff89 4c24 

  0x000001ddcf6d0e04: ;   {runtime_call UncommonTrapBlob}
  0x000001ddcf6d0e04: 4c66 90e8 

  0x000001ddcf6d0e08: ; ImmutableOopMap {[32]=Oop [52]=NarrowOop [64]=Oop [76]=NarrowOop }
                      ;*if_icmple {reexecute=1 rethrow=0 return_oop=0}
                      ; - (reexecute) java.nio.Buffer::position@5 (line 326)
                      ; - java.nio.FloatBuffer::position@2 (line 1551)
                      ; - java.nio.FloatBuffer::position@2 (line 285)
                      ; - com.badlogic.gdx.graphics.glutils.VertexArray::setVertices@15 (line 94)
                      ; - com.badlogic.gdx.graphics.Mesh::setVertices@7 (line 330)
                      ; - com.badlogic.gdx.graphics.g2d.SpriteBatch::flush@76 (line 958)
                      ; - com.badlogic.gdx.graphics.g2d.SpriteBatch::end@25 (line 186)
  0x000001ddcf6d0e08: 7435 9eff 

  0x000001ddcf6d0e0c: ;   {other}
  0x000001ddcf6d0e0c: 0f1f 8400 | 7c0b 0020 | ba45 ffff | ff48 8b6c | 2420 448b | 5c24 3044 | 895c 2428 | 448b 4424 
  0x000001ddcf6d0e2c: 3444 8944 | 2430 448b | 5424 3844 | 8954 2434 | 894c 243c | 4489 4c24 

  0x000001ddcf6d0e44: ;   {runtime_call UncommonTrapBlob}
  0x000001ddcf6d0e44: 4866 90e8 

  0x000001ddcf6d0e48: ; ImmutableOopMap {rbp=Oop [48]=NarrowOop [60]=NarrowOop [64]=Oop }
                      ;*if_icmple {reexecute=1 rethrow=0 return_oop=0}
                      ; - (reexecute) java.nio.Buffer::position@37 (line 328)
                      ; - java.nio.FloatBuffer::position@2 (line 1551)
                      ; - java.nio.FloatBuffer::position@2 (line 285)
                      ; - com.badlogic.gdx.graphics.glutils.VertexArray::setVertices@15 (line 94)
                      ; - com.badlogic.gdx.graphics.Mesh::setVertices@7 (line 330)
                      ; - com.badlogic.gdx.graphics.g2d.SpriteBatch::flush@76 (line 958)
                      ; - com.badlogic.gdx.graphics.g2d.SpriteBatch::end@25 (line 186)
  0x000001ddcf6d0e48: 3435 9eff 

  0x000001ddcf6d0e4c: ;   {other}
  0x000001ddcf6d0e4c: 0f1f 8400 | bc0b 0021 | ba45 ffff | ff89 4c24 | 4044 8954 

  0x000001ddcf6d0e60: ;   {runtime_call UncommonTrapBlob}
  0x000001ddcf6d0e60: 2448 90e8 

  0x000001ddcf6d0e64: ; ImmutableOopMap {[32]=Oop [52]=NarrowOop [64]=NarrowOop }
                      ;*if_icmple {reexecute=1 rethrow=0 return_oop=0}
                      ; - (reexecute) java.nio.Buffer::limit@5 (line 379)
                      ; - java.nio.FloatBuffer::limit@2 (line 1565)
                      ; - java.nio.FloatBuffer::limit@2 (line 285)
                      ; - com.badlogic.gdx.graphics.glutils.VertexArray::setVertices@24 (line 95)
                      ; - com.badlogic.gdx.graphics.Mesh::setVertices@7 (line 330)
                      ; - com.badlogic.gdx.graphics.g2d.SpriteBatch::flush@76 (line 958)
                      ; - com.badlogic.gdx.graphics.g2d.SpriteBatch::end@25 (line 186)
  0x000001ddcf6d0e64: 1835 9eff 

  0x000001ddcf6d0e68: ;   {other}
  0x000001ddcf6d0e68: 0f1f 8400 | d80b 0022 | ba45 ffff | ff48 8b6c | 2420 448b | 5c24 3044 | 895c 2428 | 448b 4424 
  0x000001ddcf6d0e88: 3444 8944 | 2430 894c | 2438 4489 

  0x000001ddcf6d0e94: ;   {runtime_call UncommonTrapBlob}
  0x000001ddcf6d0e94: 5424 40e8 

  0x000001ddcf6d0e98: ; ImmutableOopMap {rbp=Oop [48]=NarrowOop [56]=NarrowOop }
                      ;*ifge {reexecute=1 rethrow=0 return_oop=0}
                      ; - (reexecute) java.nio.Buffer::limit@14 (line 379)
                      ; - java.nio.FloatBuffer::limit@2 (line 1565)
                      ; - java.nio.FloatBuffer::limit@2 (line 285)
                      ; - com.badlogic.gdx.graphics.glutils.VertexArray::setVertices@24 (line 95)
                      ; - com.badlogic.gdx.graphics.Mesh::setVertices@7 (line 330)
                      ; - com.badlogic.gdx.graphics.g2d.SpriteBatch::flush@76 (line 958)
                      ; - com.badlogic.gdx.graphics.g2d.SpriteBatch::end@25 (line 186)
  0x000001ddcf6d0e98: e434 9eff 

  0x000001ddcf6d0e9c: ;   {other}
  0x000001ddcf6d0e9c: 0f1f 8400 | 0c0c 0023 | ba45 ffff | ff48 8b6c | 2420 448b | 5c24 3044 | 895c 2428 | 448b 4424 
  0x000001ddcf6d0ebc: 3444 8944 | 2430 894c | 2438 4489 | 4c24 3c44 | 8954 2440 

  0x000001ddcf6d0ed0: ;   {runtime_call UncommonTrapBlob}
  0x000001ddcf6d0ed0: 6666 90e8 

  0x000001ddcf6d0ed4: ; ImmutableOopMap {rbp=Oop [48]=NarrowOop [56]=NarrowOop }
                      ;*if_icmple {reexecute=1 rethrow=0 return_oop=0}
                      ; - (reexecute) java.nio.Buffer::limit@55 (line 383)
                      ; - java.nio.FloatBuffer::limit@2 (line 1565)
                      ; - java.nio.FloatBuffer::limit@2 (line 285)
                      ; - com.badlogic.gdx.graphics.glutils.VertexArray::setVertices@24 (line 95)
                      ; - com.badlogic.gdx.graphics.Mesh::setVertices@7 (line 330)
                      ; - com.badlogic.gdx.graphics.g2d.SpriteBatch::flush@76 (line 958)
                      ; - com.badlogic.gdx.graphics.g2d.SpriteBatch::end@25 (line 186)
  0x000001ddcf6d0ed4: a834 9eff 

  0x000001ddcf6d0ed8: ;   {other}
  0x000001ddcf6d0ed8: 0f1f 8400 | 480c 0024 | bac6 ffff | ff48 8944 | 24f8 8b44 | 2430 8944 | 2428 488b | 4424 f889 
  0x000001ddcf6d0ef8: 4c24 3044 | 894c 2434 | 4489 4424 | 3889 5c24 

  0x000001ddcf6d0f08: ;   {runtime_call UncommonTrapBlob}
  0x000001ddcf6d0f08: 3c66 90e8 

  0x000001ddcf6d0f0c: ; ImmutableOopMap {rbp=Oop [48]=NarrowOop [52]=NarrowOop [56]=NarrowOop }
                      ;*invokeinterface setVertices {reexecute=0 rethrow=0 return_oop=0}
                      ; - com.badlogic.gdx.graphics.Mesh::setVertices@7 (line 330)
                      ; - com.badlogic.gdx.graphics.g2d.SpriteBatch::flush@76 (line 958)
                      ; - com.badlogic.gdx.graphics.g2d.SpriteBatch::end@25 (line 186)
  0x000001ddcf6d0f0c: 7034 9eff 

  0x000001ddcf6d0f10: ;   {other}
  0x000001ddcf6d0f10: 0f1f 8400 | 800c 0025 | bade ffff | ff89 4c24 | 384c 895c | 2440 4489 | 4424 4889 | 5c24 4c44 
  0x000001ddcf6d0f30: 8954 2450 

  0x000001ddcf6d0f34: ;   {runtime_call UncommonTrapBlob}
  0x000001ddcf6d0f34: 6666 90e8 

  0x000001ddcf6d0f38: ; ImmutableOopMap {rbp=NarrowOop [32]=Oop [56]=NarrowOop [64]=Oop [72]=NarrowOop }
                      ;*invokevirtual limit {reexecute=0 rethrow=0 return_oop=0}
                      ; - com.badlogic.gdx.utils.BufferUtils::copy@11 (line 55)
                      ; - com.badlogic.gdx.graphics.glutils.VertexBufferObject::setVertices@12 (line 142)
                      ; - com.badlogic.gdx.graphics.Mesh::setVertices@7 (line 330)
                      ; - com.badlogic.gdx.graphics.g2d.SpriteBatch::flush@76 (line 958)
                      ; - com.badlogic.gdx.graphics.g2d.SpriteBatch::end@25 (line 186)
  0x000001ddcf6d0f38: 4434 9eff 

  0x000001ddcf6d0f3c: ;   {other}
  0x000001ddcf6d0f3c: 0f1f 8400 | ac0c 0026 | ba45 ffff | ff89 4c24 | 384c 895c | 2440 4489 | 4424 4889 | 5c24 4c4c 
  0x000001ddcf6d0f5c: 894c 2458 | 4c89 4c24 | 6044 8954 

  0x000001ddcf6d0f68: ;   {runtime_call UncommonTrapBlob}
  0x000001ddcf6d0f68: 2474 90e8 

  0x000001ddcf6d0f6c: ; ImmutableOopMap {[32]=Oop [56]=NarrowOop [64]=Oop [72]=NarrowOop [88]=Oop [96]=Oop }
                      ;*if_icmple {reexecute=1 rethrow=0 return_oop=0}
                      ; - (reexecute) java.nio.Buffer::limit@5 (line 379)
                      ; - java.nio.ByteBuffer::limit@2 (line 1565)
                      ; - java.nio.MappedByteBuffer::limit@2 (line 338)
                      ; - java.nio.MappedByteBuffer::limit@2 (line 73)
                      ; - com.badlogic.gdx.utils.BufferUtils::copy@11 (line 55)
                      ; - com.badlogic.gdx.graphics.glutils.VertexBufferObject::setVertices@12 (line 142)
                      ; - com.badlogic.gdx.graphics.Mesh::setVertices@7 (line 330)
                      ; - com.badlogic.gdx.graphics.g2d.SpriteBatch::flush@76 (line 958)
                      ; - com.badlogic.gdx.graphics.g2d.SpriteBatch::end@25 (line 186)
  0x000001ddcf6d0f6c: 1034 9eff 

  0x000001ddcf6d0f70: ;   {other}
  0x000001ddcf6d0f70: 0f1f 8400 | e00c 0027 | ba45 ffff | ff48 8b6c | 2420 4889 | 4424 f88b | 4424 3089 | 4424 2848 
  0x000001ddcf6d0f90: 8b44 24f8 | 894c 2430 | 4c89 5c24 | 3844 8944 | 2440 895c | 2444 4c89 | 4c24 504c | 894c 2458 
  0x000001ddcf6d0fb0: 4489 5424 

  0x000001ddcf6d0fb4: ;   {runtime_call UncommonTrapBlob}
  0x000001ddcf6d0fb4: 6c66 90e8 

  0x000001ddcf6d0fb8: ; ImmutableOopMap {rbp=Oop [48]=NarrowOop [56]=Oop [64]=NarrowOop [80]=Oop [88]=Oop }
                      ;*ifge {reexecute=1 rethrow=0 return_oop=0}
                      ; - (reexecute) java.nio.Buffer::limit@14 (line 379)
                      ; - java.nio.ByteBuffer::limit@2 (line 1565)
                      ; - java.nio.MappedByteBuffer::limit@2 (line 338)
                      ; - java.nio.MappedByteBuffer::limit@2 (line 73)
                      ; - com.badlogic.gdx.utils.BufferUtils::copy@11 (line 55)
                      ; - com.badlogic.gdx.graphics.glutils.VertexBufferObject::setVertices@12 (line 142)
                      ; - com.badlogic.gdx.graphics.Mesh::setVertices@7 (line 330)
                      ; - com.badlogic.gdx.graphics.g2d.SpriteBatch::flush@76 (line 958)
                      ; - com.badlogic.gdx.graphics.g2d.SpriteBatch::end@25 (line 186)
  0x000001ddcf6d0fb8: c433 9eff 

  0x000001ddcf6d0fbc: ;   {other}
  0x000001ddcf6d0fbc: 0f1f 8400 | 2c0d 0028 | ba45 ffff | ff89 4c24 | 384c 895c | 2440 4489 | 4424 4889 | 5c24 4c4c 
  0x000001ddcf6d0fdc: 894c 2458 | 4c89 4c24 | 6044 8954 

  0x000001ddcf6d0fe8: ;   {runtime_call UncommonTrapBlob}
  0x000001ddcf6d0fe8: 2474 90e8 

  0x000001ddcf6d0fec: ; ImmutableOopMap {[32]=Oop [56]=NarrowOop [64]=Oop [72]=NarrowOop [88]=Oop [96]=Oop }
                      ;*if_icmple {reexecute=1 rethrow=0 return_oop=0}
                      ; - (reexecute) java.nio.Buffer::limit@42 (line 382)
                      ; - java.nio.ByteBuffer::limit@2 (line 1565)
                      ; - java.nio.MappedByteBuffer::limit@2 (line 338)
                      ; - java.nio.MappedByteBuffer::limit@2 (line 73)
                      ; - com.badlogic.gdx.utils.BufferUtils::copy@11 (line 55)
                      ; - com.badlogic.gdx.graphics.glutils.VertexBufferObject::setVertices@12 (line 142)
                      ; - com.badlogic.gdx.graphics.Mesh::setVertices@7 (line 330)
                      ; - com.badlogic.gdx.graphics.g2d.SpriteBatch::flush@76 (line 958)
                      ; - com.badlogic.gdx.graphics.g2d.SpriteBatch::end@25 (line 186)
  0x000001ddcf6d0fec: 9033 9eff 

  0x000001ddcf6d0ff0: ;   {other}
  0x000001ddcf6d0ff0: 0f1f 8400 | 600d 0029 | ba45 ffff | ff89 4c24 | 384c 895c | 2440 4489 | 4424 4889 | 5c24 4c4c 
  0x000001ddcf6d1010: 894c 2458 | 4c89 4c24 | 6044 8954 

  0x000001ddcf6d101c: ;   {runtime_call UncommonTrapBlob}
  0x000001ddcf6d101c: 2470 90e8 

  0x000001ddcf6d1020: ; ImmutableOopMap {[32]=Oop [56]=NarrowOop [64]=Oop [72]=NarrowOop [88]=Oop [96]=Oop }
                      ;*if_icmple {reexecute=1 rethrow=0 return_oop=0}
                      ; - (reexecute) java.nio.Buffer::limit@55 (line 383)
                      ; - java.nio.ByteBuffer::limit@2 (line 1565)
                      ; - java.nio.MappedByteBuffer::limit@2 (line 338)
                      ; - java.nio.MappedByteBuffer::limit@2 (line 73)
                      ; - com.badlogic.gdx.utils.BufferUtils::copy@11 (line 55)
                      ; - com.badlogic.gdx.graphics.glutils.VertexBufferObject::setVertices@12 (line 142)
                      ; - com.badlogic.gdx.graphics.Mesh::setVertices@7 (line 330)
                      ; - com.badlogic.gdx.graphics.g2d.SpriteBatch::flush@76 (line 958)
                      ; - com.badlogic.gdx.graphics.g2d.SpriteBatch::end@25 (line 186)
  0x000001ddcf6d1020: 5c33 9eff 

  0x000001ddcf6d1024: ;   {other}
  0x000001ddcf6d1024: 0f1f 8400 | 940d 002a | ba45 ffff 

  0x000001ddcf6d1030: ;   {runtime_call UncommonTrapBlob}
  0x000001ddcf6d1030: ff66 90e8 

  0x000001ddcf6d1034: ; ImmutableOopMap {[32]=Oop [52]=NarrowOop [64]=Oop [72]=Oop }
                      ;*if_icmple {reexecute=1 rethrow=0 return_oop=0}
                      ; - (reexecute) java.nio.Buffer::position@5 (line 326)
                      ; - java.nio.ByteBuffer::position@2 (line 1551)
                      ; - java.nio.MappedByteBuffer::position@2 (line 328)
                      ; - java.nio.MappedByteBuffer::position@2 (line 73)
                      ; - com.badlogic.gdx.utils.BufferUtils::copy@40 (line 59)
                      ; - com.badlogic.gdx.graphics.glutils.VertexBufferObject::setVertices@12 (line 142)
                      ; - com.badlogic.gdx.graphics.Mesh::setVertices@7 (line 330)
                      ; - com.badlogic.gdx.graphics.g2d.SpriteBatch::flush@76 (line 958)
                      ; - com.badlogic.gdx.graphics.g2d.SpriteBatch::end@25 (line 186)
  0x000001ddcf6d1034: 4833 9eff 

  0x000001ddcf6d1038: ;   {other}
  0x000001ddcf6d1038: 0f1f 8400 | a80d 002b | ba45 ffff 

  0x000001ddcf6d1044: ;   {runtime_call UncommonTrapBlob}
  0x000001ddcf6d1044: ff66 90e8 

  0x000001ddcf6d1048: ; ImmutableOopMap {[32]=Oop [52]=NarrowOop [64]=Oop [72]=Oop }
                      ;*if_icmple {reexecute=1 rethrow=0 return_oop=0}
                      ; - (reexecute) java.nio.Buffer::position@37 (line 328)
                      ; - java.nio.ByteBuffer::position@2 (line 1551)
                      ; - java.nio.MappedByteBuffer::position@2 (line 328)
                      ; - java.nio.MappedByteBuffer::position@2 (line 73)
                      ; - com.badlogic.gdx.utils.BufferUtils::copy@40 (line 59)
                      ; - com.badlogic.gdx.graphics.glutils.VertexBufferObject::setVertices@12 (line 142)
                      ; - com.badlogic.gdx.graphics.Mesh::setVertices@7 (line 330)
                      ; - com.badlogic.gdx.graphics.g2d.SpriteBatch::flush@76 (line 958)
                      ; - com.badlogic.gdx.graphics.g2d.SpriteBatch::end@25 (line 186)
  0x000001ddcf6d1048: 3433 9eff 

  0x000001ddcf6d104c: ;   {other}
  0x000001ddcf6d104c: 0f1f 8400 | bc0d 002c | ba45 ffff | ff89 4c24 

  0x000001ddcf6d105c: ;   {runtime_call UncommonTrapBlob}
  0x000001ddcf6d105c: 4c66 90e8 

  0x000001ddcf6d1060: ; ImmutableOopMap {[32]=Oop [52]=NarrowOop [64]=Oop [76]=NarrowOop }
                      ;*if_icmple {reexecute=1 rethrow=0 return_oop=0}
                      ; - (reexecute) java.nio.Buffer::position@5 (line 326)
                      ; - java.nio.FloatBuffer::position@2 (line 1551)
                      ; - java.nio.FloatBuffer::position@2 (line 285)
                      ; - com.badlogic.gdx.graphics.glutils.VertexBufferObject::setVertices@20 (line 143)
                      ; - com.badlogic.gdx.graphics.Mesh::setVertices@7 (line 330)
                      ; - com.badlogic.gdx.graphics.g2d.SpriteBatch::flush@76 (line 958)
                      ; - com.badlogic.gdx.graphics.g2d.SpriteBatch::end@25 (line 186)
  0x000001ddcf6d1060: 1c33 9eff 

  0x000001ddcf6d1064: ;   {other}
  0x000001ddcf6d1064: 0f1f 8400 | d40d 002d | ba45 ffff | ff48 8b6c | 2420 448b | 5c24 3044 | 895c 2428 | 448b 5424 
  0x000001ddcf6d1084: 3444 8954 | 2430 448b | 5c24 3844 | 895c 2434 | 894c 243c | 897c 2448 

  0x000001ddcf6d109c: ;   {runtime_call UncommonTrapBlob}
  0x000001ddcf6d109c: 6666 90e8 

  0x000001ddcf6d10a0: ; ImmutableOopMap {rbp=Oop [48]=NarrowOop [60]=NarrowOop [64]=Oop }
                      ;*if_icmple {reexecute=1 rethrow=0 return_oop=0}
                      ; - (reexecute) java.nio.Buffer::position@37 (line 328)
                      ; - java.nio.FloatBuffer::position@2 (line 1551)
                      ; - java.nio.FloatBuffer::position@2 (line 285)
                      ; - com.badlogic.gdx.graphics.glutils.VertexBufferObject::setVertices@20 (line 143)
                      ; - com.badlogic.gdx.graphics.Mesh::setVertices@7 (line 330)
                      ; - com.badlogic.gdx.graphics.g2d.SpriteBatch::flush@76 (line 958)
                      ; - com.badlogic.gdx.graphics.g2d.SpriteBatch::end@25 (line 186)
  0x000001ddcf6d10a0: dc32 9eff 

  0x000001ddcf6d10a4: ;   {other}
  0x000001ddcf6d10a4: 0f1f 8400 | 140e 002e | ba45 ffff | ff89 4c24 | 4844 8954 

  0x000001ddcf6d10b8: ;   {runtime_call UncommonTrapBlob}
  0x000001ddcf6d10b8: 2450 90e8 

  0x000001ddcf6d10bc: ; ImmutableOopMap {[32]=Oop [52]=NarrowOop [64]=Oop [72]=NarrowOop }
                      ;*if_icmple {reexecute=1 rethrow=0 return_oop=0}
                      ; - (reexecute) java.nio.Buffer::limit@5 (line 379)
                      ; - java.nio.FloatBuffer::limit@2 (line 1565)
                      ; - java.nio.FloatBuffer::limit@2 (line 285)
                      ; - com.badlogic.gdx.graphics.glutils.VertexBufferObject::setVertices@29 (line 144)
                      ; - com.badlogic.gdx.graphics.Mesh::setVertices@7 (line 330)
                      ; - com.badlogic.gdx.graphics.g2d.SpriteBatch::flush@76 (line 958)
                      ; - com.badlogic.gdx.graphics.g2d.SpriteBatch::end@25 (line 186)
  0x000001ddcf6d10bc: c032 9eff 

  0x000001ddcf6d10c0: ;   {other}
  0x000001ddcf6d10c0: 0f1f 8400 | 300e 002f | ba45 ffff | ff48 8b6c | 2420 448b | 4424 3044 | 8944 2428 | 448b 5c24 
  0x000001ddcf6d10e0: 3444 895c | 2430 4c89 | 4c24 3889 | 4c24 4044 | 8954 2448 

  0x000001ddcf6d10f4: ;   {runtime_call UncommonTrapBlob}
  0x000001ddcf6d10f4: 6666 90e8 

  0x000001ddcf6d10f8: ; ImmutableOopMap {rbp=Oop [48]=NarrowOop [56]=Oop [64]=NarrowOop }
                      ;*ifge {reexecute=1 rethrow=0 return_oop=0}
                      ; - (reexecute) java.nio.Buffer::limit@14 (line 379)
                      ; - java.nio.FloatBuffer::limit@2 (line 1565)
                      ; - java.nio.FloatBuffer::limit@2 (line 285)
                      ; - com.badlogic.gdx.graphics.glutils.VertexBufferObject::setVertices@29 (line 144)
                      ; - com.badlogic.gdx.graphics.Mesh::setVertices@7 (line 330)
                      ; - com.badlogic.gdx.graphics.g2d.SpriteBatch::flush@76 (line 958)
                      ; - com.badlogic.gdx.graphics.g2d.SpriteBatch::end@25 (line 186)
  0x000001ddcf6d10f8: 8432 9eff 

  0x000001ddcf6d10fc: ;   {other}
  0x000001ddcf6d10fc: 0f1f 8400 | 6c0e 0030 | ba45 ffff | ff48 8b6c | 2420 448b | 4424 3044 | 8944 2428 | 448b 5c24 
  0x000001ddcf6d111c: 3444 895c | 2430 4c89 | 4c24 3889 | 4c24 4089 | 7c24 4444 | 8954 2448 

  0x000001ddcf6d1134: ;   {runtime_call UncommonTrapBlob}
  0x000001ddcf6d1134: 6666 90e8 

  0x000001ddcf6d1138: ; ImmutableOopMap {rbp=Oop [48]=NarrowOop [56]=Oop [64]=NarrowOop }
                      ;*if_icmple {reexecute=1 rethrow=0 return_oop=0}
                      ; - (reexecute) java.nio.Buffer::limit@55 (line 383)
                      ; - java.nio.FloatBuffer::limit@2 (line 1565)
                      ; - java.nio.FloatBuffer::limit@2 (line 285)
                      ; - com.badlogic.gdx.graphics.glutils.VertexBufferObject::setVertices@29 (line 144)
                      ; - com.badlogic.gdx.graphics.Mesh::setVertices@7 (line 330)
                      ; - com.badlogic.gdx.graphics.g2d.SpriteBatch::flush@76 (line 958)
                      ; - com.badlogic.gdx.graphics.g2d.SpriteBatch::end@25 (line 186)
  0x000001ddcf6d1138: 4432 9eff 

  0x000001ddcf6d113c: ;   {other}
  0x000001ddcf6d113c: 0f1f 8400 | ac0e 0031 | 488b d0eb | 2148 8bd0 | eb1c 488b | d0eb 1748 | 8bd0 eb12 | 488b d0eb 
  0x000001ddcf6d115c: 0d48 8bd0 | eb08 488b | d0eb 0348 | 8bd0 4881 | c490 0000 

  0x000001ddcf6d1170: ;   {runtime_call _rethrow_Java}
  0x000001ddcf6d1170: 005d e989 | a2aa ffba | f6ff ffff 

  0x000001ddcf6d117c: ;   {runtime_call UncommonTrapBlob}
  0x000001ddcf6d117c: 6666 90e8 

  0x000001ddcf6d1180: ; ImmutableOopMap {}
                      ;*invokevirtual bind {reexecute=0 rethrow=0 return_oop=0}
                      ; - com.badlogic.gdx.graphics.g2d.SpriteBatch::flush@58 (line 956)
                      ; - com.badlogic.gdx.graphics.g2d.SpriteBatch::end@25 (line 186)
  0x000001ddcf6d1180: fc31 9eff 

  0x000001ddcf6d1184: ;   {other}
  0x000001ddcf6d1184: 0f1f 8400 | f40e 0032 | baf6 ffff | ff41 8beb | 894c 2420 

  0x000001ddcf6d1198: ;   {runtime_call UncommonTrapBlob}
  0x000001ddcf6d1198: 6666 90e8 

  0x000001ddcf6d119c: ; ImmutableOopMap {}
                      ;*invokeinterface glBindTexture {reexecute=0 rethrow=0 return_oop=0}
                      ; - com.badlogic.gdx.graphics.GLTexture::bind@11 (line 73)
                      ; - com.badlogic.gdx.graphics.g2d.SpriteBatch::flush@58 (line 956)
                      ; - com.badlogic.gdx.graphics.g2d.SpriteBatch::end@25 (line 186)
  0x000001ddcf6d119c: e031 9eff 

  0x000001ddcf6d11a0: ;   {other}
  0x000001ddcf6d11a0: 0f1f 8400 | 100f 0033 | baf6 ffff | ff41 8be8 | 895c 2420 

  0x000001ddcf6d11b4: ;   {runtime_call UncommonTrapBlob}
  0x000001ddcf6d11b4: 6666 90e8 

  0x000001ddcf6d11b8: ; ImmutableOopMap {rbp=NarrowOop }
                      ;*invokevirtual setVertices {reexecute=0 rethrow=0 return_oop=0}
                      ; - com.badlogic.gdx.graphics.g2d.SpriteBatch::flush@76 (line 958)
                      ; - com.badlogic.gdx.graphics.g2d.SpriteBatch::end@25 (line 186)
  0x000001ddcf6d11b8: c431 9eff 

  0x000001ddcf6d11bc: ;   {other}
  0x000001ddcf6d11bc: 0f1f 8400 | 2c0f 0034 | baf6 ffff | ff41 8be8 | 895c 2420 

  0x000001ddcf6d11d0: ;   {runtime_call UncommonTrapBlob}
  0x000001ddcf6d11d0: 6666 90e8 

  0x000001ddcf6d11d4: ; ImmutableOopMap {rbp=NarrowOop }
                      ;*invokeinterface setVertices {reexecute=0 rethrow=0 return_oop=0}
                      ; - com.badlogic.gdx.graphics.Mesh::setVertices@7 (line 330)
                      ; - com.badlogic.gdx.graphics.g2d.SpriteBatch::flush@76 (line 958)
                      ; - com.badlogic.gdx.graphics.g2d.SpriteBatch::end@25 (line 186)
  0x000001ddcf6d11d4: a831 9eff 

  0x000001ddcf6d11d8: ;   {other}
  0x000001ddcf6d11d8: 0f1f 8400 | 480f 0035 | baf6 ffff 

  0x000001ddcf6d11e4: ;   {runtime_call UncommonTrapBlob}
  0x000001ddcf6d11e4: ff66 90e8 

  0x000001ddcf6d11e8: ; ImmutableOopMap {}
                      ;*invokeinterface getBuffer {reexecute=0 rethrow=0 return_oop=0}
                      ; - com.badlogic.gdx.graphics.Mesh::getIndicesBuffer@5 (line 971)
                      ; - com.badlogic.gdx.graphics.g2d.SpriteBatch::flush@82 (line 959)
                      ; - com.badlogic.gdx.graphics.g2d.SpriteBatch::end@25 (line 186)
  0x000001ddcf6d11e8: 9431 9eff 

  0x000001ddcf6d11ec: ;   {other}
  0x000001ddcf6d11ec: 0f1f 8400 | 5c0f 0036 | baf6 ffff 

  0x000001ddcf6d11f8: ;   {runtime_call UncommonTrapBlob}
  0x000001ddcf6d11f8: ff66 90e8 

  0x000001ddcf6d11fc: ; ImmutableOopMap {}
                      ;*invokevirtual position {reexecute=0 rethrow=0 return_oop=0}
                      ; - com.badlogic.gdx.graphics.g2d.SpriteBatch::flush@90 (line 960)
                      ; - com.badlogic.gdx.graphics.g2d.SpriteBatch::end@25 (line 186)
  0x000001ddcf6d11fc: 8031 9eff 

  0x000001ddcf6d1200: ;   {other}
  0x000001ddcf6d1200: 0f1f 8400 | 700f 0037 | baf6 ffff 

  0x000001ddcf6d120c: ;   {runtime_call UncommonTrapBlob}
  0x000001ddcf6d120c: ff66 90e8 

  0x000001ddcf6d1210: ; ImmutableOopMap {}
                      ;*invokeinterface glEnable {reexecute=0 rethrow=0 return_oop=0}
                      ; - com.badlogic.gdx.graphics.g2d.SpriteBatch::flush@128 (line 966)
                      ; - com.badlogic.gdx.graphics.g2d.SpriteBatch::end@25 (line 186)
  0x000001ddcf6d1210: 6c31 9eff 

  0x000001ddcf6d1214: ;   {other}
  0x000001ddcf6d1214: 0f1f 8400 | 840f 0038 | baf6 ffff | ff41 8bea | 4489 4424 | 2044 894c | 2424 897c 

  0x000001ddcf6d1230: ;   {runtime_call UncommonTrapBlob}
  0x000001ddcf6d1230: 2428 90e8 

  0x000001ddcf6d1234: ; ImmutableOopMap {}
                      ;*invokeinterface glBlendFuncSeparate {reexecute=0 rethrow=0 return_oop=0}
                      ; - com.badlogic.gdx.graphics.g2d.SpriteBatch::flush@160 (line 967)
                      ; - com.badlogic.gdx.graphics.g2d.SpriteBatch::end@25 (line 186)
  0x000001ddcf6d1234: 4831 9eff 

  0x000001ddcf6d1238: ;   {other}
  0x000001ddcf6d1238: 0f1f 8400 | a80f 0039 | baf6 ffff 

  0x000001ddcf6d1244: ;   {runtime_call UncommonTrapBlob}
  0x000001ddcf6d1244: ff66 90e8 

  0x000001ddcf6d1248: ; ImmutableOopMap {}
                      ;*invokeinterface glDepthMask {reexecute=0 rethrow=0 return_oop=0}
                      ; - com.badlogic.gdx.graphics.g2d.SpriteBatch::end@44 (line 191)
  0x000001ddcf6d1248: 3431 9eff 

  0x000001ddcf6d124c: ;   {other}
  0x000001ddcf6d124c: 0f1f 8400 | bc0f 003a | baf4 ffff | ff48 8b6c | 2420 4889 | 4424 f88b | 4424 3089 | 4424 2848 
  0x000001ddcf6d126c: 8b44 24f8 | 894c 2430 | 4c89 5c24 | 3844 8944 | 2440 895c 

  0x000001ddcf6d1280: ;   {runtime_call UncommonTrapBlob}
  0x000001ddcf6d1280: 2444 90e8 

  0x000001ddcf6d1284: ; ImmutableOopMap {rbp=Oop [48]=NarrowOop [56]=Oop [64]=NarrowOop }
                      ;*instanceof {reexecute=0 rethrow=0 return_oop=0}
                      ; - com.badlogic.gdx.utils.BufferUtils::copy@1 (line 54)
                      ; - com.badlogic.gdx.graphics.glutils.VertexArray::setVertices@7 (line 93)
                      ; - com.badlogic.gdx.graphics.Mesh::setVertices@7 (line 330)
                      ; - com.badlogic.gdx.graphics.g2d.SpriteBatch::flush@76 (line 958)
                      ; - com.badlogic.gdx.graphics.g2d.SpriteBatch::end@25 (line 186)
  0x000001ddcf6d1284: f830 9eff 

  0x000001ddcf6d1288: ;   {other}
  0x000001ddcf6d1288: 0f1f 8400 | f80f 003b | baf6 ffff 

  0x000001ddcf6d1294: ;   {runtime_call UncommonTrapBlob}
  0x000001ddcf6d1294: ff66 90e8 

  0x000001ddcf6d1298: ; ImmutableOopMap {}
                      ;*invokevirtual position {reexecute=0 rethrow=0 return_oop=0}
                      ; - com.badlogic.gdx.graphics.glutils.VertexArray::setVertices@15 (line 94)
                      ; - com.badlogic.gdx.graphics.Mesh::setVertices@7 (line 330)
                      ; - com.badlogic.gdx.graphics.g2d.SpriteBatch::flush@76 (line 958)
                      ; - com.badlogic.gdx.graphics.g2d.SpriteBatch::end@25 (line 186)
  0x000001ddcf6d1298: e430 9eff 

  0x000001ddcf6d129c: ;   {other}
  0x000001ddcf6d129c: 0f1f 8400 | 0c10 003c | baf4 ffff | ff48 8b6c | 2420 4889 | 4424 f88b | 4424 3089 | 4424 2848 
  0x000001ddcf6d12bc: 8b44 24f8 | 894c 2430 | 4c89 5c24 | 3844 8944 | 2440 895c 

  0x000001ddcf6d12d0: ;   {runtime_call UncommonTrapBlob}
  0x000001ddcf6d12d0: 2444 90e8 

  0x000001ddcf6d12d4: ; ImmutableOopMap {rbp=Oop [48]=NarrowOop [56]=Oop [64]=NarrowOop }
                      ;*instanceof {reexecute=0 rethrow=0 return_oop=0}
                      ; - com.badlogic.gdx.utils.BufferUtils::copy@1 (line 54)
                      ; - com.badlogic.gdx.graphics.glutils.VertexBufferObject::setVertices@12 (line 142)
                      ; - com.badlogic.gdx.graphics.Mesh::setVertices@7 (line 330)
                      ; - com.badlogic.gdx.graphics.g2d.SpriteBatch::flush@76 (line 958)
                      ; - com.badlogic.gdx.graphics.g2d.SpriteBatch::end@25 (line 186)
  0x000001ddcf6d12d4: a830 9eff 

  0x000001ddcf6d12d8: ;   {other}
  0x000001ddcf6d12d8: 0f1f 8400 | 4810 003d | baf6 ffff 

  0x000001ddcf6d12e4: ;   {runtime_call UncommonTrapBlob}
  0x000001ddcf6d12e4: ff66 90e8 

  0x000001ddcf6d12e8: ; ImmutableOopMap {}
                      ;*invokevirtual position {reexecute=0 rethrow=0 return_oop=0}
                      ; - com.badlogic.gdx.graphics.glutils.VertexBufferObject::setVertices@20 (line 143)
                      ; - com.badlogic.gdx.graphics.Mesh::setVertices@7 (line 330)
                      ; - com.badlogic.gdx.graphics.g2d.SpriteBatch::flush@76 (line 958)
                      ; - com.badlogic.gdx.graphics.g2d.SpriteBatch::end@25 (line 186)
  0x000001ddcf6d12e8: 9430 9eff 

  0x000001ddcf6d12ec: ;   {other}
  0x000001ddcf6d12ec: 0f1f 8400 | 5c10 003e 

  0x000001ddcf6d12f4: ;   {internal_word}
  0x000001ddcf6d12f4: 49ba 600a | 6dcf dd01 | 0000 4d89 | 9760 0400 

  0x000001ddcf6d1304: ;   {runtime_call SafepointBlob}
  0x000001ddcf6d1304: 00e9 7641 

  0x000001ddcf6d1308: ;   {runtime_call StubRoutines (final stubs)}
  0x000001ddcf6d1308: 9eff e891 | 519c ffe9 | aaf2 ffff | f4f4 f4f4 
[Stub Code]
  0x000001ddcf6d1318: ;   {no_reloc}
  0x000001ddcf6d1318: 48bb 0000 | 0000 0000 

  0x000001ddcf6d1320: ;   {runtime_call nmethod}
  0x000001ddcf6d1320: 0000 e9fb 

  0x000001ddcf6d1324: ;   {static_stub}
  0x000001ddcf6d1324: ffff ff48 | bb00 0000 | 0000 0000 

  0x000001ddcf6d1330: ;   {runtime_call nmethod}
  0x000001ddcf6d1330: 00e9 fbff 

  0x000001ddcf6d1334: ;   {static_stub}
  0x000001ddcf6d1334: ffff 48bb | 0000 0000 | 0000 0000 

  0x000001ddcf6d1340: ;   {runtime_call nmethod}
  0x000001ddcf6d1340: e9fb ffff 

  0x000001ddcf6d1344: ;   {static_stub}
  0x000001ddcf6d1344: ff48 bb00 | 0000 0000 

  0x000001ddcf6d134c: ;   {runtime_call nmethod}
  0x000001ddcf6d134c: 0000 00e9 | fbff ffff 

  0x000001ddcf6d1354: ;   {static_stub}
  0x000001ddcf6d1354: 48bb 0000 | 0000 0000 

  0x000001ddcf6d135c: ;   {runtime_call nmethod}
  0x000001ddcf6d135c: 0000 e9fb 

  0x000001ddcf6d1360: ;   {static_stub}
  0x000001ddcf6d1360: ffff ff48 | bb00 0000 | 0000 0000 

  0x000001ddcf6d136c: ;   {runtime_call nmethod}
  0x000001ddcf6d136c: 00e9 fbff 

  0x000001ddcf6d1370: ;   {static_stub}
  0x000001ddcf6d1370: ffff 48bb | 0000 0000 | 0000 0000 

  0x000001ddcf6d137c: ;   {runtime_call nmethod}
  0x000001ddcf6d137c: e9fb ffff 

  0x000001ddcf6d1380: ;   {runtime_call ExceptionBlob}
  0x000001ddcf6d1380: ffe9 fa30 | aaff e800 | 0000 0048 | 832c 2405 

  0x000001ddcf6d1390: ;   {runtime_call DeoptimizationBlob}
  0x000001ddcf6d1390: e98b 339e | fff4 f4f4 
[/MachCode]


---------------  P R O C E S S  ---------------

Threads class SMR info:
_java_thread_list=0x000001de2c6a94f0, length=14, elements={
0x000001ddbf427a20, 0x000001dddc387070, 0x000001dddc3876d0, 0x000001dddc3936a0,
0x000001dddc3950a0, 0x000001dddc39b720, 0x000001dddc3a4d00, 0x000001dddc3af2a0,
0x000001dddc3b3950, 0x000001dddc4e98c0, 0x000001dddc4fccf0, 0x000001dddcfce650,
0x000001de23e29ff0, 0x000001de2c6a8d40
}

Java Threads: ( => current thread )
=>0x000001ddbf427a20 JavaThread "main"                              [_thread_in_native, id=18240, stack(0x0000001654b00000,0x0000001654c00000) (1024K)]
  0x000001dddc387070 JavaThread "Reference Handler"          daemon [_thread_blocked, id=23276, stack(0x0000001655300000,0x0000001655400000) (1024K)]
  0x000001dddc3876d0 JavaThread "Finalizer"                  daemon [_thread_blocked, id=19704, stack(0x0000001655400000,0x0000001655500000) (1024K)]
  0x000001dddc3936a0 JavaThread "Signal Dispatcher"          daemon [_thread_blocked, id=8408, stack(0x0000001655500000,0x0000001655600000) (1024K)]
  0x000001dddc3950a0 JavaThread "Attach Listener"            daemon [_thread_blocked, id=12036, stack(0x0000001655600000,0x0000001655700000) (1024K)]
  0x000001dddc39b720 JavaThread "Service Thread"             daemon [_thread_blocked, id=2972, stack(0x0000001655700000,0x0000001655800000) (1024K)]
  0x000001dddc3a4d00 JavaThread "Monitor Deflation Thread"   daemon [_thread_blocked, id=12732, stack(0x0000001655800000,0x0000001655900000) (1024K)]
  0x000001dddc3af2a0 JavaThread "C2 CompilerThread0"         daemon [_thread_blocked, id=21768, stack(0x0000001655900000,0x0000001655a00000) (1024K)]
  0x000001dddc3b3950 JavaThread "C1 CompilerThread0"         daemon [_thread_blocked, id=3984, stack(0x0000001655a00000,0x0000001655b00000) (1024K)]
  0x000001dddc4e98c0 JavaThread "Notification Thread"        daemon [_thread_blocked, id=26080, stack(0x0000001655b00000,0x0000001655c00000) (1024K)]
  0x000001dddc4fccf0 JavaThread "Common-Cleaner"             daemon [_thread_blocked, id=22924, stack(0x0000001655c00000,0x0000001655d00000) (1024K)]
  0x000001dddcfce650 JavaThread "Thread-0"                   daemon [_thread_blocked, id=25152, stack(0x0000001656400000,0x0000001656500000) (1024K)]
  0x000001de23e29ff0 JavaThread "LWJGL3 Timer"               daemon [_thread_blocked, id=15744, stack(0x0000001656a00000,0x0000001656b00000) (1024K)]
  0x000001de2c6a8d40 JavaThread "C2 CompilerThread1"         daemon [_thread_blocked, id=6128, stack(0x0000001657100000,0x0000001657200000) (1024K)]
Total: 14

Other Threads:
  0x000001dddc36aa80 VMThread "VM Thread"                           [id=26356, stack(0x0000001655200000,0x0000001655300000) (1024K)]
  0x000001dddc359300 WatcherThread "VM Periodic Task Thread"        [id=3432, stack(0x0000001655100000,0x0000001655200000) (1024K)]
  0x000001ddbf47b2d0 WorkerThread "GC Thread#0"                     [id=23832, stack(0x0000001654c00000,0x0000001654d00000) (1024K)]
  0x000001dddce777c0 WorkerThread "GC Thread#1"                     [id=25328, stack(0x0000001655d00000,0x0000001655e00000) (1024K)]
  0x000001dddcea5500 WorkerThread "GC Thread#2"                     [id=9100, stack(0x0000001656b00000,0x0000001656c00000) (1024K)]
  0x000001dddce77b60 WorkerThread "GC Thread#3"                     [id=9568, stack(0x0000001656c00000,0x0000001656d00000) (1024K)]
  0x000001de23d7ec60 WorkerThread "GC Thread#4"                     [id=2380, stack(0x0000001656d00000,0x0000001656e00000) (1024K)]
  0x000001de23d7f000 WorkerThread "GC Thread#5"                     [id=11292, stack(0x0000001656e00000,0x0000001656f00000) (1024K)]
  0x000001de23d7f3a0 WorkerThread "GC Thread#6"                     [id=1852, stack(0x0000001656f00000,0x0000001657000000) (1024K)]
  0x000001dddcc817f0 WorkerThread "GC Thread#7"                     [id=10372, stack(0x0000001657000000,0x0000001657100000) (1024K)]
  0x000001ddbf48b9d0 ConcurrentGCThread "G1 Main Marker"            [id=24324, stack(0x0000001654d00000,0x0000001654e00000) (1024K)]
  0x000001ddbf48e7b0 WorkerThread "G1 Conc#0"                       [id=11348, stack(0x0000001654e00000,0x0000001654f00000) (1024K)]
  0x000001dddc22b9a0 ConcurrentGCThread "G1 Refine#0"               [id=24816, stack(0x0000001654f00000,0x0000001655000000) (1024K)]
  0x000001dddc22bdd0 ConcurrentGCThread "G1 Service"                [id=9596, stack(0x0000001655000000,0x0000001655100000) (1024K)]
Total: 14

Threads with active compile tasks:
Total: 0

VM state: not at safepoint (normal execution)

VM Mutex/Monitor currently owned by a thread: None

Heap address: 0x0000000084e00000, size: 1970 MB, Compressed Oops mode: 32-bit

CDS archive(s) mapped at: [0x000001dddd000000-0x000001ddddc80000-0x000001ddddc80000), size 13107200, SharedBaseAddress: 0x000001dddd000000, ArchiveRelocationMode: 1.
Compressed class space mapped at: 0x000001ddde000000-0x000001de1e000000, reserved size: 1073741824
Narrow klass base: 0x000001dddd000000, Narrow klass shift: 0, Narrow klass range: 0x100000000

GC Precious Log:
 CardTable entry size: 512
 Card Set container configuration: InlinePtr #cards 5 size 8 Array Of Cards #cards 12 size 40 Howl #buckets 4 coarsen threshold 1843 Howl Bitmap #cards 512 size 80 coarsen threshold 460 Card regions per heap region 1 cards per card region 2048
 CPUs: 12 total, 12 available
 Memory: 7876M
 Large Page Support: Disabled
 NUMA Support: Disabled
 Compressed Oops: Enabled (32-bit)
 Heap Region Size: 1M
 Heap Min Capacity: 8M
 Heap Initial Capacity: 124M
 Heap Max Capacity: 1970M
 Pre-touch: Disabled
 Parallel Workers: 10
 Concurrent Workers: 3
 Concurrent Refinement Workers: 10
 Periodic GC: Disabled

Heap:
 garbage-first heap   total 126976K, used 10016K [0x0000000084e00000, 0x0000000100000000)
  region size 1024K, 8 young (8192K), 3 survivors (3072K)
 Metaspace       used 7223K, committed 7424K, reserved 1114112K
  class space    used 517K, committed 640K, reserved 1048576K

Heap Regions: E=young(eden), S=young(survivor), O=old, HS=humongous(starts), HC=humongous(continues), CS=collection set, F=free, TAMS=top-at-mark-start, PB=parsable bottom
|   0|0x0000000084e00000, 0x0000000084f00000, 0x0000000084f00000|100%|HS|  |TAMS 0x0000000084e00000| PB 0x0000000084e00000| Complete 
|   1|0x0000000084f00000, 0x0000000085000000, 0x0000000085000000|100%|HC|  |TAMS 0x0000000084f00000| PB 0x0000000084f00000| Complete 
|   2|0x0000000085000000, 0x0000000085100000, 0x0000000085100000|100%|HC|  |TAMS 0x0000000085000000| PB 0x0000000085000000| Complete 
|   3|0x0000000085100000, 0x0000000085100000, 0x0000000085200000|  0%| F|  |TAMS 0x0000000085100000| PB 0x0000000085100000| Untracked 
|   4|0x0000000085200000, 0x0000000085200000, 0x0000000085300000|  0%| F|  |TAMS 0x0000000085200000| PB 0x0000000085200000| Untracked 
|   5|0x0000000085300000, 0x0000000085300000, 0x0000000085400000|  0%| F|  |TAMS 0x0000000085300000| PB 0x0000000085300000| Untracked 
|   6|0x0000000085400000, 0x0000000085400000, 0x0000000085500000|  0%| F|  |TAMS 0x0000000085400000| PB 0x0000000085400000| Untracked 
|   7|0x0000000085500000, 0x0000000085500000, 0x0000000085600000|  0%| F|  |TAMS 0x0000000085500000| PB 0x0000000085500000| Untracked 
|   8|0x0000000085600000, 0x0000000085600000, 0x0000000085700000|  0%| F|  |TAMS 0x0000000085600000| PB 0x0000000085600000| Untracked 
|   9|0x0000000085700000, 0x0000000085700000, 0x0000000085800000|  0%| F|  |TAMS 0x0000000085700000| PB 0x0000000085700000| Untracked 
|  10|0x0000000085800000, 0x0000000085800000, 0x0000000085900000|  0%| F|  |TAMS 0x0000000085800000| PB 0x0000000085800000| Untracked 
|  11|0x0000000085900000, 0x0000000085900000, 0x0000000085a00000|  0%| F|  |TAMS 0x0000000085900000| PB 0x0000000085900000| Untracked 
|  12|0x0000000085a00000, 0x0000000085a00000, 0x0000000085b00000|  0%| F|  |TAMS 0x0000000085a00000| PB 0x0000000085a00000| Untracked 
|  13|0x0000000085b00000, 0x0000000085b00000, 0x0000000085c00000|  0%| F|  |TAMS 0x0000000085b00000| PB 0x0000000085b00000| Untracked 
|  14|0x0000000085c00000, 0x0000000085c00000, 0x0000000085d00000|  0%| F|  |TAMS 0x0000000085c00000| PB 0x0000000085c00000| Untracked 
|  15|0x0000000085d00000, 0x0000000085d00000, 0x0000000085e00000|  0%| F|  |TAMS 0x0000000085d00000| PB 0x0000000085d00000| Untracked 
|  16|0x0000000085e00000, 0x0000000085e00000, 0x0000000085f00000|  0%| F|  |TAMS 0x0000000085e00000| PB 0x0000000085e00000| Untracked 
|  17|0x0000000085f00000, 0x0000000085f00000, 0x0000000086000000|  0%| F|  |TAMS 0x0000000085f00000| PB 0x0000000085f00000| Untracked 
|  18|0x0000000086000000, 0x0000000086000000, 0x0000000086100000|  0%| F|  |TAMS 0x0000000086000000| PB 0x0000000086000000| Untracked 
|  19|0x0000000086100000, 0x0000000086100000, 0x0000000086200000|  0%| F|  |TAMS 0x0000000086100000| PB 0x0000000086100000| Untracked 
|  20|0x0000000086200000, 0x0000000086200000, 0x0000000086300000|  0%| F|  |TAMS 0x0000000086200000| PB 0x0000000086200000| Untracked 
|  21|0x0000000086300000, 0x0000000086300000, 0x0000000086400000|  0%| F|  |TAMS 0x0000000086300000| PB 0x0000000086300000| Untracked 
|  22|0x0000000086400000, 0x0000000086400000, 0x0000000086500000|  0%| F|  |TAMS 0x0000000086400000| PB 0x0000000086400000| Untracked 
|  23|0x0000000086500000, 0x0000000086500000, 0x0000000086600000|  0%| F|  |TAMS 0x0000000086500000| PB 0x0000000086500000| Untracked 
|  24|0x0000000086600000, 0x0000000086600000, 0x0000000086700000|  0%| F|  |TAMS 0x0000000086600000| PB 0x0000000086600000| Untracked 
|  25|0x0000000086700000, 0x0000000086700000, 0x0000000086800000|  0%| F|  |TAMS 0x0000000086700000| PB 0x0000000086700000| Untracked 
|  26|0x0000000086800000, 0x0000000086800000, 0x0000000086900000|  0%| F|  |TAMS 0x0000000086800000| PB 0x0000000086800000| Untracked 
|  27|0x0000000086900000, 0x0000000086900000, 0x0000000086a00000|  0%| F|  |TAMS 0x0000000086900000| PB 0x0000000086900000| Untracked 
|  28|0x0000000086a00000, 0x0000000086a00000, 0x0000000086b00000|  0%| F|  |TAMS 0x0000000086a00000| PB 0x0000000086a00000| Untracked 
|  29|0x0000000086b00000, 0x0000000086b00000, 0x0000000086c00000|  0%| F|  |TAMS 0x0000000086b00000| PB 0x0000000086b00000| Untracked 
|  30|0x0000000086c00000, 0x0000000086c00000, 0x0000000086d00000|  0%| F|  |TAMS 0x0000000086c00000| PB 0x0000000086c00000| Untracked 
|  31|0x0000000086d00000, 0x0000000086d00000, 0x0000000086e00000|  0%| F|  |TAMS 0x0000000086d00000| PB 0x0000000086d00000| Untracked 
|  32|0x0000000086e00000, 0x0000000086e00000, 0x0000000086f00000|  0%| F|  |TAMS 0x0000000086e00000| PB 0x0000000086e00000| Untracked 
|  33|0x0000000086f00000, 0x0000000086f00000, 0x0000000087000000|  0%| F|  |TAMS 0x0000000086f00000| PB 0x0000000086f00000| Untracked 
|  34|0x0000000087000000, 0x0000000087000000, 0x0000000087100000|  0%| F|  |TAMS 0x0000000087000000| PB 0x0000000087000000| Untracked 
|  35|0x0000000087100000, 0x0000000087100000, 0x0000000087200000|  0%| F|  |TAMS 0x0000000087100000| PB 0x0000000087100000| Untracked 
|  36|0x0000000087200000, 0x0000000087200000, 0x0000000087300000|  0%| F|  |TAMS 0x0000000087200000| PB 0x0000000087200000| Untracked 
|  37|0x0000000087300000, 0x0000000087300000, 0x0000000087400000|  0%| F|  |TAMS 0x0000000087300000| PB 0x0000000087300000| Untracked 
|  38|0x0000000087400000, 0x0000000087400000, 0x0000000087500000|  0%| F|  |TAMS 0x0000000087400000| PB 0x0000000087400000| Untracked 
|  39|0x0000000087500000, 0x0000000087500000, 0x0000000087600000|  0%| F|  |TAMS 0x0000000087500000| PB 0x0000000087500000| Untracked 
|  40|0x0000000087600000, 0x0000000087600000, 0x0000000087700000|  0%| F|  |TAMS 0x0000000087600000| PB 0x0000000087600000| Untracked 
|  41|0x0000000087700000, 0x0000000087700000, 0x0000000087800000|  0%| F|  |TAMS 0x0000000087700000| PB 0x0000000087700000| Untracked 
|  42|0x0000000087800000, 0x0000000087800000, 0x0000000087900000|  0%| F|  |TAMS 0x0000000087800000| PB 0x0000000087800000| Untracked 
|  43|0x0000000087900000, 0x0000000087900000, 0x0000000087a00000|  0%| F|  |TAMS 0x0000000087900000| PB 0x0000000087900000| Untracked 
|  44|0x0000000087a00000, 0x0000000087a00000, 0x0000000087b00000|  0%| F|  |TAMS 0x0000000087a00000| PB 0x0000000087a00000| Untracked 
|  45|0x0000000087b00000, 0x0000000087b00000, 0x0000000087c00000|  0%| F|  |TAMS 0x0000000087b00000| PB 0x0000000087b00000| Untracked 
|  46|0x0000000087c00000, 0x0000000087c00000, 0x0000000087d00000|  0%| F|  |TAMS 0x0000000087c00000| PB 0x0000000087c00000| Untracked 
|  47|0x0000000087d00000, 0x0000000087d00000, 0x0000000087e00000|  0%| F|  |TAMS 0x0000000087d00000| PB 0x0000000087d00000| Untracked 
|  48|0x0000000087e00000, 0x0000000087e00000, 0x0000000087f00000|  0%| F|  |TAMS 0x0000000087e00000| PB 0x0000000087e00000| Untracked 
|  49|0x0000000087f00000, 0x0000000087f00000, 0x0000000088000000|  0%| F|  |TAMS 0x0000000087f00000| PB 0x0000000087f00000| Untracked 
|  50|0x0000000088000000, 0x0000000088000000, 0x0000000088100000|  0%| F|  |TAMS 0x0000000088000000| PB 0x0000000088000000| Untracked 
|  51|0x0000000088100000, 0x0000000088100000, 0x0000000088200000|  0%| F|  |TAMS 0x0000000088100000| PB 0x0000000088100000| Untracked 
|  52|0x0000000088200000, 0x0000000088200000, 0x0000000088300000|  0%| F|  |TAMS 0x0000000088200000| PB 0x0000000088200000| Untracked 
|  53|0x0000000088300000, 0x0000000088300000, 0x0000000088400000|  0%| F|  |TAMS 0x0000000088300000| PB 0x0000000088300000| Untracked 
|  54|0x0000000088400000, 0x0000000088400000, 0x0000000088500000|  0%| F|  |TAMS 0x0000000088400000| PB 0x0000000088400000| Untracked 
|  55|0x0000000088500000, 0x0000000088500000, 0x0000000088600000|  0%| F|  |TAMS 0x0000000088500000| PB 0x0000000088500000| Untracked 
|  56|0x0000000088600000, 0x0000000088600000, 0x0000000088700000|  0%| F|  |TAMS 0x0000000088600000| PB 0x0000000088600000| Untracked 
|  57|0x0000000088700000, 0x0000000088700000, 0x0000000088800000|  0%| F|  |TAMS 0x0000000088700000| PB 0x0000000088700000| Untracked 
|  58|0x0000000088800000, 0x0000000088800000, 0x0000000088900000|  0%| F|  |TAMS 0x0000000088800000| PB 0x0000000088800000| Untracked 
|  59|0x0000000088900000, 0x0000000088900000, 0x0000000088a00000|  0%| F|  |TAMS 0x0000000088900000| PB 0x0000000088900000| Untracked 
|  60|0x0000000088a00000, 0x0000000088a00000, 0x0000000088b00000|  0%| F|  |TAMS 0x0000000088a00000| PB 0x0000000088a00000| Untracked 
|  61|0x0000000088b00000, 0x0000000088b00000, 0x0000000088c00000|  0%| F|  |TAMS 0x0000000088b00000| PB 0x0000000088b00000| Untracked 
|  62|0x0000000088c00000, 0x0000000088c00000, 0x0000000088d00000|  0%| F|  |TAMS 0x0000000088c00000| PB 0x0000000088c00000| Untracked 
|  63|0x0000000088d00000, 0x0000000088d00000, 0x0000000088e00000|  0%| F|  |TAMS 0x0000000088d00000| PB 0x0000000088d00000| Untracked 
|  64|0x0000000088e00000, 0x0000000088e00000, 0x0000000088f00000|  0%| F|  |TAMS 0x0000000088e00000| PB 0x0000000088e00000| Untracked 
|  65|0x0000000088f00000, 0x0000000088f00000, 0x0000000089000000|  0%| F|  |TAMS 0x0000000088f00000| PB 0x0000000088f00000| Untracked 
|  66|0x0000000089000000, 0x0000000089000000, 0x0000000089100000|  0%| F|  |TAMS 0x0000000089000000| PB 0x0000000089000000| Untracked 
|  67|0x0000000089100000, 0x0000000089100000, 0x0000000089200000|  0%| F|  |TAMS 0x0000000089100000| PB 0x0000000089100000| Untracked 
|  68|0x0000000089200000, 0x0000000089200000, 0x0000000089300000|  0%| F|  |TAMS 0x0000000089200000| PB 0x0000000089200000| Untracked 
|  69|0x0000000089300000, 0x0000000089300000, 0x0000000089400000|  0%| F|  |TAMS 0x0000000089300000| PB 0x0000000089300000| Untracked 
|  70|0x0000000089400000, 0x0000000089400000, 0x0000000089500000|  0%| F|  |TAMS 0x0000000089400000| PB 0x0000000089400000| Untracked 
|  71|0x0000000089500000, 0x0000000089500000, 0x0000000089600000|  0%| F|  |TAMS 0x0000000089500000| PB 0x0000000089500000| Untracked 
|  72|0x0000000089600000, 0x0000000089600000, 0x0000000089700000|  0%| F|  |TAMS 0x0000000089600000| PB 0x0000000089600000| Untracked 
|  73|0x0000000089700000, 0x0000000089700000, 0x0000000089800000|  0%| F|  |TAMS 0x0000000089700000| PB 0x0000000089700000| Untracked 
|  74|0x0000000089800000, 0x0000000089800000, 0x0000000089900000|  0%| F|  |TAMS 0x0000000089800000| PB 0x0000000089800000| Untracked 
|  75|0x0000000089900000, 0x0000000089900000, 0x0000000089a00000|  0%| F|  |TAMS 0x0000000089900000| PB 0x0000000089900000| Untracked 
|  76|0x0000000089a00000, 0x0000000089a00000, 0x0000000089b00000|  0%| F|  |TAMS 0x0000000089a00000| PB 0x0000000089a00000| Untracked 
|  77|0x0000000089b00000, 0x0000000089b00000, 0x0000000089c00000|  0%| F|  |TAMS 0x0000000089b00000| PB 0x0000000089b00000| Untracked 
|  78|0x0000000089c00000, 0x0000000089c00000, 0x0000000089d00000|  0%| F|  |TAMS 0x0000000089c00000| PB 0x0000000089c00000| Untracked 
|  79|0x0000000089d00000, 0x0000000089d00000, 0x0000000089e00000|  0%| F|  |TAMS 0x0000000089d00000| PB 0x0000000089d00000| Untracked 
|  80|0x0000000089e00000, 0x0000000089e00000, 0x0000000089f00000|  0%| F|  |TAMS 0x0000000089e00000| PB 0x0000000089e00000| Untracked 
|  81|0x0000000089f00000, 0x0000000089f00000, 0x000000008a000000|  0%| F|  |TAMS 0x0000000089f00000| PB 0x0000000089f00000| Untracked 
|  82|0x000000008a000000, 0x000000008a000000, 0x000000008a100000|  0%| F|  |TAMS 0x000000008a000000| PB 0x000000008a000000| Untracked 
|  83|0x000000008a100000, 0x000000008a100000, 0x000000008a200000|  0%| F|  |TAMS 0x000000008a100000| PB 0x000000008a100000| Untracked 
|  84|0x000000008a200000, 0x000000008a200000, 0x000000008a300000|  0%| F|  |TAMS 0x000000008a200000| PB 0x000000008a200000| Untracked 
|  85|0x000000008a300000, 0x000000008a300000, 0x000000008a400000|  0%| F|  |TAMS 0x000000008a300000| PB 0x000000008a300000| Untracked 
|  86|0x000000008a400000, 0x000000008a400000, 0x000000008a500000|  0%| F|  |TAMS 0x000000008a400000| PB 0x000000008a400000| Untracked 
|  87|0x000000008a500000, 0x000000008a500000, 0x000000008a600000|  0%| F|  |TAMS 0x000000008a500000| PB 0x000000008a500000| Untracked 
|  88|0x000000008a600000, 0x000000008a600000, 0x000000008a700000|  0%| F|  |TAMS 0x000000008a600000| PB 0x000000008a600000| Untracked 
|  89|0x000000008a700000, 0x000000008a700000, 0x000000008a800000|  0%| F|  |TAMS 0x000000008a700000| PB 0x000000008a700000| Untracked 
|  90|0x000000008a800000, 0x000000008a800000, 0x000000008a900000|  0%| F|  |TAMS 0x000000008a800000| PB 0x000000008a800000| Untracked 
|  91|0x000000008a900000, 0x000000008a900000, 0x000000008aa00000|  0%| F|  |TAMS 0x000000008a900000| PB 0x000000008a900000| Untracked 
|  92|0x000000008aa00000, 0x000000008aa00000, 0x000000008ab00000|  0%| F|  |TAMS 0x000000008aa00000| PB 0x000000008aa00000| Untracked 
|  93|0x000000008ab00000, 0x000000008ab00000, 0x000000008ac00000|  0%| F|  |TAMS 0x000000008ab00000| PB 0x000000008ab00000| Untracked 
|  94|0x000000008ac00000, 0x000000008ac00000, 0x000000008ad00000|  0%| F|  |TAMS 0x000000008ac00000| PB 0x000000008ac00000| Untracked 
|  95|0x000000008ad00000, 0x000000008ad00000, 0x000000008ae00000|  0%| F|  |TAMS 0x000000008ad00000| PB 0x000000008ad00000| Untracked 
|  96|0x000000008ae00000, 0x000000008ae00000, 0x000000008af00000|  0%| F|  |TAMS 0x000000008ae00000| PB 0x000000008ae00000| Untracked 
|  97|0x000000008af00000, 0x000000008af00000, 0x000000008b000000|  0%| F|  |TAMS 0x000000008af00000| PB 0x000000008af00000| Untracked 
|  98|0x000000008b000000, 0x000000008b0c8000, 0x000000008b100000| 78%| S|CS|TAMS 0x000000008b000000| PB 0x000000008b000000| Complete 
|  99|0x000000008b100000, 0x000000008b200000, 0x000000008b200000|100%| S|CS|TAMS 0x000000008b100000| PB 0x000000008b100000| Complete 
| 100|0x000000008b200000, 0x000000008b300000, 0x000000008b300000|100%| S|CS|TAMS 0x000000008b200000| PB 0x000000008b200000| Complete 
| 101|0x000000008b300000, 0x000000008b300000, 0x000000008b400000|  0%| F|  |TAMS 0x000000008b300000| PB 0x000000008b300000| Untracked 
| 102|0x000000008b400000, 0x000000008b400000, 0x000000008b500000|  0%| F|  |TAMS 0x000000008b400000| PB 0x000000008b400000| Untracked 
| 103|0x000000008b500000, 0x000000008b500000, 0x000000008b600000|  0%| F|  |TAMS 0x000000008b500000| PB 0x000000008b500000| Untracked 
| 104|0x000000008b600000, 0x000000008b600000, 0x000000008b700000|  0%| F|  |TAMS 0x000000008b600000| PB 0x000000008b600000| Untracked 
| 105|0x000000008b700000, 0x000000008b700000, 0x000000008b800000|  0%| F|  |TAMS 0x000000008b700000| PB 0x000000008b700000| Untracked 
| 106|0x000000008b800000, 0x000000008b800000, 0x000000008b900000|  0%| F|  |TAMS 0x000000008b800000| PB 0x000000008b800000| Untracked 
| 107|0x000000008b900000, 0x000000008b900000, 0x000000008ba00000|  0%| F|  |TAMS 0x000000008b900000| PB 0x000000008b900000| Untracked 
| 108|0x000000008ba00000, 0x000000008ba00000, 0x000000008bb00000|  0%| F|  |TAMS 0x000000008ba00000| PB 0x000000008ba00000| Untracked 
| 109|0x000000008bb00000, 0x000000008bb00000, 0x000000008bc00000|  0%| F|  |TAMS 0x000000008bb00000| PB 0x000000008bb00000| Untracked 
| 110|0x000000008bc00000, 0x000000008bc00000, 0x000000008bd00000|  0%| F|  |TAMS 0x000000008bc00000| PB 0x000000008bc00000| Untracked 
| 111|0x000000008bd00000, 0x000000008bd00000, 0x000000008be00000|  0%| F|  |TAMS 0x000000008bd00000| PB 0x000000008bd00000| Untracked 
| 112|0x000000008be00000, 0x000000008be00000, 0x000000008bf00000|  0%| F|  |TAMS 0x000000008be00000| PB 0x000000008be00000| Untracked 
| 113|0x000000008bf00000, 0x000000008bf00000, 0x000000008c000000|  0%| F|  |TAMS 0x000000008bf00000| PB 0x000000008bf00000| Untracked 
| 114|0x000000008c000000, 0x000000008c000000, 0x000000008c100000|  0%| F|  |TAMS 0x000000008c000000| PB 0x000000008c000000| Untracked 
| 115|0x000000008c100000, 0x000000008c100000, 0x000000008c200000|  0%| F|  |TAMS 0x000000008c100000| PB 0x000000008c100000| Untracked 
| 116|0x000000008c200000, 0x000000008c200000, 0x000000008c300000|  0%| F|  |TAMS 0x000000008c200000| PB 0x000000008c200000| Untracked 
| 117|0x000000008c300000, 0x000000008c300000, 0x000000008c400000|  0%| F|  |TAMS 0x000000008c300000| PB 0x000000008c300000| Untracked 
| 118|0x000000008c400000, 0x000000008c400000, 0x000000008c500000|  0%| F|  |TAMS 0x000000008c400000| PB 0x000000008c400000| Untracked 
| 119|0x000000008c500000, 0x000000008c5f4e30, 0x000000008c600000| 95%| E|  |TAMS 0x000000008c500000| PB 0x000000008c500000| Complete 
| 120|0x000000008c600000, 0x000000008c700000, 0x000000008c700000|100%| E|CS|TAMS 0x000000008c600000| PB 0x000000008c600000| Complete 
| 121|0x000000008c700000, 0x000000008c800000, 0x000000008c800000|100%| E|CS|TAMS 0x000000008c700000| PB 0x000000008c700000| Complete 
| 122|0x000000008c800000, 0x000000008c900000, 0x000000008c900000|100%| E|CS|TAMS 0x000000008c800000| PB 0x000000008c800000| Complete 
| 123|0x000000008c900000, 0x000000008ca00000, 0x000000008ca00000|100%| E|CS|TAMS 0x000000008c900000| PB 0x000000008c900000| Complete 

Card table byte_map: [0x000001ddd7470000,0x000001ddd7850000] _byte_map_base: 0x000001ddd7049000

Marking Bits: (CMBitMap*) 0x000001ddbf47b8d0
 Bits: [0x000001ddd7850000, 0x000001ddd9718000)

Polling page: 0x000001ddbd010000

Metaspace:

Usage:
  Non-class:      6.55 MB used.
      Class:    517.02 KB used.
       Both:      7.05 MB used.

Virtual space:
  Non-class space:       64.00 MB reserved,       6.62 MB ( 10%) committed,  1 nodes.
      Class space:        1.00 GB reserved,     640.00 KB ( <1%) committed,  1 nodes.
             Both:        1.06 GB reserved,       7.25 MB ( <1%) committed. 

Chunk freelists:
   Non-Class:  7.70 MB
       Class:  15.41 MB
        Both:  23.11 MB

MaxMetaspaceSize: unlimited
CompressedClassSpaceSize: 1.00 GB
Initial GC threshold: 21.00 MB
Current GC threshold: 21.00 MB
CDS: on
 - commit_granule_bytes: 65536.
 - commit_granule_words: 8192.
 - virtual_space_node_default_size: 8388608.
 - enlarge_chunks_in_place: 1.
 - use_allocation_guard: 0.


Internal statistics:

num_allocs_failed_limit: 0.
num_arena_births: 76.
num_arena_deaths: 0.
num_vsnodes_births: 2.
num_vsnodes_deaths: 0.
num_space_committed: 114.
num_space_uncommitted: 0.
num_chunks_returned_to_freelist: 0.
num_chunks_taken_from_freelist: 277.
num_chunk_merges: 0.
num_chunk_splits: 187.
num_chunks_enlarged: 141.
num_inconsistent_stats: 0.

CodeHeap 'non-profiled nmethods': size=120000Kb used=923Kb max_used=923Kb free=119076Kb
 bounds [0x000001ddcf600000, 0x000001ddcf870000, 0x000001ddd6b30000]
CodeHeap 'profiled nmethods': size=120000Kb used=2968Kb max_used=2968Kb free=117031Kb
 bounds [0x000001ddc7b30000, 0x000001ddc7e20000, 0x000001ddcf060000]
CodeHeap 'non-nmethods': size=5760Kb used=1979Kb max_used=2014Kb free=3780Kb
 bounds [0x000001ddcf060000, 0x000001ddcf2d0000, 0x000001ddcf600000]
CodeCache: size=245760Kb, used=5870Kb, max_used=5905Kb, free=239887Kb
 total_blobs=2796, nmethods=1671, adapters=1030, full_count=0
Compilation: enabled, stopped_count=0, restarted_count=0

Compilation events (20 events):
Event: 48.668 Thread 0x000001dddc3b3950 1664       3       java.nio.IntBuffer::clear (7 bytes)
Event: 48.668 Thread 0x000001dddc3b3950 nmethod 1664 0x000001ddc7e13090 code [0x000001ddc7e13240, 0x000001ddc7e133c0]
Event: 48.672 Thread 0x000001de2c6a8d40 nmethod 1657 0x000001ddcf6df390 code [0x000001ddcf6df6c0, 0x000001ddcf6e1190]
Event: 48.672 Thread 0x000001de2c6a8d40 1665       4       java.nio.ByteBuffer::limit (8 bytes)
Event: 48.673 Thread 0x000001de2c6a8d40 nmethod 1665 0x000001ddcf6e2210 code [0x000001ddcf6e23a0, 0x000001ddcf6e24c8]
Event: 48.673 Thread 0x000001de2c6a8d40 1659       4       java.lang.String::replace (42 bytes)
Event: 48.676 Thread 0x000001dddc3b3950 1666       3       sun.net.www.URLConnection::<init> (22 bytes)
Event: 48.676 Thread 0x000001dddc3b3950 nmethod 1666 0x000001ddc7e13490 code [0x000001ddc7e13660, 0x000001ddc7e139d8]
Event: 48.676 Thread 0x000001dddc3b3950 1667       3       sun.net.www.MessageHeader::<init> (6 bytes)
Event: 48.676 Thread 0x000001dddc3b3950 nmethod 1667 0x000001ddc7e13b90 code [0x000001ddc7e13d40, 0x000001ddc7e13f38]
Event: 48.677 Thread 0x000001dddc3b3950 1668       3       sun.net.www.MessageHeader::<init> (14 bytes)
Event: 48.677 Thread 0x000001dddc3b3950 nmethod 1668 0x000001ddc7e14010 code [0x000001ddc7e141c0, 0x000001ddc7e14358]
Event: 48.677 Thread 0x000001dddc3b3950 1669       3       sun.net.www.MessageHeader::grow (92 bytes)
Event: 48.677 Thread 0x000001dddc3b3950 nmethod 1669 0x000001ddc7e14410 code [0x000001ddc7e145e0, 0x000001ddc7e14b48]
Event: 48.679 Thread 0x000001dddc3b3950 1671       3       org.lwjgl.system.MemoryUtil::memLengthASCII (31 bytes)
Event: 48.680 Thread 0x000001dddc3b3950 nmethod 1671 0x000001ddc7e14c90 code [0x000001ddc7e14e60, 0x000001ddc7e15178]
Event: 48.680 Thread 0x000001dddc3b3950 1670   !   3       java.nio.DirectIntBufferU::put (37 bytes)
Event: 48.680 Thread 0x000001dddc3b3950 nmethod 1670 0x000001ddc7e15290 code [0x000001ddc7e15500, 0x000001ddc7e15eb0]
Event: 48.682 Thread 0x000001de2c6a8d40 nmethod 1659 0x000001ddcf6e2610 code [0x000001ddcf6e27e0, 0x000001ddcf6e2ed8]
Event: 48.689 Thread 0x000001dddc3af2a0 nmethod 1658 0x000001ddcf6e3210 code [0x000001ddcf6e35e0, 0x000001ddcf6e56a8]

GC Heap History (2 events):
Event: 13.327 GC heap before
{Heap before GC invocations=0 (full 0):
 garbage-first heap   total 126976K, used 28672K [0x0000000084e00000, 0x0000000100000000)
  region size 1024K, 23 young (23552K), 0 survivors (0K)
 Metaspace       used 7164K, committed 7360K, reserved 1114112K
  class space    used 517K, committed 640K, reserved 1048576K
}
Event: 13.338 GC heap after
{Heap after GC invocations=1 (full 0):
 garbage-first heap   total 126976K, used 2848K [0x0000000084e00000, 0x0000000100000000)
  region size 1024K, 3 young (3072K), 3 survivors (3072K)
 Metaspace       used 7164K, committed 7360K, reserved 1114112K
  class space    used 517K, committed 640K, reserved 1048576K
}

Dll operation events (9 events):
Event: 0.021 Loaded shared library C:\Users\Cayo Leal\.gradle\jdks\eclipse_adoptium-21-amd64-windows.2\bin\java.dll
Event: 0.074 Loaded shared library C:\Users\Cayo Leal\.gradle\jdks\eclipse_adoptium-21-amd64-windows.2\bin\jsvml.dll
Event: 0.143 Loaded shared library C:\Users\Cayo Leal\.gradle\jdks\eclipse_adoptium-21-amd64-windows.2\bin\net.dll
Event: 0.146 Loaded shared library C:\Users\Cayo Leal\.gradle\jdks\eclipse_adoptium-21-amd64-windows.2\bin\nio.dll
Event: 0.152 Loaded shared library C:\Users\Cayo Leal\.gradle\jdks\eclipse_adoptium-21-amd64-windows.2\bin\zip.dll
Event: 0.244 Loaded shared library C:\Users\Cayo Leal\.gradle\jdks\eclipse_adoptium-21-amd64-windows.2\bin\jimage.dll
Event: 0.256 Loaded shared library C:\ProgramData\libGDX-temp\libgdxUser_-362938352_GDX1_12_1\2a9d7f76\gdx64.dll
Event: 0.351 Loaded shared library C:\Users\Cayo Leal\AppData\Local\Temp\lwjgl_Cayo Leal\3.3.3+5\x64\lwjgl.dll
Event: 0.827 Loaded shared library C:\Users\Cayo Leal\AppData\Local\Temp\lwjgl_Cayo Leal\3.3.3+5\x64\lwjgl_opengl.dll

Deoptimization events (20 events):
Event: 13.325 Thread 0x000001ddbf427a20 DEOPT PACKING pc=0x000001ddcf698184 sp=0x0000001654bfead0
Event: 13.325 Thread 0x000001ddbf427a20 DEOPT UNPACKING pc=0x000001ddcf0b4422 sp=0x0000001654bfea70 mode 2
Event: 13.339 Thread 0x000001dddc387070 Uncommon trap: trap_request=0xffffff45 fr.pc=0x000001ddcf668de0 relative=0x0000000000000040
Event: 13.339 Thread 0x000001dddc387070 Uncommon trap: reason=unstable_if action=reinterpret pc=0x000001ddcf668de0 method=java.util.concurrent.locks.AbstractQueuedSynchronizer.signalNext(Ljava/util/concurrent/locks/AbstractQueuedSynchronizer$Node;)V @ 1 c2
Event: 13.339 Thread 0x000001dddc387070 DEOPT PACKING pc=0x000001ddcf668de0 sp=0x00000016553ff220
Event: 13.339 Thread 0x000001dddc387070 DEOPT UNPACKING pc=0x000001ddcf0b4422 sp=0x00000016553ff1b0 mode 2
Event: 13.354 Thread 0x000001ddbf427a20 Uncommon trap: trap_request=0xffffff45 fr.pc=0x000001ddcf68c518 relative=0x00000000000005d8
Event: 13.354 Thread 0x000001ddbf427a20 Uncommon trap: reason=unstable_if action=reinterpret pc=0x000001ddcf68c518 method=com.badlogic.gdx.maps.MapLayers.get(Ljava/lang/String;)Lcom/badlogic/gdx/maps/MapLayer; @ 12 c2
Event: 13.354 Thread 0x000001ddbf427a20 DEOPT PACKING pc=0x000001ddcf68c518 sp=0x0000001654bfed40
Event: 13.354 Thread 0x000001ddbf427a20 DEOPT UNPACKING pc=0x000001ddcf0b4422 sp=0x0000001654bfece0 mode 2
Event: 15.952 Thread 0x000001ddbf427a20 DEOPT PACKING pc=0x000001ddc7da1590 sp=0x0000001654bfef00
Event: 15.952 Thread 0x000001ddbf427a20 DEOPT UNPACKING pc=0x000001ddcf0b4bc2 sp=0x0000001654bfe488 mode 0
Event: 36.780 Thread 0x000001dddcfce650 DEOPT PACKING pc=0x000001ddc7b63290 sp=0x00000016564fea70
Event: 36.780 Thread 0x000001dddcfce650 DEOPT UNPACKING pc=0x000001ddcf0b4bc2 sp=0x00000016564fe020 mode 0
Event: 48.593 Thread 0x000001ddbf427a20 Uncommon trap: trap_request=0xffffff6e fr.pc=0x000001ddcf6a65e4 relative=0x0000000000000564
Event: 48.593 Thread 0x000001ddbf427a20 Uncommon trap: reason=loop_limit_check action=maybe_recompile pc=0x000001ddcf6a65e4 method=com.badlogic.gdx.maps.tiled.TiledMapTileSets.getTile(I)Lcom/badlogic/gdx/maps/tiled/TiledMapTile; @ 11 c2
Event: 48.593 Thread 0x000001ddbf427a20 DEOPT PACKING pc=0x000001ddcf6a65e4 sp=0x0000001654bfe940
Event: 48.593 Thread 0x000001ddbf427a20 DEOPT UNPACKING pc=0x000001ddcf0b4422 sp=0x0000001654bfe8f8 mode 2
Event: 48.647 Thread 0x000001ddbf427a20 DEOPT PACKING pc=0x000001ddc7b78eb9 sp=0x0000001654bfe510
Event: 48.647 Thread 0x000001ddbf427a20 DEOPT UNPACKING pc=0x000001ddcf0b4bc2 sp=0x0000001654bfda10 mode 0

Classes loaded (20 events):
Event: 1.470 Loading class java/io/ObjectStreamClass$2
Event: 1.470 Loading class java/io/ObjectStreamClass$2 done
Event: 1.470 Loading class java/io/ClassCache$CacheRef
Event: 1.470 Loading class java/io/ClassCache$CacheRef done
Event: 1.470 Loading class java/io/ObjectStreamClass$FieldReflectorKey
Event: 1.470 Loading class java/io/ObjectStreamClass$FieldReflectorKey done
Event: 1.470 Loading class java/io/ObjectStreamClass$FieldReflector
Event: 1.471 Loading class java/io/ObjectStreamClass$FieldReflector done
Event: 1.471 Loading class java/io/ObjectStreamClass$ExceptionInfo
Event: 1.471 Loading class java/io/ObjectStreamClass$ExceptionInfo done
Event: 1.525 Loading class java/lang/SecurityException
Event: 1.525 Loading class java/lang/SecurityException done
Event: 1.526 Loading class java/lang/reflect/InvocationTargetException
Event: 1.526 Loading class java/lang/reflect/InvocationTargetException done
Event: 2.091 Loading class java/util/zip/GZIPInputStream
Event: 2.092 Loading class java/util/zip/GZIPInputStream done
Event: 2.098 Loading class java/lang/NegativeArraySizeException
Event: 2.099 Loading class java/lang/NegativeArraySizeException done
Event: 2.100 Loading class java/lang/StringIndexOutOfBoundsException
Event: 2.100 Loading class java/lang/StringIndexOutOfBoundsException done

Classes unloaded (0 events):
No events

Classes redefined (0 events):
No events

Internal exceptions (20 events):
Event: 0.425 Thread 0x000001ddbf427a20 Exception <a 'java/lang/NoSuchMethodError'{0x000000008c3633d0}: 'java.lang.Object java.lang.invoke.DirectMethodHandle$Holder.newInvokeSpecial(java.lang.Object, java.lang.Object, long)'> (0x000000008c3633d0) 
thrown [s\src\hotspot\share\interpreter\linkResolver.cpp, line 773]
Event: 0.425 Thread 0x000001ddbf427a20 Exception <a 'java/lang/NoSuchMethodError'{0x000000008c367248}: 'java.lang.Object java.lang.invoke.Invokers$Holder.linkToTargetMethod(java.lang.Object, long, java.lang.Object)'> (0x000000008c367248) 
thrown [s\src\hotspot\share\interpreter\linkResolver.cpp, line 773]
Event: 0.426 Thread 0x000001ddbf427a20 Exception <a 'java/lang/NoSuchMethodError'{0x000000008c36e4c8}: 'int java.lang.invoke.DirectMethodHandle$Holder.invokeStaticInit(java.lang.Object, java.lang.Object, java.lang.Object, long)'> (0x000000008c36e4c8) 
thrown [s\src\hotspot\share\interpreter\linkResolver.cpp, line 773]
Event: 0.449 Thread 0x000001ddbf427a20 Exception <a 'sun/nio/fs/WindowsException'{0x000000008c3f7c40}> (0x000000008c3f7c40) 
thrown [s\src\hotspot\share\prims\jni.cpp, line 520]
Event: 0.449 Thread 0x000001ddbf427a20 Exception <a 'sun/nio/fs/WindowsException'{0x000000008c3f8000}> (0x000000008c3f8000) 
thrown [s\src\hotspot\share\prims\jni.cpp, line 520]
Event: 0.480 Thread 0x000001ddbf427a20 Exception <a 'sun/nio/fs/WindowsException'{0x000000008c2a62c0}> (0x000000008c2a62c0) 
thrown [s\src\hotspot\share\prims\jni.cpp, line 520]
Event: 0.480 Thread 0x000001ddbf427a20 Exception <a 'sun/nio/fs/WindowsException'{0x000000008c2a6650}> (0x000000008c2a6650) 
thrown [s\src\hotspot\share\prims\jni.cpp, line 520]
Event: 0.488 Thread 0x000001ddbf427a20 Exception <a 'java/lang/NoSuchMethodError'{0x000000008c2ae280}: 'int java.lang.invoke.Invokers$Holder.invokeExact_MT(java.lang.Object, java.lang.Object)'> (0x000000008c2ae280) 
thrown [s\src\hotspot\share\interpreter\linkResolver.cpp, line 773]
Event: 0.550 Thread 0x000001ddbf427a20 Exception <a 'sun/nio/fs/WindowsException'{0x000000008c1a0398}> (0x000000008c1a0398) 
thrown [s\src\hotspot\share\prims\jni.cpp, line 520]
Event: 0.550 Thread 0x000001ddbf427a20 Exception <a 'sun/nio/fs/WindowsException'{0x000000008c1a0740}> (0x000000008c1a0740) 
thrown [s\src\hotspot\share\prims\jni.cpp, line 520]
Event: 0.598 Thread 0x000001ddbf427a20 Exception <a 'java/lang/NoSuchMethodError'{0x000000008c1dfe78}: 'java.lang.Object java.lang.invoke.DirectMethodHandle$Holder.newInvokeSpecial(java.lang.Object, long)'> (0x000000008c1dfe78) 
thrown [s\src\hotspot\share\interpreter\linkResolver.cpp, line 773]
Event: 0.799 Thread 0x000001ddbf427a20 Exception <a 'java/lang/NoSuchMethodError'{0x000000008bfbaa00}: 'void java.lang.invoke.DirectMethodHandle$Holder.invokeStatic(java.lang.Object, long)'> (0x000000008bfbaa00) 
thrown [s\src\hotspot\share\interpreter\linkResolver.cpp, line 773]
Event: 0.823 Thread 0x000001ddbf427a20 Exception <a 'java/lang/NoSuchMethodError'{0x000000008bfd8f20}: 'void java.lang.System.load(java.lang.String, java.lang.Class)'> (0x000000008bfd8f20) 
thrown [s\src\hotspot\share\interpreter\linkResolver.cpp, line 773]
Event: 0.823 Thread 0x000001ddbf427a20 Exception <a 'java/lang/NoSuchMethodError'{0x000000008bfdb950}: 'void java.lang.System.loadLibrary(java.lang.String, java.lang.Class)'> (0x000000008bfdb950) 
thrown [s\src\hotspot\share\interpreter\linkResolver.cpp, line 773]
Event: 0.826 Thread 0x000001ddbf427a20 Exception <a 'sun/nio/fs/WindowsException'{0x000000008bfec050}> (0x000000008bfec050) 
thrown [s\src\hotspot\share\prims\jni.cpp, line 520]
Event: 0.826 Thread 0x000001ddbf427a20 Exception <a 'sun/nio/fs/WindowsException'{0x000000008bfec410}> (0x000000008bfec410) 
thrown [s\src\hotspot\share\prims\jni.cpp, line 520]
Event: 0.829 Thread 0x000001ddbf427a20 Exception <a 'sun/nio/fs/WindowsException'{0x000000008bff6b38}> (0x000000008bff6b38) 
thrown [s\src\hotspot\share\prims\jni.cpp, line 520]
Event: 0.829 Thread 0x000001ddbf427a20 Exception <a 'sun/nio/fs/WindowsException'{0x000000008bff6e38}> (0x000000008bff6e38) 
thrown [s\src\hotspot\share\prims\jni.cpp, line 520]
Event: 13.325 Thread 0x000001ddbf427a20 Implicit null exception at 0x000001ddcf697cf2 to 0x000001ddcf697d7c
Event: 13.325 Thread 0x000001ddbf427a20 Implicit null exception at 0x000001ddcf6980f1 to 0x000001ddcf698174

ZGC Phase Switch (0 events):
No events

VM Operations (20 events):
Event: 0.169 Executing VM operation: HandshakeAllThreads (Deoptimize)
Event: 0.169 Executing VM operation: HandshakeAllThreads (Deoptimize) done
Event: 1.176 Executing VM operation: Cleanup
Event: 1.177 Executing VM operation: Cleanup done
Event: 2.183 Executing VM operation: Cleanup
Event: 2.183 Executing VM operation: Cleanup done
Event: 4.183 Executing VM operation: Cleanup
Event: 4.183 Executing VM operation: Cleanup done
Event: 5.184 Executing VM operation: Cleanup
Event: 5.184 Executing VM operation: Cleanup done
Event: 6.185 Executing VM operation: Cleanup
Event: 6.185 Executing VM operation: Cleanup done
Event: 7.185 Executing VM operation: Cleanup
Event: 7.185 Executing VM operation: Cleanup done
Event: 12.189 Executing VM operation: Cleanup
Event: 12.189 Executing VM operation: Cleanup done
Event: 13.327 Executing VM operation: G1CollectForAllocation (G1 Evacuation Pause)
Event: 13.338 Executing VM operation: G1CollectForAllocation (G1 Evacuation Pause) done
Event: 14.339 Executing VM operation: Cleanup
Event: 14.340 Executing VM operation: Cleanup done

Memory protections (0 events):
No events

Nmethod flushes (0 events):
No events

Events (20 events):
Event: 0.049 Thread 0x000001ddbf427a20 Thread added: 0x000001ddbf427a20
Event: 0.071 Thread 0x000001ddbf427a20 Thread added: 0x000001dddc387070
Event: 0.071 Thread 0x000001ddbf427a20 Thread added: 0x000001dddc3876d0
Event: 0.071 Thread 0x000001ddbf427a20 Thread added: 0x000001dddc3936a0
Event: 0.071 Thread 0x000001ddbf427a20 Thread added: 0x000001dddc3950a0
Event: 0.071 Thread 0x000001ddbf427a20 Thread added: 0x000001dddc39b720
Event: 0.072 Thread 0x000001ddbf427a20 Thread added: 0x000001dddc3a4d00
Event: 0.072 Thread 0x000001ddbf427a20 Thread added: 0x000001dddc3af2a0
Event: 0.072 Thread 0x000001ddbf427a20 Thread added: 0x000001dddc3b3950
Event: 0.135 Thread 0x000001ddbf427a20 Thread added: 0x000001dddc4e98c0
Event: 0.138 Thread 0x000001ddbf427a20 Thread added: 0x000001dddc4fccf0
Event: 0.176 Thread 0x000001dddc3b3950 Thread added: 0x000001dddc58c000
Event: 0.609 Thread 0x000001ddbf427a20 Thread added: 0x000001dddcfce650
Event: 0.757 Thread 0x000001dddc58c000 Thread exited: 0x000001dddc58c000
Event: 1.505 Thread 0x000001dddc3b3950 Thread added: 0x000001de23d773e0
Event: 1.560 Thread 0x000001ddbf427a20 Thread added: 0x000001de23e29ff0
Event: 1.625 Thread 0x000001de23d773e0 Thread exited: 0x000001de23d773e0
Event: 2.117 Thread 0x000001dddc3af2a0 Thread added: 0x000001de23e516b0
Event: 2.221 Thread 0x000001de23e516b0 Thread exited: 0x000001de23e516b0
Event: 48.593 Thread 0x000001dddc3b3950 Thread added: 0x000001de2c6a8d40


Dynamic libraries:
0x00007ff68d5b0000 - 0x00007ff68d5be000 	C:\Users\Cayo Leal\.gradle\jdks\eclipse_adoptium-21-amd64-windows.2\bin\java.exe
0x00007ffcc8d80000 - 0x00007ffcc8fe6000 	C:\WINDOWS\SYSTEM32\ntdll.dll
0x00007ffcc75b0000 - 0x00007ffcc7679000 	C:\WINDOWS\System32\KERNEL32.DLL
0x00007ffcc64e0000 - 0x00007ffcc68da000 	C:\WINDOWS\System32\KERNELBASE.dll
0x00007ffcc6200000 - 0x00007ffcc634c000 	C:\WINDOWS\System32\ucrtbase.dll
0x00007ffc7a750000 - 0x00007ffc7a768000 	C:\Users\Cayo Leal\.gradle\jdks\eclipse_adoptium-21-amd64-windows.2\bin\jli.dll
0x00007ffcc02f0000 - 0x00007ffcc030e000 	C:\Users\Cayo Leal\.gradle\jdks\eclipse_adoptium-21-amd64-windows.2\bin\VCRUNTIME140.dll
0x00007ffcc7710000 - 0x00007ffcc78d7000 	C:\WINDOWS\System32\USER32.dll
0x00007ffcc64b0000 - 0x00007ffcc64d7000 	C:\WINDOWS\System32\win32u.dll
0x00007ffca7750000 - 0x00007ffca79e2000 	C:\WINDOWS\WinSxS\amd64_microsoft.windows.common-controls_6595b64144ccf1df_6.0.26100.8521_none_3e08b75ce33403b3\COMCTL32.dll
0x00007ffcc79a0000 - 0x00007ffcc79cb000 	C:\WINDOWS\System32\GDI32.dll
0x00007ffcc8520000 - 0x00007ffcc85c9000 	C:\WINDOWS\System32\msvcrt.dll
0x00007ffcc60d0000 - 0x00007ffcc61fb000 	C:\WINDOWS\System32\gdi32full.dll
0x00007ffcc6350000 - 0x00007ffcc63f3000 	C:\WINDOWS\System32\msvcp_win.dll
0x00007ffcc79d0000 - 0x00007ffcc7a02000 	C:\WINDOWS\System32\IMM32.DLL
0x00007ffca8760000 - 0x00007ffca876c000 	C:\Users\Cayo Leal\.gradle\jdks\eclipse_adoptium-21-amd64-windows.2\bin\vcruntime140_1.dll
0x00007ffc53b60000 - 0x00007ffc53bed000 	C:\Users\Cayo Leal\.gradle\jdks\eclipse_adoptium-21-amd64-windows.2\bin\msvcp140.dll
0x00007ffc1e3e0000 - 0x00007ffc1f180000 	C:\Users\Cayo Leal\.gradle\jdks\eclipse_adoptium-21-amd64-windows.2\bin\server\jvm.dll
0x00007ffcc7a10000 - 0x00007ffcc7ac6000 	C:\WINDOWS\System32\ADVAPI32.dll
0x00007ffcc8460000 - 0x00007ffcc850a000 	C:\WINDOWS\System32\sechost.dll
0x00007ffcc72a0000 - 0x00007ffcc73b8000 	C:\WINDOWS\System32\RPCRT4.dll
0x00007ffcc7ad0000 - 0x00007ffcc7b50000 	C:\WINDOWS\System32\WS2_32.dll
0x00007ffcb6170000 - 0x00007ffcb617b000 	C:\WINDOWS\SYSTEM32\VERSION.dll
0x00007ffcc0600000 - 0x00007ffcc0636000 	C:\WINDOWS\SYSTEM32\WINMM.dll
0x00007ffcc5e70000 - 0x00007ffcc5ece000 	C:\WINDOWS\SYSTEM32\POWRPROF.dll
0x00007ffcc5e50000 - 0x00007ffcc5e64000 	C:\WINDOWS\SYSTEM32\UMPDC.dll
0x00007ffcc4da0000 - 0x00007ffcc4dbb000 	C:\WINDOWS\SYSTEM32\kernel.appcore.dll
0x00007ffca83a0000 - 0x00007ffca83aa000 	C:\Users\Cayo Leal\.gradle\jdks\eclipse_adoptium-21-amd64-windows.2\bin\jimage.dll
0x00007ffcc33e0000 - 0x00007ffcc3622000 	C:\WINDOWS\SYSTEM32\DBGHELP.DLL
0x00007ffcc6af0000 - 0x00007ffcc6e73000 	C:\WINDOWS\System32\combase.dll
0x00007ffcc6ec0000 - 0x00007ffcc6f99000 	C:\WINDOWS\System32\OLEAUT32.dll
0x00007ffc8ea70000 - 0x00007ffc8eaab000 	C:\WINDOWS\SYSTEM32\dbgcore.DLL
0x00007ffcc6400000 - 0x00007ffcc64a8000 	C:\WINDOWS\System32\bcryptPrimitives.dll
0x00007ffc6ecd0000 - 0x00007ffc6ecf0000 	C:\Users\Cayo Leal\.gradle\jdks\eclipse_adoptium-21-amd64-windows.2\bin\java.dll
0x00007ffcc7bd0000 - 0x00007ffcc8354000 	C:\WINDOWS\System32\SHELL32.dll
0x00007ffcc3ba0000 - 0x00007ffcc4420000 	C:\WINDOWS\SYSTEM32\windows.storage.dll
0x00007ffcc87b0000 - 0x00007ffcc88a6000 	C:\WINDOWS\System32\SHCORE.dll
0x00007ffcc7b60000 - 0x00007ffcc7bc7000 	C:\WINDOWS\System32\shlwapi.dll
0x00007ffcc5f30000 - 0x00007ffcc5f59000 	C:\WINDOWS\SYSTEM32\profapi.dll
0x00007ffc53a80000 - 0x00007ffc53b57000 	C:\Users\Cayo Leal\.gradle\jdks\eclipse_adoptium-21-amd64-windows.2\bin\jsvml.dll
0x00007ffca3630000 - 0x00007ffca3640000 	C:\Users\Cayo Leal\.gradle\jdks\eclipse_adoptium-21-amd64-windows.2\bin\net.dll
0x00007ffcb6ec0000 - 0x00007ffcb6fe9000 	C:\WINDOWS\SYSTEM32\WINHTTP.dll
0x00007ffcc5310000 - 0x00007ffcc537c000 	C:\WINDOWS\system32\mswsock.dll
0x00007ffc5e990000 - 0x00007ffc5e9a6000 	C:\Users\Cayo Leal\.gradle\jdks\eclipse_adoptium-21-amd64-windows.2\bin\nio.dll
0x00007ffc6be40000 - 0x00007ffc6be58000 	C:\Users\Cayo Leal\.gradle\jdks\eclipse_adoptium-21-amd64-windows.2\bin\zip.dll
0x000000006e700000 - 0x000000006e72d000 	C:\ProgramData\libGDX-temp\libgdxUser_-362938352_GDX1_12_1\2a9d7f76\gdx64.dll
0x00007ffc8d290000 - 0x00007ffc8d30b000 	C:\Users\Cayo Leal\AppData\Local\Temp\lwjgl_Cayo Leal\3.3.3+5\x64\lwjgl.dll
0x00007ffc24d80000 - 0x00007ffc24ff0000 	C:\Users\CAYOLE~1\AppData\Local\Temp\lwjgl_Cayo Leal\3.3.3+5\x64\jemalloc.dll
0x00007ffc8c9d0000 - 0x00007ffc8ca52000 	C:\Users\CAYOLE~1\AppData\Local\Temp\lwjgl_Cayo Leal\3.3.3+5\x64\glfw.dll
0x00007ffc59dc0000 - 0x00007ffc59e0b000 	C:\WINDOWS\SYSTEM32\dinput8.dll
0x00007ffc85340000 - 0x00007ffc8535c000 	C:\WINDOWS\SYSTEM32\xinput1_4.dll
0x00007ffcc5b50000 - 0x00007ffcc5ba1000 	C:\WINDOWS\SYSTEM32\cfgmgr32.dll
0x00007ffcc5bb0000 - 0x00007ffcc5bdd000 	C:\WINDOWS\SYSTEM32\DEVOBJ.dll
0x00007ffcc2fd0000 - 0x00007ffcc2fff000 	C:\WINDOWS\SYSTEM32\dwmapi.dll
0x00007ffcc2d40000 - 0x00007ffcc2dea000 	C:\WINDOWS\system32\uxtheme.dll
0x00007ffcae460000 - 0x00007ffcae645000 	C:\WINDOWS\SYSTEM32\inputhost.dll
0x00007ffcc2400000 - 0x00007ffcc2525000 	C:\WINDOWS\SYSTEM32\CoreMessaging.dll
0x00007ffcc6fa0000 - 0x00007ffcc70fd000 	C:\WINDOWS\System32\MSCTF.dll
0x00007ffcc5610000 - 0x00007ffcc561c000 	C:\WINDOWS\SYSTEM32\CRYPTBASE.DLL
0x00007ffc74fc0000 - 0x00007ffc75187000 	C:\Users\CAYOLE~1\AppData\Local\Temp\lwjgl_Cayo Leal\3.3.3+5\x64\OpenAL.dll
0x00007ffcc7100000 - 0x00007ffcc7298000 	C:\WINDOWS\System32\ole32.dll
0x00007ffcc78e0000 - 0x00007ffcc798e000 	C:\WINDOWS\System32\clbcatq.dll
0x00007ffcb5c70000 - 0x00007ffcb5d13000 	C:\WINDOWS\System32\MMDevApi.dll
0x00007ffcb34a0000 - 0x00007ffcb3654000 	C:\WINDOWS\SYSTEM32\AUDIOSES.DLL
0x00007ffcc3630000 - 0x00007ffcc3644000 	C:\WINDOWS\SYSTEM32\resourcepolicyclient.dll
0x00007ffc4f720000 - 0x00007ffc4f82c000 	C:\WINDOWS\SYSTEM32\opengl32.dll
0x00007ffc9f970000 - 0x00007ffc9f99d000 	C:\WINDOWS\SYSTEM32\GLU32.dll
0x00007ffcc2e20000 - 0x00007ffcc2e64000 	C:\WINDOWS\SYSTEM32\dxcore.dll
0x00007ffcc0200000 - 0x00007ffcc025f000 	C:\WINDOWS\SYSTEM32\directxdatabasehelper.dll
0x00007ffc9f9a0000 - 0x00007ffc9f9bd000 	C:\WINDOWS\SYSTEM32\windows.staterepositorycore.dll
0x00007ffbcd690000 - 0x00007ffbceafc000 	C:\WINDOWS\System32\DriverStore\FileRepository\iigd_dch.inf_amd64_edb55cc929a37466\igxelpicd64.dll
0x00007ffcc2e70000 - 0x00007ffcc2faa000 	C:\WINDOWS\SYSTEM32\dxgi.dll
0x00007ffc8dd00000 - 0x00007ffc8dd25000 	C:\WINDOWS\SYSTEM32\d3d12.dll
0x00007ffc5ed20000 - 0x00007ffc5eec1000 	C:\WINDOWS\System32\DriverStore\FileRepository\iigd_dch.inf_amd64_edb55cc929a37466\igdml64.dll
0x00007ffcbc8b0000 - 0x00007ffcbce5b000 	C:\WINDOWS\System32\DriverStore\FileRepository\iigd_dch.inf_amd64_edb55cc929a37466\igdgmm64.dll
0x00007ffcb7360000 - 0x00007ffcbc614000 	C:\WINDOWS\System32\DriverStore\FileRepository\iigd_dch.inf_amd64_edb55cc929a37466\igc64.dll
0x00007ffcb7150000 - 0x00007ffcb720f000 	C:\WINDOWS\SYSTEM32\mscms.dll
0x00007ffcb0020000 - 0x00007ffcb0069000 	C:\WINDOWS\SYSTEM32\icm32.dll
0x00007ffcaea60000 - 0x00007ffcaeabe000 	C:\Users\Cayo Leal\AppData\Local\Temp\lwjgl_Cayo Leal\3.3.3+5\x64\lwjgl_opengl.dll
0x00007ffca88a0000 - 0x00007ffca89e8000 	C:\WINDOWS\SYSTEM32\textinputframework.dll
0x00007ffcbf5b0000 - 0x00007ffcbf894000 	C:\WINDOWS\SYSTEM32\CoreUIComponents.dll
0x00007ffcbece0000 - 0x00007ffcbee4a000 	C:\WINDOWS\SYSTEM32\wintypes.dll

JVMTI agents: none

dbghelp: loaded successfully - version: 4.0.5 - missing functions: none
symbol engine: initialized successfully - sym options: 0x614 - pdb path: .;C:\Users\Cayo Leal\.gradle\jdks\eclipse_adoptium-21-amd64-windows.2\bin;C:\WINDOWS\SYSTEM32;C:\WINDOWS\WinSxS\amd64_microsoft.windows.common-controls_6595b64144ccf1df_6.0.26100.8521_none_3e08b75ce33403b3;C:\Users\Cayo Leal\.gradle\jdks\eclipse_adoptium-21-amd64-windows.2\bin\server;C:\ProgramData\libGDX-temp\libgdxUser_-362938352_GDX1_12_1\2a9d7f76;C:\Users\Cayo Leal\AppData\Local\Temp\lwjgl_Cayo Leal\3.3.3+5\x64;C:\Users\CAYOLE~1\AppData\Local\Temp\lwjgl_Cayo Leal\3.3.3+5\x64;C:\WINDOWS\System32\DriverStore\FileRepository\iigd_dch.inf_amd64_edb55cc929a37466

VM Arguments:
jvm_args: -Dfile.encoding=UTF-8 -Duser.country=BR -Duser.language=pt -Duser.variant 
java_command: io.github.relichunter.lwjgl3.Lwjgl3Launcher
java_class_path (initial): C:\Users\Cayo Leal\IdeaProjects\PRJ.POO-Relic-Hunter\lwjgl3\build\classes\java\main;C:\Users\Cayo Leal\IdeaProjects\PRJ.POO-Relic-Hunter\lwjgl3\build\resources\main;C:\Users\Cayo Leal\.gradle\caches\modules-2\files-2.1\com.badlogicgames.gdx\gdx-backend-lwjgl3\1.12.1\12a144cacb34f0392cd8354f798d99e4836a51a8\gdx-backend-lwjgl3-1.12.1.jar;C:\Users\Cayo Leal\.gradle\caches\modules-2\files-2.1\com.badlogicgames.gdx\gdx-box2d-platform\1.12.1\4e82228fcdd2e8a7673fe7952588acfdb33d7820\gdx-box2d-platform-1.12.1-natives-desktop.jar;C:\Users\Cayo Leal\.gradle\caches\modules-2\files-2.1\com.badlogicgames.gdx\gdx-platform\1.12.1\5737be5ce3a4e8f9f77c2d9ab95ab479f9c3705f\gdx-platform-1.12.1-natives-desktop.jar;C:\Users\Cayo Leal\IdeaProjects\PRJ.POO-Relic-Hunter\core\build\libs\core-1.0.jar;C:\Users\Cayo Leal\.gradle\caches\modules-2\files-2.1\org.lwjgl\lwjgl-glfw\3.3.3\efa1eb78c5ccd840e9f329717109b5e892d72f8e\lwjgl-glfw-3.3.3.jar;C:\Users\Cayo Leal\.gradle\caches\modules-2\files-2.1\org.lwjgl\lwjgl-glfw\3.3.3\a03684c5e4b1b1dbbe0d29dbbdc27b985b6840f2\lwjgl-glfw-3.3.3-natives-linux.jar;C:\Users\Cayo Leal\.gradle\caches\modules-2\files-2.1\org.lwjgl\lwjgl-glfw\3.3.3\d9af485c32545b37dd5359b163161d42d7534dcf\lwjgl-glfw-3.3.3-natives-linux-arm32.jar;C:\Users\Cayo Leal\.gradle\caches\modules-2\files-2.1\org.lwjgl\lwjgl-glfw\3.3.3\492a0f11f85b85899a6568f07511160c1b87cd38\lwjgl-glfw-3.3.3-natives-linux-arm64.jar;C:\Users\Cayo Leal\.gradle\caches\modules-2\files-2.1\org.lwjgl\lwjgl-glfw\3.3.3\a1bf400f6bc64e6195596cb1430dafda46090751\lwjgl-glfw-3.3.3-natives-macos.jar;C:\Users\Cayo Leal\.gradle\caches\modules-2\files-2.1\org.lwjgl\lwjgl-glfw\3.3.3\ee8cc78d0a4a5b3b4600fade6d927c9fc320c858\lwjgl-glfw-3.3.3-natives-macos-arm64.jar;C:\Users\Cayo Leal\.gradle\caches\modules-2\files-2.1\org.lwjgl\lwjgl-glfw\3.3.3\e449e28b4891fc423c54c85fbc5bb0b9efece67a\lwjgl-glfw-3.3.3-natives-windows.jar;C:\Users\Cayo Leal\.gradle\caches\modules-2\files-2.1\org.lwjgl\lwjgl-glfw\3.3.3\32334f3fd5270a59bad9939a93115acb6de36dcf\lwjgl-glfw-3.3.3-natives-windows-x86.jar;C:\Users\Cayo Leal\.gradle\caches\modules-2\files-2.1\org.lwjgl\lwjgl-jemalloc\3.3.3\b543467b7ff3c6920539a88ee602d34098628be5\lwjgl-jemalloc-3.3.3.jar;C:\Users\Cayo Leal\.gradle\caches\modules-2\files-2.1\org.lwjgl\lwjgl-jemalloc\3.3.3\4f86728bf449b1dd61251c4e0ac01df1389cb51e\lwjgl-jemalloc-3.3.3-natives-linux.jar;C:\Users\Cayo Leal\.gradle\caches\modules-2\files-2.1\org.lwjgl\lwjgl-jemalloc\3.3.3\109b6931880d02d4e65ced38928a16e41d19873e\lwjgl-jemalloc-3.3.3-natives-linux-arm32.jar;C:\Users\Cayo Leal\.gradle\caches\modules-2\files-2.1\org.lwjgl\lwjgl-jemalloc\3.3.3\eff8b86798191192fe2cba2dc2776109f30c239d\lwjgl-jemalloc-3.3.3-natives-linux-arm64.jar;C:\Users\Cayo Leal\.gradle\caches\modules-2\files-2.1\org.lwjgl\lwjgl-jemalloc\3.3.3\2906637657a57579847238c9c72d2c4bde7083f8\lwjgl-jemalloc-3.3.3-natives-macos.jar;C:\Users\Cayo Leal\.gradle\caches\modules-2\files-2.1\org.lwjgl\lwjgl-jemalloc\3.3.3\e9412c3ff8cb3a3bad1d3f52909ad74d8a5bdad1\lwjgl-jemalloc-3.3.3-natives-macos-arm64.jar;C:\Users\Cayo Leal\.gradle\caches\modules-2\files-2.1\org.lwjgl\lwjgl-jemalloc\3.3.3\426222fc027602a5f21b9c0fe79cde6a4c7a011f\lwjgl-jemalloc-3.3.3-natives-windows.jar;C:\Users\Cayo Leal\.gradle\caches\modules-2\files-2.1\org.lwjgl\lwjgl-jemalloc\3.3.3\f6063b6e0f23be483c5c88d84ce51b39dc69126c\lwjgl-jemalloc-3.3.3-natives-windows-x86.jar;C:\Users\Cayo Leal\.gradle\caches\modules-2\files-2.1\org.lwjgl\lwjgl-openal\3.3.3\daada81ceb5fc0c291fbfdd4433cb8d9423577f2\lwjgl-openal-3.3.3.jar;C:\Users\Cayo Leal\.gradle\caches\modules-2\files-2.1\org.lwjgl\lwjgl-openal\3.3.3\3037360cc4595079bea240af250b6d1a527e0905\lwjgl-openal-3.3.3-natives-linux.jar;C:\Users\Cayo Leal\.gradle\caches\modules-2\files-2.1\org.lwjgl\lwjgl-openal\3.3.3\e1702aa09d20359d6cf5cb2999fa7685a785eca7\lwjgl-openal-3.3.3-natives-linux-arm32.jar;C:\Users\Cayo Leal\.gradle\caches\modules-2\files-2.1\org.lwjgl\lwjgl-openal\3.3.3\ad8f302118a65bb8d615f8a2a680db58fb8f835e\lwjgl-openal-3.3.3-natives-linux-arm64.jar;C:\Users\Cayo Leal\.gradle\caches\modules-2\files-2.1\org.lwjgl\lwjgl-openal\3.3.3\8df8338bfa77f2ebabef4e58964bd04d24805cbf\lwjgl-openal-3.3.3-natives-macos.jar;C:\Users\Cayo Leal\.gradle\caches\modules-2\files-2.1\org.lwjgl\lwjgl-openal\3.3.3\c78b078de2fb52f45aa55d04db889a560f3544f\lwjgl-openal-3.3.3-natives-macos-arm64.jar;C:\Users\Cayo Leal\.gradle\caches\modules-2\files-2.1\org.lwjgl\lwjgl-openal\3.3.3\cf83862ae95d98496b26915024c7e666d8ab1c8f\lwjgl-openal-3.3.3-natives-windows.jar;C:\Users\Cayo Leal\.gradle\caches\modules-2\files-2.1\org.lwjgl\lwjgl-openal\3.3.3\87b8d5050e3adb46bb58fe1cb2669a4a48fce10d\lwjgl-openal-3.3.3-natives-windows-x86.jar;C:\Users\Cayo Leal\.gradle\caches\modules-2\files-2.1\org.lwjgl\lwjgl-opengl\3.3.3\2f6b0147078396a58979125a4c947664e98293a\lwjgl-opengl-3.3.3.jar;C:\Users\Cayo Leal\.gradle\caches\modules-2\files-2.1\org.lwjgl\lwjgl-opengl\3.3.3\62c70a4b00ca5391882b0f4b787c1588d24f1c86\lwjgl-opengl-3.3.3-natives-linux.jar;C:\Users\Cayo Leal\.gradle\caches\modules-2\files-2.1\org.lwjgl\lwjgl-opengl\3.3.3\dbba17fc5ac0985d14a57c11f9537617d67b9952\lwjgl-opengl-3.3.3-natives-linux-arm32.jar;C:\Users\Cayo Leal\.gradle\caches\modules-2\files-2.1\org.lwjgl\lwjgl-opengl\3.3.3\2096f6b94b2d68745d858fbfe53aacf5f0c8074c\lwjgl-opengl-3.3.3-natives-linux-arm64.jar;C:\Users\Cayo Leal\.gradle\caches\modules-2\files-2.1\org.lwjgl\lwjgl-opengl\3.3.3\1bd45997551ae8a28469f3a2b678f4b7289e12c0\lwjgl-opengl-3.3.3-natives-macos.jar;C:\Users\Cayo Leal\.gradle\caches\modules-2\files-2.1\org.lwjgl\lwjgl-opengl\3.3.3\d213ddef27637b1af87961ffa94d6b27036becc8\lwjgl-opengl-3.3.3-natives-macos-arm64.jar;C:\Users\Cayo Leal\.gradle\caches\modules-2\files-2.1\org.lwjgl\lwjgl-opengl\3.3.3\e6c1eec8be8a71951b830a4d69efc01c6531900c\lwjgl-opengl-3.3.3-natives-windows.jar;C:\Users\Cayo Leal\.gradle\caches\modules-2\files-2.1\org.lwjgl\lwjgl-opengl\3.3.3\d32d833dcaa2f355a886eaf21f0408b5f03241d\lwjgl-opengl-3.3.3-natives-windows-x86.jar;C:\Users\Cayo Leal\.gradle\caches\modules-2\files-2.1\org.lwjgl\lwjgl-stb\3.3.3\25dd6161988d7e65f71d5065c99902402ee32746\lwjgl-stb-3.3.3.jar;C:\Users\Cayo Leal\.gradle\caches\modules-2\files-2.1\org.lwjgl\lwjgl-stb\3.3.3\fd1271ccd9d85eff2fa31f3fd543e02ccfaf5041\lwjgl-stb-3.3.3-natives-linux.jar;C:\Users\Cayo Leal\.gradle\caches\modules-2\files-2.1\org.lwjgl\lwjgl-stb\3.3.3\1ae28ff044699ff29b0e980ffabd73fba8a664b3\lwjgl-stb-3.3.3-natives-linux-arm32.jar;C:\Users\Cayo Leal\.gradle\caches\modules-2\files-2.1\org.lwjgl\lwjgl-stb\3.3.3\ddc177afc2be1ee8d93684b11363b80589a13fe1\lwjgl-stb-3.3.3-natives-linux-arm64.jar;C:\Users\Cayo Leal\.gradle\caches\modules-2\files-2.1\org.lwjgl\lwjgl-stb\3.3.3\472792c98fb2c1557c060cb9da5fca6a9773621f\lwjgl-stb-3.3.3-natives-macos.jar;C:\Users\Cayo Leal\.gradle\caches\modules-2\files-2.1\org.lwjgl\lwjgl-stb\3.3.3\51c6955571fbcdb7bb538c6aa589b953b584c6af\lwjgl-stb-3.3.3-natives-macos-arm64.jar;C:\Users\Cayo Leal\.gradle\caches\modules-2\files-2.1\org.lwjgl\lwjgl-stb\3.3.3\1d9facdf6541de114b0f963be33505b7679c78cb\lwjgl-stb-3.3.3-natives-windows.jar;C:\Users\Cayo Leal\.gradle\caches\modules-2\files-2.1\org.lwjgl\lwjgl-stb\3.3.3\b5c874687b9aac1a936501d4ed2c49567fd1b575\lwjgl-stb-3.3.3-natives-windows-x86.jar;C:\Users\Cayo Leal\.gradle\caches\modules-2\files-2.1\org.lwjgl\lwjgl\3.3.3\29589b5f87ed335a6c7e7ee6a5775f81f97ecb84\lwjgl-3.3.3.jar;C:\Users\Cayo Leal\.gradle\caches\modules-2\files-2.1\org.lwjgl\lwjgl\3.3.3\1713758e3660ba66e1e954396fd18126038b33c0\lwjgl-3.3.3-natives-linux.jar;C:\Users\Cayo Leal\.gradle\caches\modules-2\files-2.1\org.lwjgl\lwjgl\3.3.3\2075c51a80f0ef0f22ba616ba54007ac2b0debd4\lwjgl-3.3.3-natives-linux-arm32.jar;C:\Users\Cayo Leal\.gradle\caches\modules-2\files-2.1\org.lwjgl\lwjgl\3.3.3\f35d8b6ffe1ac1e3a5eb1d4e33de80f044ad5fd8\lwjgl-3.3.3-natives-linux-arm64.jar;C:\Users\Cayo Leal\.gradle\caches\modules-2\files-2.1\org.lwjgl\lwjgl\3.3.3\33a6efa288390490ce6eb6c3df47ac21ecf648cf\lwjgl-3.3.3-natives-macos.jar;C:\Users\Cayo Leal\.gradle\caches\modules-2\files-2.1\org.lwjgl\lwjgl\3.3.3\226246e75f6bd8d4e1895bdce8638ef87808d114\lwjgl-3.3.3-natives-macos-arm64.jar;C:\Users\Cayo Leal\.gradle\caches\modules-2\files-2.1\org.lwjgl\lwjgl\3.3.3\a5ed18a2b82fc91b81f40d717cb1f64c9dcb0540\lwjgl-3.3.3-natives-windows.jar;C:\Users\Cayo Leal\.gradle\caches\modules-2\files-2.1\org.lwjgl\lwjgl\3.3.3\9e670718e050aeaeea0c2d5b907cffb142f2e58f\lwjgl-3.3.3-natives-windows-x86.jar;C:\Users\Cayo Leal\.gradle\caches\modules-2\files-2.1\com.badlogicgames.gdx\gdx-box2d\1.12.1\6c37ed04f97d062f1bdc4afe1f583182e539a269\gdx-box2d-1.12.1.jar;C:\Users\Cayo Leal\.gradle\caches\modules-2\files-2.1\com.badlogicgames.gdx\gdx\1.12.1\a2d066c09329c457045c284c42d6f37122840aa\gdx-1.12.1.jar;C:\Users\Cayo Leal\.gradle\caches\modules-2\files-2.1\com.badlogicgames.jlayer\jlayer\1.0.1-gdx\7cca83cec5c1b2f011362f4d85aabd71a73b049d\jlayer-1.0.1-gdx.jar;C:\Users\Cayo Leal\.gradle\caches\modules-2\files-2.1\org.jcraft\jorbis\0.0.17\8872d22b293e8f5d7d56ff92be966e6dc28ebdc6\jorbis-0.0.17.jar;C:\Users\Cayo Leal\.gradle\caches\modules-2\files-2.1\com.badlogicgames.gdx\gdx-jnigen-loader\2.3.1\2d472f69243631fbcb3d4c3f93dd2e137a6cb084\gdx-jnigen-loader-2.3.1.jar
Launcher Type: SUN_STANDARD

[Global flags]
     intx CICompilerCount                          = 4                                         {product} {ergonomic}
     uint ConcGCThreads                            = 3                                         {product} {ergonomic}
     uint G1ConcRefinementThreads                  = 10                                        {product} {ergonomic}
   size_t G1HeapRegionSize                         = 1048576                                   {product} {ergonomic}
    uintx GCDrainStackTargetSize                   = 64                                        {product} {ergonomic}
   size_t InitialHeapSize                          = 130023424                                 {product} {ergonomic}
   size_t MarkStackSize                            = 4194304                                   {product} {ergonomic}
   size_t MaxHeapSize                              = 2065694720                                {product} {ergonomic}
   size_t MaxNewSize                               = 1239416832                                {product} {ergonomic}
   size_t MinHeapDeltaBytes                        = 1048576                                   {product} {ergonomic}
   size_t MinHeapSize                              = 8388608                                   {product} {ergonomic}
    uintx NonNMethodCodeHeapSize                   = 5839372                                {pd product} {ergonomic}
    uintx NonProfiledCodeHeapSize                  = 122909434                              {pd product} {ergonomic}
    uintx ProfiledCodeHeapSize                     = 122909434                              {pd product} {ergonomic}
    uintx ReservedCodeCacheSize                    = 251658240                              {pd product} {ergonomic}
     bool SegmentedCodeCache                       = true                                      {product} {ergonomic}
   size_t SoftMaxHeapSize                          = 2065694720                             {manageable} {ergonomic}
     bool UseCompressedOops                        = true                           {product lp64_product} {ergonomic}
     bool UseG1GC                                  = true                                      {product} {ergonomic}
     bool UseLargePagesIndividualAllocation        = false                                  {pd product} {ergonomic}

Logging:
Log output configuration:
 #0: stdout all=warning uptime,level,tags foldmultilines=false
 #1: stderr all=off uptime,level,tags foldmultilines=false

Release file:
IMPLEMENTOR="Eclipse Adoptium" 
IMPLEMENTOR_VERSION="Temurin-21.0.9+10" 
JAVA_RUNTIME_VERSION="21.0.9+10-LTS" 
JAVA_VERSION="21.0.9" 
JAVA_VERSION_DATE="2025-10-21" 
LIBC="default" 
MODULES="java.base java.compiler java.datatransfer java.xml java.prefs java.desktop java.instrument java.logging java.management java.security.sasl java.naming java.rmi java.management.rmi java.net.http java.scripting java.security.jgss java.transaction.xa java.sql java.sql.rowset java.xml.crypto java.se java.smartcardio jdk.accessibility jdk.internal.jvmstat jdk.attach jdk.charsets jdk.internal.opt jdk.zipfs jdk.compiler jdk.crypto.ec jdk.crypto.cryptoki jdk.crypto.mscapi jdk.dynalink jdk.internal.ed jdk.editpad jdk.hotspot.agent jdk.httpserver jdk.incubator.vector jdk.internal.le jdk.internal.vm.ci jdk.internal.vm.compiler jdk.internal.vm.compiler.management jdk.jartool jdk.javadoc jdk.jcmd jdk.management jdk.management.agent jdk.jconsole jdk.jdeps jdk.jdwp.agent jdk.jdi jdk.jfr jdk.jlink jdk.jpackage jdk.jshell jdk.jsobject jdk.jstatd jdk.localedata jdk.management.jfr jdk.naming.dns jdk.naming.rmi jdk.net jdk.nio.mapmode jdk.random jdk.sctp jdk.security.auth jdk.security.jgss jdk.unsupported jdk.unsupported.desktop jdk.xml.dom" 
OS_ARCH="x86_64" 
OS_NAME="Windows" 
SOURCE=".:git:759062135b07" 
BUILD_SOURCE="git:839fa0b45d809157cffd3dc8515aad262a4a1776"
BUILD_SOURCE_REPO="https://github.com/adoptium/temurin-build.git"
SOURCE_REPO="https://github.com/adoptium/jdk21u.git"
FULL_VERSION="21.0.9+10-LTS"
SEMANTIC_VERSION="21.0.9+10"
BUILD_INFO="OS: Windows Server 2022 Version: 10.0"
JVM_VARIANT="Hotspot"
JVM_VERSION="21.0.9+10-LTS"
IMAGE_TYPE="JDK"

Environment Variables:
PATH=C:\Program Files\Common Files\Oracle\Java\javapath;C:\WINDOWS\system32;C:\WINDOWS;C:\WINDOWS\System32\Wbem;C:\WINDOWS\System32\WindowsPowerShell\v1.0\;C:\WINDOWS\System32\OpenSSH\;C:\Program Files\Java\jdk-25.0.2\bin;C:\Program Files\dotnet\;C:\Program Files\Git\cmd;C:\Program Files\Cloudflare\Cloudflare WARP\;C:\Program Files\Common Files\Oracle\Java\javapath;C:\WINDOWS\system32;C:\WINDOWS;C:\WINDOWS\System32\Wbem;C:\WINDOWS\System32\WindowsPowerShell\v1.0\;C:\WINDOWS\System32\OpenSSH\;C:\Program Files\Java\jdk-25.0.2\bin;C:\Program Files\dotnet\;C:\Program Files\Git\cmd;C:\Program Files\Cloudflare\Cloudflare WARP\;C:\Users\Cayo Leal\AppData\Local\Programs\Python\Python313\Scripts\;C:\Users\Cayo Leal\AppData\Local\Programs\Python\Python313\;C:\Users\Cayo Leal\AppData\Local\Programs\Python\Python314\Scripts\;C:\Users\Cayo Leal\AppData\Local\Programs\Python\Python314\;C:\Users\Cayo Leal\AppData\Local\Microsoft\WindowsApps;C:\Users\Cayo Leal\AppData\Local\Programs\Microsoft VS Code\bin;C:\Users\Cayo Leal\AppData\Local\Python\bin;C:\Program Files\JetBrains\IntelliJ IDEA 2025.3.3\bin;C:\Users\Cayo Leal\AppData\Local\Programs\cursor\resources\app\bin;C:\Users\SEU_USUARIO\AppData\Local\Programs\Python\Python313;C:\Users\SEU_USUARIO\AppData\Local\Programs\Python\Python313\Scripts;;C:\Program Files (x86)\Steam\ext\bin
USERNAME=Cayo Leal
OS=Windows_NT
PROCESSOR_IDENTIFIER=Intel64 Family 6 Model 186 Stepping 3, GenuineIntel
TMP=C:\Users\CAYOLE~1\AppData\Local\Temp
TEMP=C:\Users\CAYOLE~1\AppData\Local\Temp




Periodic native trim disabled

---------------  S Y S T E M  ---------------

OS:
 Windows 11 , 64 bit Build 26100 (10.0.26100.8521)
OS uptime: 1 days 3:06 hours
Hyper-V role detected

CPU: total 12 (initial active 12) (6 cores per cpu, 2 threads per core) family 6 model 186 stepping 3 microcode 0x6134, cx8, cmov, fxsr, ht, mmx, 3dnowpref, sse, sse2, sse3, ssse3, sse4.1, sse4.2, popcnt, lzcnt, tsc, tscinvbit, avx, avx2, aes, erms, clmul, bmi1, bmi2, adx, sha, fma, vzeroupper, clflush, clflushopt, clwb, hv, serialize, rdtscp, rdpid, fsrm, f16c, cet_ibt, cet_ss
Processor Information for the first 12 processors :
  Max Mhz: 1300, Current Mhz: 1300, Mhz Limit: 1300

Memory: 4k page, system-wide physical 7876M (738M free)
TotalPageFile size 19652M (AvailPageFile size 2578M)
current process WorkingSet (physical memory assigned to process): 212M, peak: 217M
current process commit charge ("private bytes"): 332M, peak: 336M

vm_info: OpenJDK 64-Bit Server VM (21.0.9+10-LTS) for windows-amd64 JRE (21.0.9+10-LTS), built on 2025-10-21T00:00:00Z by "admin" with unknown MS VC++:1942

END.
